access_request	sandbox_exec	INSERT,SELECT
ai_config	sandbox_exec	INSERT,SELECT
ai_conversation	sandbox_exec	INSERT,SELECT
ai_message	sandbox_exec	INSERT,SELECT
anomaly_alert	sandbox_exec	INSERT,SELECT
api_audit_log	sandbox_exec	INSERT,SELECT
api_key_project_scopes	sandbox_exec	INSERT,SELECT
api_keys	sandbox_exec	INSERT,SELECT
app_cai_dat	sandbox_exec	INSERT,SELECT
audit_log	sandbox_exec	INSERT,SELECT
auth_event_log	sandbox_exec	INSERT,SELECT
backup_lich_su	sandbox_exec	INSERT,SELECT
ban_giao	sandbox_exec	INSERT,SELECT
bang_cot_tuy_chinh	sandbox_exec	INSERT,SELECT
bao_cao_annotation	sandbox_exec	INSERT,SELECT
bao_tri	sandbox_exec	INSERT,SELECT
bao_tri_chinh_sach	sandbox_exec	INSERT,SELECT
canh_bao_het_han_log	sandbox_exec	INSERT,SELECT
cay_node_edit	sandbox_exec	INSERT,SELECT
cay_thay_doi	sandbox_exec	INSERT,SELECT
change_request	sandbox_exec	INSERT,SELECT
chung_chi_thiet_bi	sandbox_exec	INSERT,SELECT
cong_viec_bao_tri	sandbox_exec	INSERT,SELECT
conversation_participant	sandbox_exec	INSERT,SELECT
conversations	sandbox_exec	INSERT,SELECT
dinh_nghia_truong	sandbox_exec	INSERT,SELECT
dm_dac_tinh	sandbox_exec	INSERT,SELECT
dm_danh_gia_nien_han	sandbox_exec	INSERT,SELECT
dm_don_vi	sandbox_exec	INSERT,SELECT
dm_he_thong	sandbox_exec	INSERT,SELECT
dm_loai_ban_quyen	sandbox_exec	INSERT,SELECT
dm_loai_giay_phep	sandbox_exec	INSERT,SELECT
dm_loai_lien_ket	sandbox_exec	INSERT,SELECT
dm_loai_thiet_bi	sandbox_exec	INSERT,SELECT
dm_model	sandbox_exec	INSERT,SELECT
dm_model_dac_tinh	sandbox_exec	INSERT,SELECT
dm_nha_cung_cap	sandbox_exec	INSERT,SELECT
dm_nha_san_xuat	sandbox_exec	INSERT,SELECT
dm_nhom_he_thong	sandbox_exec	INSERT,SELECT
dm_noi_cap	sandbox_exec	INSERT,SELECT
dm_phan_loai	sandbox_exec	INSERT,SELECT
dm_to_chuc	sandbox_exec	INSERT,SELECT
dm_trang_thai_thiet_bi	sandbox_exec	INSERT,SELECT
dm_vi_tri	sandbox_exec	INSERT,SELECT
dong_gop_diem	sandbox_exec	INSERT,SELECT
dossier_documents	sandbox_exec	DELETE,INSERT,REFERENCES,SELECT,TRIGGER,TRUNCATE,UPDATE
dot_bao_duong	sandbox_exec	INSERT,SELECT
dot_bao_duong_audit_log	sandbox_exec	INSERT,SELECT
dot_bao_duong_bien_ban	sandbox_exec	INSERT,SELECT
dot_bao_duong_han	sandbox_exec	INSERT,SELECT
dot_bao_duong_hang_muc	sandbox_exec	INSERT,SELECT
dot_bao_duong_su_co	sandbox_exec	INSERT,SELECT
dot_bao_duong_tep	sandbox_exec	INSERT,SELECT
du_an	sandbox_exec	DELETE,INSERT,REFERENCES,SELECT,TRIGGER,TRUNCATE,UPDATE
du_an_bao_cao	sandbox_exec	INSERT,SELECT
du_an_cong_van	sandbox_exec	INSERT,SELECT
du_an_cong_van_lien_ket	sandbox_exec	INSERT,SELECT
du_an_cong_van_tep	sandbox_exec	INSERT,SELECT
du_an_cong_viec	sandbox_exec	INSERT,SELECT
du_an_cong_viec_binh_luan	sandbox_exec	INSERT,SELECT
du_an_cong_viec_checklist	sandbox_exec	INSERT,SELECT
du_an_cong_viec_phoi_hop	sandbox_exec	INSERT,SELECT
du_an_cong_viec_tep	sandbox_exec	INSERT,SELECT
du_an_moc	sandbox_exec	INSERT,SELECT
du_an_su_kien	sandbox_exec	INSERT,SELECT
du_an_thanh_vien	sandbox_exec	INSERT,SELECT
feature_usage_log	sandbox_exec	INSERT,SELECT
field_set	sandbox_exec	INSERT,SELECT
field_set_item	sandbox_exec	INSERT,SELECT
form_check_item	sandbox_exec	INSERT,SELECT
form_field	sandbox_exec	INSERT,SELECT
form_section	sandbox_exec	INSERT,SELECT
form_sign_otp	sandbox_exec	INSERT,SELECT
form_submission	sandbox_exec	INSERT,SELECT
form_submission_item_result	sandbox_exec	INSERT,SELECT
form_submission_signature	sandbox_exec	INSERT,SELECT
form_submission_thiet_bi	sandbox_exec	INSERT,SELECT
form_template	sandbox_exec	INSERT,SELECT
form_template_he_thong	sandbox_exec	INSERT,SELECT
form_template_include	sandbox_exec	INSERT,SELECT
form_template_version	sandbox_exec	INSERT,SELECT
gan_chuc_nang	sandbox_exec	DELETE,INSERT,SELECT
gan_linh_kien	sandbox_exec	INSERT,SELECT
giay_phep	sandbox_exec	INSERT,SELECT
giay_phep_khai_thac	sandbox_exec	INSERT,SELECT
he_thong_thanh_phan	sandbox_exec	DELETE,INSERT,SELECT
he_thong_truong	sandbox_exec	INSERT,SELECT
hong_hoc	sandbox_exec	INSERT,SELECT
import_alias	sandbox_exec	INSERT,SELECT
import_batch	sandbox_exec	INSERT,SELECT
import_item	sandbox_exec	INSERT,SELECT
kho	sandbox_exec	INSERT,SELECT
kho_giao_dich	sandbox_exec	INSERT,SELECT
kiem_ke	sandbox_exec	INSERT,SELECT
lean_ux_canvases	sandbox_exec	DELETE,INSERT,REFERENCES,SELECT,TRIGGER,TRUNCATE,UPDATE
lien_ket_he_thong	sandbox_exec	INSERT,SELECT
lien_ket_khe	sandbox_exec	INSERT,SELECT
luu_tru_health_log	sandbox_exec	INSERT,SELECT
messages	sandbox_exec	INSERT,SELECT
model_tai_lieu	sandbox_exec	INSERT,SELECT
nhan_vien	sandbox_exec	INSERT,SELECT
nhat_ky_he_thong	sandbox_exec	INSERT,SELECT
nhiem_vu_nhap_lieu	sandbox_exec	INSERT,SELECT
node_note	sandbox_exec	INSERT,SELECT
notifications	sandbox_exec	INSERT,SELECT
ocr_artifact	sandbox_exec	INSERT,SELECT
ocr_runtime_profile_stats	sandbox_exec	INSERT,SELECT
phan_mem_ban_quyen	sandbox_exec	INSERT,SELECT
phan_mem_ban_quyen_cap_phat	sandbox_exec	INSERT,SELECT
phan_mem_ban_quyen_tep	sandbox_exec	INSERT,SELECT
pitch_scopes	sandbox_exec	DELETE,INSERT,REFERENCES,SELECT,TRIGGER,TRUNCATE,UPDATE
pitches	sandbox_exec	DELETE,INSERT,REFERENCES,SELECT,TRIGGER,TRUNCATE,UPDATE
pm_cong_viec	sandbox_exec	INSERT,SELECT
profiles	sandbox_exec	INSERT,SELECT
project_dossiers	sandbox_exec	DELETE,INSERT,REFERENCES,SELECT,TRIGGER,TRUNCATE,UPDATE
r2_access_log	sandbox_exec	INSERT,SELECT
r2_cau_hinh	sandbox_exec	INSERT,SELECT
r2_file	sandbox_exec	INSERT,SELECT
role_permission	sandbox_exec	INSERT,SELECT
search_index	sandbox_exec	INSERT,SELECT
so_do_he_thong	sandbox_exec	INSERT,SELECT
so_do_tep_dinh_kem	sandbox_exec	INSERT,SELECT
so_do_thu_vien_hinh	sandbox_exec	INSERT,SELECT
su_co	sandbox_exec	INSERT,SELECT
su_co_lich_su	sandbox_exec	INSERT,SELECT
supabase_ngoai	sandbox_exec	INSERT,SELECT
supabase_ngoai_job	sandbox_exec	INSERT,SELECT
supabase_ngoai_job_bang	sandbox_exec	INSERT,SELECT
system_signing_key	sandbox_exec	INSERT,SELECT
tai_lieu_ocr	sandbox_exec	INSERT,SELECT
tai_lieu_ocr_link	sandbox_exec	INSERT,SELECT
telegram_da_gui	sandbox_exec	INSERT,SELECT
telegram_subscriber	sandbox_exec	INSERT,SELECT
thiet_bi	sandbox_exec	INSERT,SELECT
thiet_bi_cap_phat	sandbox_exec	INSERT,SELECT
thiet_bi_do_dac	sandbox_exec	INSERT,SELECT
thiet_bi_he_thong_tuong_thich	sandbox_exec	INSERT,SELECT
thiet_bi_ket_noi	sandbox_exec	INSERT,SELECT
thiet_bi_khe_linh_kien	sandbox_exec	INSERT,SELECT
thiet_bi_tep_dinh_kem	sandbox_exec	INSERT,SELECT
thiet_bi_vong_doi	sandbox_exec	INSERT,SELECT
thong_bao	sandbox_exec	INSERT,SELECT
thong_bao_cau_hinh	sandbox_exec	INSERT,SELECT
thong_bao_email_queue	sandbox_exec	INSERT,SELECT
ticket_comment	sandbox_exec	INSERT,SELECT
tickets	sandbox_exec	INSERT,SELECT
user_layout_prefs	sandbox_exec	INSERT,SELECT
user_pinned	sandbox_exec	INSERT,SELECT
user_recent	sandbox_exec	INSERT,SELECT
user_roles	sandbox_exec	INSERT,SELECT
user_scope	sandbox_exec	INSERT,SELECT
v_canh_bao_nien_han	sandbox_exec	INSERT,SELECT
v_canh_dieu_huong	sandbox_exec	INSERT,SELECT
v_do_thi_he_thong	sandbox_exec	INSERT,SELECT
v_do_thi_toan_canh	sandbox_exec	INSERT,SELECT
v_giay_phep	sandbox_exec	INSERT,SELECT
v_he_thong_ky_thuat_summary	sandbox_exec	INSERT,SELECT
v_kpi_bao_tri	sandbox_exec	INSERT,SELECT
v_lien_ket_tu_khe	sandbox_exec	INSERT,SELECT
v_ly_lich_he_thong	sandbox_exec	INSERT,SELECT
v_ly_lich_khe_linh_kien	sandbox_exec	INSERT,SELECT
v_ly_lich_thanh_phan	sandbox_exec	INSERT,SELECT
v_ly_lich_thiet_bi	sandbox_exec	INSERT,SELECT
v_ly_lich_vi_tri_chuc_nang	sandbox_exec	INSERT,SELECT
v_menu_badges	sandbox_exec	INSERT,SELECT
v_metric_timeseries	sandbox_exec	INSERT,SELECT
v_nsx_stats	sandbox_exec	INSERT,SELECT
v_sap_het_han	sandbox_exec	INSERT,SELECT
v_tai_san_toan_cuc	sandbox_exec	INSERT,SELECT
v_thanh_phan_toan_cuc	sandbox_exec	INSERT,SELECT
v_thiet_bi_dac_tinh	sandbox_exec	INSERT,SELECT
v_thiet_bi_ket_noi	sandbox_exec	INSERT,SELECT
v_ton_kho	sandbox_exec	INSERT,SELECT
v_ton_kho_canh_bao	sandbox_exec	INSERT,SELECT
v_van_de	sandbox_exec	INSERT,SELECT
van_de	sandbox_exec	INSERT,SELECT
vat_tu	sandbox_exec	INSERT,SELECT
vi_tri_media	sandbox_exec	INSERT,SELECT
view_ton_kho_model	sandbox_exec	INSERT,SELECT
webauthn_credentials	sandbox_exec	INSERT,SELECT
weekly_report_import	sandbox_exec	INSERT,SELECT
