id,user_id,tieu_de,created_at,updated_at
aab15209-a48d-4361-9bd2-ef252ec451db,201c530d-d2f1-4683-a888-5e42b77a95c6,Hội thoại mới,2026-07-10 03:51:36.661659+00,2026-07-10 03:51:36.661659+00
22158526-3559-4d4a-9b5a-c14dc5538980,201c530d-d2f1-4683-a888-5e42b77a95c6,Hội thoại mới,2026-07-10 09:22:25.927374+00,2026-07-10 09:22:25.927374+00
8318c5f3-293a-4b1e-b4f2-feed79dd6aed,201c530d-d2f1-4683-a888-5e42b77a95c6,Hội thoại mới,2026-07-10 09:22:26.132549+00,2026-07-10 09:22:26.132549+00
eff0c346-227d-4fb1-a4c2-af6246124b15,201c530d-d2f1-4683-a888-5e42b77a95c6,Hội thoại mới,2026-07-10 23:51:45.089318+00,2026-07-10 23:51:45.089318+00
8a677d26-6130-4b65-beac-33196cd7fddb,201c530d-d2f1-4683-a888-5e42b77a95c6,Hội thoại mới,2026-07-10 23:51:45.132128+00,2026-07-10 23:51:45.132128+00
4fd52205-e80c-47d2-a57e-2335e1190a38,201c530d-d2f1-4683-a888-5e42b77a95c6,Hội thoại mới,2026-07-15 09:37:05.707948+00,2026-07-15 09:38:23.908919+00
70470271-97f7-4e9d-9f62-e92c79e7f5cd,7b178d3c-127b-4bdd-a77c-a3013cdf365b,Hội thoại mới,2026-07-16 10:33:59.987346+00,2026-07-16 10:33:59.987346+00
320561fb-d7f7-48b2-be24-bc9f2daa8f81,7b178d3c-127b-4bdd-a77c-a3013cdf365b,Hội thoại mới,2026-07-16 10:34:00.012599+00,2026-07-16 10:34:00.012599+00
44dee79d-bee5-450c-b9c5-078d7d9e2614,7b178d3c-127b-4bdd-a77c-a3013cdf365b,Hội thoại mới,2026-07-20 07:55:12.328789+00,2026-07-20 07:55:12.328789+00
