id,kind,ma,don_vi_ma,ten,du_lieu,created_by,created_at,updated_at
e4898ea8-c97b-4101-a8a3-9aef90b6afc0,tb,TB_BDKT_KTKT_007,BDKT-KTKT,Cảm biến đo độ cao chân mây,"{""ghi_chu"": ""Ra soat 2026-07-11, file nguon: BDKT_OPTIMET""}",201c530d-d2f1-4683-a888-5e42b77a95c6,2026-07-13 06:41:50.396464+00,2026-07-13 06:41:50.396464+00
087ad76b-c7ba-4593-bc11-35f9a4bf53b8,pl,f024c88e-8702-49c8-a302-15b93f6acb3c,,,{},201c530d-d2f1-4683-a888-5e42b77a95c6,2026-07-13 09:18:09.113508+00,2026-07-13 09:18:27.843626+00
c943ba50-6868-411f-a340-f990345e6aee,nh,VCCS,,,{},201c530d-d2f1-4683-a888-5e42b77a95c6,2026-07-13 09:19:56.19481+00,2026-07-13 09:19:56.19481+00
e43237fd-017f-4425-a35e-f2a2656f9704,ht,AWOS::4fbd5536-e530-4f9b-97d3-d194186c33de,,,{},201c530d-d2f1-4683-a888-5e42b77a95c6,2026-07-11 13:54:56.744644+00,2026-07-13 09:22:34.012496+00
7b85b82f-f055-470e-a49b-0253121c5d85,nh,VHF,,,{},201c530d-d2f1-4683-a888-5e42b77a95c6,2026-07-13 09:16:15.800173+00,2026-07-13 09:21:40.764762+00
f207eb75-91cf-4dfe-9fe1-594d7834a1a4,ht,AWOS::2236fe1c-6896-4157-a310-ae0e094233f6,,,{},201c530d-d2f1-4683-a888-5e42b77a95c6,2026-07-11 13:51:48.573273+00,2026-07-13 09:22:10.650795+00
4ed635f6-9eaa-49bf-998e-2b4eb221c018,tb,TB_5TCXP7HD,PBA,,{},201c530d-d2f1-4683-a888-5e42b77a95c6,2026-07-15 06:58:28.067708+00,2026-07-15 06:58:28.067708+00
cb69b9d9-2e28-4305-a3b5-1f393d706d57,ht,AWOS::a0625061-0c6d-4e0b-b438-d696787ad746,,,"{""thu_tu"": 0}",201c530d-d2f1-4683-a888-5e42b77a95c6,2026-07-11 13:55:15.736215+00,2026-07-11 13:55:27.165498+00
df804731-1d13-469f-a4f8-8daed084d478,ht,AWOS::a13f3116-f74d-4435-b248-5b458d9fead4,,,"{""thu_tu"": 1}",201c530d-d2f1-4683-a888-5e42b77a95c6,2026-07-11 13:55:15.736215+00,2026-07-11 13:55:27.165498+00
a22a6414-82de-4387-91c7-97da7d2a4854,ht,AWOS::5ae20f2b-30dc-409c-95db-68b98b79c94e,,,"{""thu_tu"": 3}",201c530d-d2f1-4683-a888-5e42b77a95c6,2026-07-11 13:55:15.736215+00,2026-07-11 13:55:27.165498+00
39dfc6d1-4a78-4a90-adaf-522b99722e82,ht,AWOS::ebc4a136-c5e7-4f7d-abfc-e3ddea655b8c,,,"{""thu_tu"": 5}",201c530d-d2f1-4683-a888-5e42b77a95c6,2026-07-11 13:55:15.736215+00,2026-07-11 13:55:27.165498+00
aa00024d-21cc-4cf3-a97e-df5516255b3a,ht,AWOS::7f40beb2-5d47-4f4a-b7df-35cd1cca56ae,,,"{""thu_tu"": 7}",201c530d-d2f1-4683-a888-5e42b77a95c6,2026-07-11 13:55:15.736215+00,2026-07-11 13:55:27.165498+00
78aedea4-4f10-4af6-8474-6fd4d3c26135,ht,ADS_B::9cb7bc54-b28c-4f62-a59f-9c3e023e92df,,,"{""thu_tu"": 0}",7b178d3c-127b-4bdd-a77c-a3013cdf365b,2026-07-23 02:57:06.322705+00,2026-07-23 07:13:04.474109+00
42d728e3-a658-442d-8501-24898f2900cd,ht,AMHS::727fa6bc-f62a-4414-bc9c-4c0c0c2b42ff,,,"{""thu_tu"": 1}",7b178d3c-127b-4bdd-a77c-a3013cdf365b,2026-07-23 02:57:06.322705+00,2026-07-23 07:13:04.474109+00
a5b2edb3-1023-479f-afe1-8c12da28b314,ht,AWOS::ce27df84-7054-4032-bfe7-efdb0bd119f4,,,"{""thu_tu"": 2}",7b178d3c-127b-4bdd-a77c-a3013cdf365b,2026-07-11 13:55:15.736215+00,2026-07-23 07:13:04.474109+00
1dcf2093-e56b-4d5b-b2ba-049347abd969,ht,GHI_AM::8b1b85e4-de60-436d-bb4a-052a4ca1d056,,,"{""thu_tu"": 3}",7b178d3c-127b-4bdd-a77c-a3013cdf365b,2026-07-23 02:57:06.322705+00,2026-07-23 07:13:04.474109+00
7d15ec2d-9b08-4e83-988b-681cf1e9a665,nh,ADS_B,,,{},7b178d3c-127b-4bdd-a77c-a3013cdf365b,2026-07-17 13:33:12.587367+00,2026-07-17 14:05:14.273235+00
674a1a10-d533-4f03-b6b7-253c857cba6f,ht,GHI_AM::b3a13c3a-8bb8-4f1f-9e90-b84f811a641f,,,"{""thu_tu"": 4}",7b178d3c-127b-4bdd-a77c-a3013cdf365b,2026-07-23 02:57:06.322705+00,2026-07-23 07:13:04.474109+00
060c8db7-b1e4-4920-a83a-d53ea1fc15ec,ht,VHF::42c99ea1-6512-4826-878d-beb1868c3108,,,"{""thu_tu"": 5}",7b178d3c-127b-4bdd-a77c-a3013cdf365b,2026-07-14 09:23:12.13136+00,2026-07-23 07:13:04.474109+00
74d54908-08a9-454e-9a0f-0b1b3febdaed,ht,VCCS::de1459f1-dcb1-4665-9ba9-5540417f6d01,,,"{""thu_tu"": 6}",7b178d3c-127b-4bdd-a77c-a3013cdf365b,2026-07-23 02:57:06.322705+00,2026-07-23 07:13:04.474109+00
bdc08eaa-2294-435d-9b46-359f5387432b,ht,VHF::45599b8c-56e9-4d30-9578-703ef8ecbe3f,,,"{""thu_tu"": 7}",7b178d3c-127b-4bdd-a77c-a3013cdf365b,2026-07-14 09:23:12.13136+00,2026-07-23 07:13:04.474109+00
de0ef8e4-5e70-4fa7-9833-48231dcca0d3,tb,TB_XGYFHKTT,PBA,,{},7b178d3c-127b-4bdd-a77c-a3013cdf365b,2026-07-20 08:14:06.567378+00,2026-07-20 08:15:07.634713+00
7c256358-92ec-49f9-8849-d0272c6cebbc,tb,TB_3KAS7Q92,PBA,,{},7b178d3c-127b-4bdd-a77c-a3013cdf365b,2026-07-20 08:15:15.898575+00,2026-07-20 08:15:15.898575+00
80053fed-996c-4d2b-bdd7-7b7640be9383,tb,TB_VY4R5TK0,PBA,,{},7b178d3c-127b-4bdd-a77c-a3013cdf365b,2026-07-20 08:15:23.200543+00,2026-07-20 08:15:23.200543+00
29dd5ef8-0157-431a-a5ae-86156c6fb38f,tb,TB_EK1WX2N0,PBA,,{},7b178d3c-127b-4bdd-a77c-a3013cdf365b,2026-07-15 03:53:36.277118+00,2026-07-20 08:15:30.369559+00
ea06f5f3-0a94-4dc5-b38f-c2b99b82b6a6,tb,TB_MVVSK3VP,PBA,,{},7b178d3c-127b-4bdd-a77c-a3013cdf365b,2026-07-20 08:14:42.667631+00,2026-07-20 08:15:38.055239+00
b2c22f31-4160-4fee-b384-a24eaefa1216,tb,TB_NCYHSAN5,PBA,,{},7b178d3c-127b-4bdd-a77c-a3013cdf365b,2026-07-20 08:15:48.570325+00,2026-07-20 08:15:48.570325+00
d99a9566-51b8-4802-904b-cc8cf0b65332,tb,TB_Y34NGPS2,PBA,,{},7b178d3c-127b-4bdd-a77c-a3013cdf365b,2026-07-20 08:15:54.968148+00,2026-07-20 08:15:54.968148+00
b187f97d-a83b-4d6c-bcda-0c493bc0ac7e,tb,TB_2G7QB1C5,PBA,,{},7b178d3c-127b-4bdd-a77c-a3013cdf365b,2026-07-20 08:16:02.278569+00,2026-07-20 08:16:02.278569+00
90febbb1-d967-429f-8d32-a0f62f8b9353,tb,TB_3639FPBG,PBA,,{},7b178d3c-127b-4bdd-a77c-a3013cdf365b,2026-07-20 08:16:08.10384+00,2026-07-20 08:16:08.10384+00
f8091dc8-8491-4a7a-865e-7c1c29224031,tb,TB_9ND5XFG7,PBA,,{},7b178d3c-127b-4bdd-a77c-a3013cdf365b,2026-07-20 08:16:21.989696+00,2026-07-20 08:16:21.989696+00
58a723ba-a490-4268-afaa-c95bcf13c816,ht,VHF::aaed0d44-f2d3-4e13-bc69-9198c8527c70,,,"{""thu_tu"": 8}",7b178d3c-127b-4bdd-a77c-a3013cdf365b,2026-07-14 09:23:12.13136+00,2026-07-23 07:13:04.474109+00
25cb4236-1bcb-482a-809d-7950b87bc6ba,ht,AWOS::9c312ced-118b-4ce3-8f00-45b7c41e6453,,,"{""thu_tu"": 9}",7b178d3c-127b-4bdd-a77c-a3013cdf365b,2026-07-23 02:57:06.322705+00,2026-07-23 07:13:04.474109+00
ced9db20-88d0-4fb1-be58-ee29164a4478,ht,ADS_B::1e44141b-e2de-49d2-930b-5886ba6a3b38,,,{},7b178d3c-127b-4bdd-a77c-a3013cdf365b,2026-07-23 03:00:39.497689+00,2026-07-23 23:30:07.748216+00
