id,ma,ten,mo_ta,thu_tu,active,created_at,updated_at,nhom_he_thong_id,don_vi_id,ten_he_thong_theo_gp,nam_sx_theo_gp,gp_so,gp_ngay_cap,gp_han,kieu_thiet_bi_gp,so_san_xuat_gp,noi_san_xuat_gp,muc_dich_gp,pham_vi_hoat_dong_gp,ma_dia_chi_kt_gp,dia_diem_dat_gp,thoi_gian_hoat_dong_gp,gp_cu_bai_bo,thanh_phan_theo_gp,ma_tai_san_bravo,phan_loai_id,tinh_nang_ky_thuat,giay_phep_khai_thac,pham_vi_quan_ly,to_chuc_so_huu,to_chuc_id,attrs,merged_into,deactivated_at
0b7e4c54-e070-4966-a436-6ec34964c371,HE_THONG_MSSR_SON_TRA_2,Hệ thống MSSR Sơn Trà 2,,0,t,2026-07-14 14:07:04.094199+00,2026-07-14 14:14:25.984547+00,eebf2c65-5e6c-4357-9c64-0ff31b4bfb74,b91944b0-f556-47dd-ae34-c9c8368a18fc,Hệ thống ra đa giám sát thứ cấp (MSSR),2015,5089/GP-CHK,2025-10-24,2027-11-30,Indra MSSR IRS-20MP/S 2NA,1440-0020,"Hãng Indra, Tây Ban Nha",Phục vụ điều hành bay FIR HCM/HAN và APP Đà Nẵng,Tầm phủ: 463 km,0000 0110 (SIC),Trạm Ra đa Thông Sơn Trà 2,24/24h,,MSSR Indra IRS-20MP/S 2NA,,f024c88e-8702-49c8-a302-15b93f6acb3c,,,noi_bo,,,{},,
80c99472-da15-4433-934b-20349ce0e252,HE_THONG_PSR_SON_TRA_1,Hệ thống PSR Sơn Trà 1,,0,t,2026-07-14 14:07:04.942479+00,2026-07-14 14:14:25.984547+00,eebf2c65-5e6c-4357-9c64-0ff31b4bfb74,b91944b0-f556-47dd-ae34-c9c8368a18fc,Hệ thống ra đa giám sát sơ cấp (PSR),1994,604/GP-CHK,2025-02-07,2027-03-30,TRAC2000,45050166,Pháp,Phục vụ điều hành bay FIR HCM/HAN và APP Đà Nẵng,Bán kính R = 150 km,0000 0010 (SIC),Trạm ra đa Thông Sơn Trà 1,24/24h,,PSR TRAC2000,,f024c88e-8702-49c8-a302-15b93f6acb3c,,,noi_bo,,,{},,
fc3e7503-3a66-4f08-8fec-157327b85499,HE_THONG_SSR_SON_TRA_1,Hệ thống SSR Sơn Trà 1,,0,t,2026-07-14 14:07:05.082646+00,2026-07-14 14:14:25.984547+00,eebf2c65-5e6c-4357-9c64-0ff31b4bfb74,b91944b0-f556-47dd-ae34-c9c8368a18fc,Hệ thống ra đa giám sát thứ cấp (SSR),1994,605/GP-CHK,2025-02-07,2027-03-30,RSM 970,Máy chính: 021/32; Máy dự phòng: 019/32,Pháp,Phục vụ điều hành bay FIR HCM/HAN và APP Đà Nẵng,Bán kính R = 460 km,0000 0010 (SIC),Trạm ra đa Thông Sơn Trà 1,24/24h,,SSR RSM 970,,f024c88e-8702-49c8-a302-15b93f6acb3c,,,noi_bo,,,{},,
4fbd5536-e530-4f9b-97d3-d194186c33de,HT_CLA_AWOS,HỆ THỐNG AWOS IMS Chu Lai,,45,t,2026-07-11 07:10:03.249436+00,2026-07-14 14:10:14.445872+00,d7faf284-1a3a-4e53-9433-8476900a66e7,141337b4-f2fa-4438-808f-0d10cfeedb85,Hệ thống quan trắc thời tiết tự động IMS,2015,608/GP-CHK,2026-01-30,2028-02-01,IMS,TX000843; 1M31X63,Slovakia,Quan trắc và báo cáo thời tiết sân bay phục vụ hoạt động bay,Khu vực Cảng hàng không Chu Lai,Không áp dụng,"Cảng hàng không Chu Lai, TP. Đà Nẵng",24/24h,2144,Các thành phần và tính năng kỹ thuật theo phụ lục kèm giấy phép.,,f024c88e-8702-49c8-a302-15b93f6acb3c,,,noi_bo,,22e9f4a5-2377-499b-a10d-9cc036258ad8,{},,
e2f73bec-33d4-43be-b628-2a40bdf01221,HE_THONG_VHF_118_2_MHZ_CRA,Hệ thống VHF 118.2 MHz CRA,,0,t,2026-07-14 14:06:57.132799+00,2026-07-14 14:10:14.445872+00,1ff8845b-1715-492a-8992-ae6b779f1022,f59bf0bd-520b-4245-80db-dc71b7187bf1,Máy thu phát VHF thoại không - địa,"2010, 2024",619/GP-CHK,2025-02-07,2027-02-12,Máy thu phát: XU4200; máy phát: TA-7650; máy thu: RA-7203,"Máy chính: 100107 (XU4200); máy dự phòng: 100231, 104268, 104270 (XU4200); 20939 (TA-7650), 21051 (RA-7203)","Đức, Na Uy",Điều hành bay (TWR Cam Ranh),Bán kính R = 15 km,Không,"APP/TWR Cam Ranh, Cảng HKQT Cam Ranh; tọa độ WGS-84: 12°00′13,98″B - 109°12′52,80″Đ",24/24h,2204/GP-CHK,"Liên lạc thoại không - địa; cấu hình chính - dự phòng; AM 118,2 MHz; công suất 50W; phân cực đứng; ăng ten cao 10 m.",,f024c88e-8702-49c8-a302-15b93f6acb3c,,,noi_bo,,,{},,
6cba7a87-8f90-4d07-8bea-2f196ccfa6b6,HE_THONG_VHF_127_9_MHZ_CRA,Hệ thống VHF 127.9 MHz CRA,,0,t,2026-07-14 14:06:57.276752+00,2026-07-14 14:10:14.445872+00,1ff8845b-1715-492a-8992-ae6b779f1022,f59bf0bd-520b-4245-80db-dc71b7187bf1,Máy thu phát VHF thoại không - địa,"2019, 2010",5415/GP-CHK,2025-11-07,2027-11-15,"Máy phát: Park Air T6T; máy thu: Park Air T6R; máy thu phát: Park Air T6TR, XU-4200",Máy chính: 274264 (T6T); 274157 (T6R); Máy dự phòng: 274265 (T6T); 173704 (T6R); 274268 (T6TR); 104268 (XU4200),"Anh, Đức",Điều hành bay (APP Cam Ranh),Tầm phủ 74 km,Không,"APP/TWR Cam Ranh, Cảng HKQT Cam Ranh; tọa độ WGS-84: 12°00′13,98″B - 109°12′52,80″Đ",24/24h,4547/GP-CHK,"Liên lạc thoại không - địa; cấu hình chính - dự phòng; AM 127,9 MHz; công suất tối đa 50W; phân cực đứng; ăng ten cao 8 m.",,f024c88e-8702-49c8-a302-15b93f6acb3c,,,noi_bo,,,{},,
38cbcd04-2410-4ada-93ab-35156e468f9e,HE_THONG_VHF_121_5_MHZ_THA,Hệ thống VHF 121.5 MHz THA,,0,t,2026-07-14 14:07:05.507222+00,2026-07-14 14:10:14.445872+00,1ff8845b-1715-492a-8992-ae6b779f1022,e43c5d4b-3c3c-4486-89da-73e9ac747ab4,Máy thu phát VHF thoại không - địa,"2015, 1997, 2023",3618/GP-CHK,2024-07-19,2026-07-25,"Máy thu/phát: T6T/T6R, TA-7650/RA-7203; máy thu phát ICOM IC-A200","Máy chính: 166197 (T6T), 166180 (T6R); máy dự phòng: 166194 (T6T), 166182 (T6R); 19715 (TA-7650), 19742 (RA-7203); 12786, 12335 (IC-A200)","Anh, Nhật Bản, Na Uy","Liên lạc trên tần số khẩn nguy 121,5 MHz (TWR Tuy Hòa)",Bán kính R = 60 km,Không,Đài KSKL Tuy Hòa - Cảng HK Tuy Hòa,24/24h,4260/GP-CHK,"AM 121,5 MHz",,f024c88e-8702-49c8-a302-15b93f6acb3c,,,noi_bo,,,{},,
0ce7ee20-8254-4462-a388-b0a989109c17,HE_THONG_VHF_124_35_MHZ_CRA,Hệ thống VHF 124.35 MHz CRA,,0,t,2026-07-14 14:06:57.418416+00,2026-07-14 14:10:14.445872+00,1ff8845b-1715-492a-8992-ae6b779f1022,f59bf0bd-520b-4245-80db-dc71b7187bf1,Máy thu phát VHF thoại không - địa,"2019, 2010, 2024",625/GP-CHK,2025-02-07,2027-02-12,"Máy phát: Park Air T6T, Jotron TA-7650; máy thu: Park Air T6R, Jotron RA-7203; máy thu phát: Park Air T6TR; R&S XU4200","Máy chính: 274266 (T6T); 274159 (T6R). Máy dự phòng: 274267 (T6T), 274156 (T6R), 20939 (TA-7650), 21051 (RA-7203), 274268 (T6TR); 104270, 104268 (XU4200)","Anh, Đức, Na Uy",Điều hành bay (APP/TWR Cam Ranh - Dự phòng),Bán kính R = 74 km,Không,"APP/TWR Cam Ranh, Cảng HKQT Cam Ranh; tọa độ WGS-84: 12°00′13,98″B - 109°12′52,80″Đ",24/24h,2205/GP-CHK,"Liên lạc thoại không - địa; cấu hình chính - dự phòng; AM 124,35 MHz; công suất 50W; phân cực đứng; ăng ten cao 15 m.",,f024c88e-8702-49c8-a302-15b93f6acb3c,,,noi_bo,,,{},,
1b3bf7aa-db38-4e39-8990-37542b798b5f,HE_THONG_VCCS_4G_CLA,Hệ thống VCCS 4G CLA,,0,t,2026-07-13 09:18:59.97605+00,2026-07-17 07:05:58.26393+00,12b54ce6-495f-45af-9441-91e71bc26e21,141337b4-f2fa-4438-808f-0d10cfeedb85,Hệ thống chuyển mạch thoại (VCCS),2016,5852/GP-CHK,2025-11-27,2027-12-20,R&S VCS-4G,6424049796870,Rumania,Phục vụ điều hành bay,Tại Đài KSKL Chu Lai - Cảng hàng không Chu Lai,Không áp dụng,Đài KSKL Chu Lai - Cảng hàng không Chu Lai,24/24h,,01 server cấu hình/giám sát; 04 bảng điều khiển; 01 workstation; 02 khối giao tiếp radio 4 dây E&M; 01 khối giao tiếp telephone; 02 switch chính/dự phòng.,,f024c88e-8702-49c8-a302-15b93f6acb3c,,,noi_bo,,22e9f4a5-2377-499b-a10d-9cc036258ad8,{},,
aaed0d44-f2d3-4e13-bc69-9198c8527c70,MAY_VHF_UPKL,Máy VHF UPKL PBA,,0,t,2026-07-13 09:21:38.215064+00,2026-07-17 07:05:58.26393+00,1ff8845b-1715-492a-8992-ae6b779f1022,581d9350-905f-46da-b45e-c2d8aba4d868,,,,,,,,,,,,,,,,,f024c88e-8702-49c8-a302-15b93f6acb3c,,,noi_bo,,22e9f4a5-2377-499b-a10d-9cc036258ad8,{},,
316b11eb-0b5f-496c-ab31-ffe24eb06049,DONG_HO_CHUAN_THOI_GIAN,Đồng hồ chuẩn thời gian,Nguồn thời gian chuẩn (NTP/GPS) cấp cho các hệ thống,13,t,2026-07-14 05:55:33.297689+00,2026-07-17 09:25:19.425585+00,aa325661-0d5b-4a8b-8fd5-7ec8f4e62e2b,c3231147-e403-4afa-838f-04026ffa8f7d,,,,,,,,,,,,,,,,,f024c88e-8702-49c8-a302-15b93f6acb3c,,,noi_bo,,22e9f4a5-2377-499b-a10d-9cc036258ad8,{},,
6ddf4f34-92f7-4649-8781-6168ff4faf49,MANG_THOAI_SAN_BAY_ACV,Mạng thoại sân bay (ACV),Hệ thống thoại thuộc quản lý bên ngoài (ACV),14,t,2026-07-14 05:55:33.297689+00,2026-07-17 09:25:19.425585+00,efcba64f-50d4-49d8-b61e-6976dbbcc586,c3231147-e403-4afa-838f-04026ffa8f7d,,,,,,,,,,,,,,,,,f024c88e-8702-49c8-a302-15b93f6acb3c,,,ben_ngoai,ACV,fda64a1b-3d38-4d15-a53e-a00c8ef041e9,{},,
12ae8cb7-c2ed-40fd-ad8f-ba6fdea2131b,HE_THONG_VHF_121_5_MHZ_CRA,Hệ thống VHF 121.5 MHz CRA,,0,t,2026-07-14 14:06:57.559427+00,2026-07-14 14:10:14.445872+00,1ff8845b-1715-492a-8992-ae6b779f1022,f59bf0bd-520b-4245-80db-dc71b7187bf1,Máy thu phát VHF thoại không - địa,"2008, 2019, 2024",623/GP-CHK,2025-02-07,2027-02-12,"Máy thu phát R&S XU4200, Park Air T6TR; Máy phát: Jotron TA-7650; máy thu Jotron RA-7203","Máy chính: 104269 (XU4200). Máy dự phòng: 100100, 104268, 104270 (XU4200); 274268 (T6TR); 19712, 20939 (TA-7650), 19739, 21051 (RA-7203)","Anh, Đức, Na Uy","Liên lạc trên tần số khẩn nguy 121,5 MHz (APP/TWR/GCU Cam Ranh)",Bán kính R = 74 km,Không,"APP/TWR Cam Ranh, Cảng HKQT Cam Ranh; tọa độ WGS-84: 12°00′13,98″B - 109°12′52,80″Đ",24/24h,745/GP-CHK,"Liên lạc thoại không - địa; cấu hình chính - dự phòng; AM 121,5 MHz; công suất 50W; phân cực đứng; ăng ten cao 15 m.",,f024c88e-8702-49c8-a302-15b93f6acb3c,,,noi_bo,,,{},,
6042b0f8-e55f-48c4-83ac-e583bdb96b5c,HE_THONG_PSR_SON_TRA_2,Hệ thống PSR Sơn Trà 2,,0,t,2026-07-14 14:07:05.22374+00,2026-07-14 14:14:25.984547+00,eebf2c65-5e6c-4357-9c64-0ff31b4bfb74,b91944b0-f556-47dd-ae34-c9c8368a18fc,Hệ thống ra đa giám sát sơ cấp (PSR),2015,2955/GP-CHK,2024-06-17,2026-07-23,Indra PSR,14390010,"Hãng Indra, Tây Ban Nha",Phục vụ điều hành bay FIR HAN/HCM và APP Đà Nẵng,Bán kính R = 150 km,0000 0110 (SIC),Trạm ra đa – Thông Sơn Trà 2,24/24h,,PSR Indra,,f024c88e-8702-49c8-a302-15b93f6acb3c,,,noi_bo,,,{},,
24edc9ca-96ca-4472-9080-6668cdd7bc1d,HE_THONG_SCANSIM_DA_NANG,Hệ thống SCANSIM Đà Nẵng,,0,t,2026-07-14 14:07:00.547353+00,2026-07-14 14:15:56.835189+00,f7f70220-b8ad-4e53-8a3c-d5e4931f52e3,c3231147-e403-4afa-838f-04026ffa8f7d,Hệ thống huấn luyện giả định không lưu (SIM),2000,2660/GP-CHK,2024-05-31,2026-06-12,Hệ thống mô phỏng phục vụ huấn luyện,Không,Pháp,Phục vụ huấn luyện kiểm soát viên không lưu APP/TWR thuộc Công ty QLB miền Trung,Cơ sở kiểm soát tiếp cận và các Đài kiểm soát tại sân bay thuộc Công ty QLB miền Trung,Không,"Trung tâm kiểm soát tiếp cận - tại sân Đà Nẵng, Cam Ranh và các đài liên quan",Theo yêu cầu,,Hệ thống huấn luyện giả định SCANSIM; chi tiết theo phụ lục.,,f024c88e-8702-49c8-a302-15b93f6acb3c,,,noi_bo,,,{},,
f87f1213-cb02-4a00-91dd-46be015405df,HE_THONG_MAXSIM_DA_NANG,Hệ thống MAXSIM Đà Nẵng,,0,t,2026-07-14 14:07:00.689271+00,2026-07-14 14:15:56.835189+00,f7f70220-b8ad-4e53-8a3c-d5e4931f52e3,c3231147-e403-4afa-838f-04026ffa8f7d,Hệ thống huấn luyện giả định không lưu (Simulator),2011,2700/GP-CHK,2024-06-04,2026-06-12,MAXSIM,Tại Phụ lục 1 kèm theo,Canada,Huấn luyện và kiểm tra thực hành,"APP, APP tầng cao khu vực Đà Nẵng, APP Cam Ranh",Không,"Phòng Simulator - Công ty Quản lý bay miền Trung, phường Hòa Thuận Tây, quận Hải Châu, TP. Đà Nẵng",Theo yêu cầu,,MAXSIM; chi tiết serial/cấu hình theo phụ lục.,,f024c88e-8702-49c8-a302-15b93f6acb3c,,,noi_bo,,,{},,
76c379ec-e45d-48b7-b808-27c8ecfca5c0,HE_THONG_GHI_AM_THA,Hệ thống ghi âm THA,,0,t,2026-07-14 14:07:02.958306+00,2026-07-14 14:10:14.445872+00,e30446a4-4bc6-4103-915b-bb67c596a4c9,e43c5d4b-3c3c-4486-89da-73e9ac747ab4,Ghi âm,"2016, 2015",5083/GP-CHK,2025-10-24,2027-11-08,Attech Recoder AR-16-A Standard,Máy chính: 037; Máy dự phòng: 034,Việt Nam,Ghi âm liên lạc thoại không - địa (A/G) và điểm nối điểm (G/G),Đài KSKL Tuy Hòa - Cảng hàng không Tuy Hòa,Không,Đài KSKL Tuy Hòa - Cảng Hàng không Tuy Hòa,24/24h,,Attech AR-16-A Standard; 02 máy chính/dự phòng,,f024c88e-8702-49c8-a302-15b93f6acb3c,,,noi_bo,,,{},,
8b1b85e4-de60-436d-bb4a-052a4ca1d056,HE_THONG_GHI_AM,Hệ thống ghi âm,"Hệ thống ghi âm; tuổi thọ thiết kế 10 năm theo bảng nguồn. Nguồn chỉ ghi hạn giấy phép “01/2025”, không đủ ngày để nhập Hạn GP.",2,t,2026-07-12 07:31:55.715307+00,2026-07-14 06:01:03.358926+00,e30446a4-4bc6-4103-915b-bb67c596a4c9,581d9350-905f-46da-b45e-c2d8aba4d868,,,01/GP-CHK,,,,,,"Ghi âm, lưu trữ và giám sát tín hiệu thoại",,,TWR PBA/Phòng thiết bị,,,VC-MDx; ATTECH AR-16-A-Standard; máy tính giám sát FPT ELEAD V500; máy tính giám sát HP.,,f024c88e-8702-49c8-a302-15b93f6acb3c,,,noi_bo,,22e9f4a5-2377-499b-a10d-9cc036258ad8,{},,
2ff61646-a8e8-40ac-a328-9671e72ea0d5,HE_THONG_VHF_118_25_MHZ_CLA,Hệ thống VHF 118.25 MHz CLA,,0,t,2026-07-14 14:06:55.912436+00,2026-07-14 14:10:14.445872+00,1ff8845b-1715-492a-8992-ae6b779f1022,141337b4-f2fa-4438-808f-0d10cfeedb85,Máy thu phát VHF thoại không - địa,"2016, 2024, 1998",622/GP-CHK,2025-02-07,2027-02-12,"Máy phát: SU4200, TA-7650; Máy thu: EU4200C, RA-7203; Máy thu phát: IC-A200","Máy chính: 105877 (SU4200), 105825 (EU4200C). Máy dự phòng: 105878, 105880 (SU4200), 105822, 105823 (EU4200C); 20938 (TA-7650), 21050 (RA-7203); 14248 (IC-A200)","Séc, Na Uy, Nhật Bản",Điều hành bay (TWR Chu Lai),Bán kính R = 60 km,Không,"Đài KSKL Chu Lai - Cảng HK Chu Lai; tọa độ WGS-84: 15°24′37,6″B - 108°42′22,6″Đ",24/24h,3541/GP-CHK,"Liên lạc thoại không - địa; cấu hình chính - dự phòng; AM 118,25 MHz; công suất 50W/7W; phân cực đứng.",,f024c88e-8702-49c8-a302-15b93f6acb3c,,,noi_bo,,,{},,
688f3252-355d-48f5-93c2-813d7a9ce198,HE_THONG_VHF_121_5_MHZ_CLA,Hệ thống VHF 121.5 MHz CLA,,0,t,2026-07-14 14:06:56.134681+00,2026-07-14 14:10:14.445872+00,1ff8845b-1715-492a-8992-ae6b779f1022,141337b4-f2fa-4438-808f-0d10cfeedb85,Máy thu phát VHF thoại không - địa,"2016, 2024, 1998",624/GP-CHK,2025-02-07,2027-02-12,"Máy phát: SU4200, TA-7650; Máy thu: EU4200C, RA-7203; Máy thu phát: IC-A200","Máy chính: 105879 (SU4200), 105824 (EU4200C). Máy dự phòng: 105878, 105880 (SU4200), 105822, 105823 (EU4200C); 20938 (TA-7650), 21050 (RA-7203); 14248 (IC-A200)","Séc, Na Uy, Nhật Bản","Liên lạc trên tần số khẩn nguy 121,5 MHz (TWR Chu Lai)",Bán kính R = 60 km,Không,"Đài KSKL Chu Lai - Cảng HK Chu Lai; tọa độ WGS-84: 15°24′37,6″B - 108°42′22,6″Đ",24/24h,3542/GP-CHK,"Liên lạc thoại không - địa; cấu hình chính - dự phòng; AM 121,5 MHz; công suất 50W/7W; phân cực đứng.",,f024c88e-8702-49c8-a302-15b93f6acb3c,,,noi_bo,,,{},,
cc8602d3-1b8b-47c2-8423-f6102cdf80ae,HE_THONG_VHF_123_3_MHZ_CLA,Hệ thống VHF 123.3 MHz CLA,,0,t,2026-07-14 14:06:56.276715+00,2026-07-14 14:10:14.445872+00,1ff8845b-1715-492a-8992-ae6b779f1022,141337b4-f2fa-4438-808f-0d10cfeedb85,Máy thu phát VHF thoại không - địa,"2013, 2016, 2022",6812/GP-CHK,2025-12-31,2028-01-10,"Máy phát: Park Air T6T, S5200VT; Máy thu: Park Air T6R, EU4200C","Máy chính: 6U11312 (T6T), 6U16868 (T6R); Máy dự phòng: 6U11314 (T6T), 6U16875 (T6R); 100439 (S5200VT), 100159 (EU4200C)","Anh, Séc",Điều hành bay (Phân khu 4 - ACC HAN),Tầm phủ 460 km,Không,"Đài KSKL Chu Lai, xã Núi Thành, TP. Đà Nẵng; tọa độ WGS-84: 108°42′22,60″Đ - 15°24′37,61″B",24/24h,5087/GP-CHK,"Liên lạc thoại không - địa; cấu hình chính - dự phòng; AM 123,3 MHz (offset -5 kHz); công suất 50W.",,f024c88e-8702-49c8-a302-15b93f6acb3c,,,noi_bo,,,{},,
471b378d-483c-4b6d-bb60-93cf31d813d8,HE_THONG_SSR_QUY_NHON,Hệ thống SSR Quy Nhơn,,0,t,2026-07-14 14:31:05.774833+00,2026-07-17 09:25:19.425585+00,eebf2c65-5e6c-4357-9c64-0ff31b4bfb74,38692b13-0732-44b4-86e7-c9b91bb0077c,,,,,,,,,,,,,,,,,f024c88e-8702-49c8-a302-15b93f6acb3c,,,noi_bo,,,{},,
9d0e2675-7192-4350-8a7f-cbef379ebf6b,HE_THONG_AIS,Hệ thống AIS,,0,t,2026-07-14 14:31:05.774833+00,2026-07-17 09:25:19.425585+00,00aa35b7-2086-4552-8be6-defa3f7c713c,c3231147-e403-4afa-838f-04026ffa8f7d,,,,,,,,,,,,,,,,,f024c88e-8702-49c8-a302-15b93f6acb3c,,,noi_bo,,,{},,
f1857ffb-e969-465d-b690-c958b1950afc,HE_THONG_VHF_124_55_MHZ_CLA,Hệ thống VHF 124.55 MHz CLA,,0,t,2026-07-14 14:06:56.418909+00,2026-07-14 14:10:14.445872+00,1ff8845b-1715-492a-8992-ae6b779f1022,141337b4-f2fa-4438-808f-0d10cfeedb85,Máy thu phát VHF thoại không - địa,2013,4548/GP-CHK,2024-09-06,2026-09-12,Máy phát: Park Air T6T; Máy thu: Park Air T6R,"Máy chính: 6U11305 (T6T), 6U16861 (T6R). Máy dự phòng: 6U11310 (T6T), 6U16867 (T6R)",Anh,Điều hành bay (dự phòng Phân khu 4 - ACC HAN),Bán kính R = 463 km,Không,"Đài KSKL Chu Lai, huyện Núi Thành, tỉnh Quảng Nam; tọa độ WGS-84: 15°24′37,61″B - 108°42′22,60″Đ",24/24h,7180/GP-CHK,"Liên lạc thoại không - địa; cấu hình chính - dự phòng; AM 124,55 MHz; công suất tối đa 50W.",,f024c88e-8702-49c8-a302-15b93f6acb3c,,,noi_bo,,,{},,
4a7558f6-cf8d-44ef-8273-f1a431844b28,HE_THONG_VHF_121_5_MHZ_ACC_CLA,Hệ thống VHF 121.5 MHz ACC CLA,,0,t,2026-07-14 14:06:56.561587+00,2026-07-14 14:10:14.445872+00,1ff8845b-1715-492a-8992-ae6b779f1022,141337b4-f2fa-4438-808f-0d10cfeedb85,Máy thu phát VHF thoại không - địa,2017,4215/GP-CHK,2025-09-18,2027-10-11,Máy phát: Park Air T6T; Máy thu: Park Air T6R,"Máy chính: 173711 (T6T), 173702 (T6R); Máy dự phòng: 173710 (T6T), 173703 (T6R)",Anh,"Liên lạc trên tần số khẩn nguy 121,5 MHz (Phân khu 4 - ACC HAN)",Bán kính R = 463 km,Không,"Đài KSKL Chu Lai, Cảng HK Chu Lai; tọa độ WGS-84: 15°24′37,61″B - 108°42′22,60″Đ",24/24h,,"Liên lạc thoại không - địa; cấu hình chính - dự phòng; AM 121,5 MHz; công suất 50W.",,f024c88e-8702-49c8-a302-15b93f6acb3c,,,noi_bo,,,{},,
fc891ab6-c9f2-4508-81bd-1db46eb70aaf,HE_THONG_GHI_AM_CLA,Hệ thống ghi âm CLA,,0,t,2026-07-14 14:06:56.702529+00,2026-07-14 14:10:14.445872+00,e30446a4-4bc6-4103-915b-bb67c596a4c9,141337b4-f2fa-4438-808f-0d10cfeedb85,Ghi âm,"2024, 2014",602/GP-CHK,2025-02-07,2027-02-12,Atis Uher VoiceCollect MD-x và Attech AR-16-A Standard,Máy chính: 049002-401228; Máy dự phòng: 033,"Đức, Việt Nam",Ghi âm liên lạc thoại không - địa (A/G) và địa - địa (G/G),Đài KSKL Chu Lai - Cảng HK Chu Lai,Không,Đài KSKL Chu Lai - Cảng HK Chu Lai,24/24h,3540/GP-CHK,02 thiết bị ghi âm 32 kênh; VoiceCollect MD-x lưu RAID-1 2x2TB và RDX 1TB; AR-16-A lưu RAID-1 2x500GB và DVD-RAM.,,f024c88e-8702-49c8-a302-15b93f6acb3c,,,noi_bo,,,{},,
1048831c-985f-452d-a1ea-8e832d6eb690,THIET_BI_QUAN_TRAC_KHI_TUONG_THONG_DUNG_CHU_LAI,Thiết bị quan trắc khí tượng thông dụng Chu Lai,,0,t,2026-07-14 14:06:56.847352+00,2026-07-14 14:10:14.445872+00,d7faf284-1a3a-4e53-9433-8476900a66e7,141337b4-f2fa-4438-808f-0d10cfeedb85,"Thiết bị đo đạc quan trắc thông dụng (đo nhiệt độ, độ ẩm, đo gió hiển thị số và khí áp hiển thị số)","2022, 2023",4853/GP-CHK,2024-09-23,2026-10-01,Thiết bị thủ công,Gió WindObserver (GILL): 2302004; Khí áp PTB 330: V0821322; Nhiệt kế WQG-11: 50 và 57,"Anh, Phần Lan, Trung Quốc",Làm dự phòng đo các yếu tố khí tượng và cung cấp số liệu phục vụ hoạt động bay,Khu vực Cảng hàng không Chu Lai,Không áp dụng,"Cảng hàng không Chu Lai, tỉnh Quảng Nam",24/24h,,WindObserver GILL; khí áp PTB 330; nhiệt kế thủy tinh chất lỏng WQG-11.,,f024c88e-8702-49c8-a302-15b93f6acb3c,,,noi_bo,,,{},,
84d8fc04-de52-4ea1-b9fb-21d080b27ae5,HE_THONG_GHI_AM_CRA,Hệ thống ghi âm CRA,,0,t,2026-07-14 14:06:57.699706+00,2026-07-14 14:10:14.445872+00,e30446a4-4bc6-4103-915b-bb67c596a4c9,f59bf0bd-520b-4245-80db-dc71b7187bf1,Thiết bị ghi âm,2019,2835/GP-CHK,2025-07-14,2027-07-18,AR-32-A/Attech,Máy chính: 002; Máy dự phòng: 003,Việt Nam,Ghi âm liên lạc thoại không - địa (A/G) và địa - địa (G/G),"Trung tâm Kiểm soát tiếp cận, tại sân Cam Ranh - Cảng HKQT Cam Ranh",Không,"Trung tâm Kiểm soát tiếp cận, tại sân Cam Ranh - Cảng HKQT Cam Ranh",24/24h,4025/GP-CHK,AR-32-A/Attech 48 kênh; lưu trữ 02 ổ cứng 2x1TB; DVD-RAM 4.7GB; chi tiết kênh theo phụ lục.,,f024c88e-8702-49c8-a302-15b93f6acb3c,,,noi_bo,,,{},,
6796d9c4-efc7-400f-84f4-ac0e804526d8,HE_THONG_GHI_AM_GHI_HINH_CRA,Hệ thống ghi âm ghi hình CRA,,0,t,2026-07-14 14:06:57.841724+00,2026-07-14 14:10:14.445872+00,e30446a4-4bc6-4103-915b-bb67c596a4c9,f59bf0bd-520b-4245-80db-dc71b7187bf1,Ghi âm và ghi hình,2018,4026/GP-CHK,2024-08-09,2026-08-15,Attech - VVR - V1,Máy chính: 001; máy dự phòng: 002,Việt Nam,Phục vụ điều hành bay,"Trung tâm Kiểm soát Tiếp cận, tại sân Cam Ranh - Cảng HKQT Cam Ranh",Không,"Trung tâm Kiểm soát Tiếp cận, tại sân Cam Ranh - Cảng HKQT Cam Ranh",24/24h,7467/GP-CHK,"Ghi âm: 02 máy song song, mỗi máy 16 kênh thoại, 2x4TB; Ghi hình: 02 máy, 8 kênh (mỗi máy 4 kênh), 2x4TB.",,f024c88e-8702-49c8-a302-15b93f6acb3c,,,noi_bo,,,{},,
5ae20f2b-30dc-409c-95db-68b98b79c94e,HT_CRA_AWOS_OPTIMET,Hệ thống AWOS Optimet Cam Ranh,"Bổ sung từ PL1.  Danh mục thiết bị CRA.xlsx, sheet CRA_N1, dòng 98.",4,t,2026-07-11 09:50:09.894644+00,2026-07-14 14:10:14.445872+00,d7faf284-1a3a-4e53-9433-8476900a66e7,f59bf0bd-520b-4245-80db-dc71b7187bf1,Hệ thống quan trắc thời tiết tự động OPTIMET,2011,992/GP-CHK,2026-02-27,2028-03-10,OPTIMET,BJQ8B2S; CJQ8B2S,Úc (MTECH SYSTEM),Quan trắc và báo cáo thời tiết sân bay phục vụ hoạt động bay,Khu vực Cảng HKQT Cam Ranh,Không áp dụng,"Cảng HKQT Cam Ranh, tỉnh Khánh Hòa",24/24h,4340/GP-CHK,Tính năng kỹ thuật theo phụ lục kèm giấy phép. Mã: MET.AWS.00001,,f024c88e-8702-49c8-a302-15b93f6acb3c,,,noi_bo,,22e9f4a5-2377-499b-a10d-9cc036258ad8,{},,
a13f3116-f74d-4435-b248-5b458d9fead4,HT_CRA_AWOS_AVIMET,Hệ thống AWOS AVIMET Cam Ranh,,3,t,2026-07-11 09:50:09.894644+00,2026-07-14 14:10:14.445872+00,d7faf284-1a3a-4e53-9433-8476900a66e7,f59bf0bd-520b-4245-80db-dc71b7187bf1,Hệ thống quan trắc thời tiết tự động AVIMET,2025,733/GP-CHK,2026-02-06,2028-02-15,AVIMET,9S7KB94; 7PKXW84,Phần Lan,Quan trắc và báo cáo thời tiết sân bay phục vụ hoạt động bay,Khu vực Cảng hàng không quốc tế Cam Ranh,Không áp dụng,"Cảng HKQT Cam Ranh, Phường Bắc Cam Ranh, Tỉnh Khánh Hòa",24/24h,,Tính năng kỹ thuật theo phụ lục kèm giấy phép.,,f024c88e-8702-49c8-a302-15b93f6acb3c,,,noi_bo,,22e9f4a5-2377-499b-a10d-9cc036258ad8,{},,
d7005685-24f9-45d4-bcce-f24d9962cf97,THIET_BI_QUAN_TRAC_KHI_TUONG_THONG_DUNG_CAM_RANH,Thiết bị quan trắc khí tượng thông dụng Cam Ranh,,0,t,2026-07-14 14:06:57.984494+00,2026-07-14 14:10:14.445872+00,d7faf284-1a3a-4e53-9433-8476900a66e7,f59bf0bd-520b-4245-80db-dc71b7187bf1,Thiết bị đo đạc quan trắc thông dụng (đo gió hiển thị số và khí áp hiển thị số),"2022, 2023",4852/GP-CHK,2024-09-23,2026-10-01,Thiết bị thủ công,Gió WindObserver (GILL): 2302007; Khí áp PTB 330: V0821325,"Anh, Phần Lan",Làm dự phòng đo các yếu tố khí tượng và cung cấp số liệu phục vụ hoạt động bay,Khu vực Cảng hàng không quốc tế Cam Ranh,Không áp dụng,"Cảng hàng không quốc tế Cam Ranh, tỉnh Khánh Hòa",24/24h,,Khí áp PTB 330; Gió WindObserver (GILL).,,f024c88e-8702-49c8-a302-15b93f6acb3c,,,noi_bo,,,{},,
bb6ca168-63d0-4054-bbff-94fecc06d7bd,HE_THONG_GHI_AM_DAN,Hệ thống ghi âm DAN,,0,t,2026-07-14 14:06:59.694136+00,2026-07-14 14:10:14.445872+00,e30446a4-4bc6-4103-915b-bb67c596a4c9,c3231147-e403-4afa-838f-04026ffa8f7d,Ghi âm,2017,4730/GP-CHK,2025-10-10,2027-10-15,Atis Advantage PL4600,4K80PL11301701 / 4K80PL11301702,Mỹ,Ghi âm liên lạc thoại không - địa (A/G) và điểm nối điểm (G/G),"Cơ sở kiểm soát tiếp cận tại sân, sân bay Đà Nẵng (APP/TWR DAN)",Không,APP/TWR DAN,24/24h,7466/GP-CHK,Thiết bị ghi âm Atis Advantage PL4600; 02 serial chính/dự phòng.,,f024c88e-8702-49c8-a302-15b93f6acb3c,,,noi_bo,,,{},,
bc31dd94-29dd-488d-b4f4-a1238f70c857,HE_THONG_VHF_118_35_MHZ_DAN,Hệ thống VHF 118.35 MHz DAN,,0,t,2026-07-14 14:06:58.413589+00,2026-07-14 14:10:14.445872+00,1ff8845b-1715-492a-8992-ae6b779f1022,c3231147-e403-4afa-838f-04026ffa8f7d,Máy thu phát VHF thoại không - địa,"2016, 2009",5853/GP-CHK,2025-11-27,2027-12-19,"Máy phát: TA-7625, SU4200; Máy thu: RA-7203, EU4200C","Máy chính: 00791 (TA-7625), 00817 (RA-7203); Máy dự phòng: 00836 (TA-7625), 00814 (RA-7203); 1058xx (SU4200/EU4200C)","Séc, Na Uy",Điều hành bay (TWR DAN),Tầm phủ 15 km,Không,Đài KSKL Đà Nẵng - Cảng HKQT Đà Nẵng; tọa độ WGS-84: 16°02′46″B - 108°12′10″Đ,24/24h,,"Liên lạc thoại không - địa; AM 118,35 MHz; cấu hình chính - dự phòng.",,f024c88e-8702-49c8-a302-15b93f6acb3c,,,noi_bo,,,{},,
f15adfa7-b2c7-4747-b0bd-9cfa10394ac4,HE_THONG_VHF_118_05_MHZ_DAN,Hệ thống VHF 118.05 MHz DAN,,0,t,2026-07-14 14:06:58.556328+00,2026-07-14 14:10:14.445872+00,1ff8845b-1715-492a-8992-ae6b779f1022,c3231147-e403-4afa-838f-04026ffa8f7d,Máy thu phát VHF thoại không - địa,2016,2831/GP-CHK,2025-07-14,2027-07-18,"Máy phát: SU4200, S5200VT; Máy thu: EU4200C, S5200VR","Máy chính: 100437 (S5200VT), 100739 (S5200VR); Máy dự phòng: 105855, 105858 (SU4200), 105802, 105805 (EU4200C)",Séc,Điều hành bay (TWR Đà Nẵng - Dự phòng),Bán kính R = 15 km,Không,Đài KSKL Đà Nẵng - Cảng HKQT Đà Nẵng; tọa độ WGS-84: 16°02′46″B - 108°12′10″Đ,24/24h,1878/GP-CHK,"Liên lạc thoại không - địa; AM 118,05 MHz; cấu hình chính - dự phòng.",,f024c88e-8702-49c8-a302-15b93f6acb3c,,,noi_bo,,,{},,
8a8e370a-fd38-4a5b-97a3-13b54178e74c,HE_THONG_VHF_125_3_MHZ_DAN,Hệ thống VHF 125.3 MHz DAN,,0,t,2026-07-14 14:06:58.698026+00,2026-07-14 14:10:14.445872+00,1ff8845b-1715-492a-8992-ae6b779f1022,c3231147-e403-4afa-838f-04026ffa8f7d,Máy thu phát VHF thoại không - địa,"2016, 2009",3810/GP-CHK,2025-08-28,2027-09-06,"Máy phát: TA-7650, SU4200; Máy thu: RA-7203, EU4200C","Máy chính: 01162 (TA-7650), 00884 (RA-7203); Máy dự phòng: 00901, 6134, 11324, 11321 (TA-7650) và các máy thu/phát dự phòng","Séc, Na Uy",Điều hành bay (CTL DAN),Bán kính R = 300 km,Không,Trạm Ra đa - Thông tin Sơn Trà 1/2; tọa độ WGS-84: 16°08′00″B - 108°14′41″Đ (và trạm liên quan),24/24h,,"Liên lạc thoại không - địa; AM 125,3 MHz; cấu hình chính - dự phòng.",,f024c88e-8702-49c8-a302-15b93f6acb3c,,,noi_bo,,,{},,
64e6ccdc-ae7d-4e06-80e4-c0f6a7a70346,HE_THONG_VHF_120_45_MHZ_DAN,Hệ thống VHF 120.45 MHz DAN,,0,t,2026-07-14 14:06:58.839773+00,2026-07-14 14:10:14.445872+00,1ff8845b-1715-492a-8992-ae6b779f1022,c3231147-e403-4afa-838f-04026ffa8f7d,Máy thu phát VHF thoại không - địa,"2016, 2010",5854/GP-CHK,2025-11-27,2027-12-19,"Máy phát: SU4200, TA-7650; Máy thu: EU4200C, RA-7203","Máy chính: 105870 (SU4200); 105817 (EU4200C); Máy dự phòng: 105866, 105856, 105857, 105860…","Séc, Na Uy",Điều hành bay (APP DAN),Tầm phủ 60 km,Không,Đài KSKL Đà Nẵng - Cảng HKQT Đà Nẵng; tọa độ WGS-84: 16°02′46″B - 108°12′10″Đ (và trạm Sơn Trà liên quan),24/24h,,"Liên lạc thoại không - địa; AM 120,45 MHz; cấu hình chính - dự phòng.",,f024c88e-8702-49c8-a302-15b93f6acb3c,,,noi_bo,,,{},,
537ab6d4-f60f-4495-b4a0-9b3d3a3caf51,HE_THONG_VHF_125_45_MHZ_DAN,Hệ thống VHF 125.45 MHz DAN,,0,t,2026-07-14 14:06:58.981556+00,2026-07-14 14:10:14.445872+00,1ff8845b-1715-492a-8992-ae6b779f1022,c3231147-e403-4afa-838f-04026ffa8f7d,Máy thu phát VHF thoại không - địa,"2016, 2010",5858/GP-CHK,2025-11-27,2027-12-19,"Máy phát: SU4200, TA-7650; Máy thu: EU4200C, RA-7203","Máy chính: 105871 (SU4200), 105816 (EU4200C); Máy dự phòng: 105872, 105859, 105860…","Séc, Na Uy",Điều hành bay (CTL/APP DAN),Tầm phủ 300 km,Không,Trạm Ra đa - Thông tin Sơn Trà 2; tọa độ WGS-84: 16°07′51.12″B - 108°15′31.62″Đ,24/24h,,"Liên lạc thoại không - địa; AM 125,45 MHz; cấu hình chính - dự phòng.",,f024c88e-8702-49c8-a302-15b93f6acb3c,,,noi_bo,,,{},,
b0668377-a642-432b-bf11-d54e738b91ed,HE_THONG_VHF_121_5_MHZ_DAN,Hệ thống VHF 121.5 MHz DAN,,0,t,2026-07-14 14:06:59.123725+00,2026-07-14 14:10:14.445872+00,1ff8845b-1715-492a-8992-ae6b779f1022,c3231147-e403-4afa-838f-04026ffa8f7d,Máy thu phát VHF thoại không - địa,"2016, 2009",5855/GP-CHK,2025-11-27,2027-12-19,"Máy phát: Jotron TA-7625, TA-7650, SU4200; Máy thu: Jotron RA-7203, EU4200C","Máy chính: 00837 (TA-7625), 00816 (RA-7203); Máy dự phòng: 00790 (TA-7625), 6134 (TA-7650)…","Séc, Na Uy","Liên lạc trên tần số khẩn nguy 121,5 MHz (CTL/APP/TWR/GCU DAN)",Tầm phủ 300 km,Không,Trạm Ra đa - Thông tin Sơn Trà 2 và Đài KSKL Đà Nẵng,24/24h,,"Liên lạc thoại không - địa; AM 121,5 MHz; cấu hình chính - dự phòng.",,f024c88e-8702-49c8-a302-15b93f6acb3c,,,noi_bo,,,{},,
bbce7c36-88e7-4b62-a983-f9fabe61eb04,HE_THONG_VHF_121_6_MHZ_DAN,Hệ thống VHF 121.6 MHz DAN,,0,t,2026-07-14 14:06:59.267033+00,2026-07-14 14:10:14.445872+00,1ff8845b-1715-492a-8992-ae6b779f1022,c3231147-e403-4afa-838f-04026ffa8f7d,Máy thu phát VHF thoại không - địa,2016,5856/GP-CHK,2025-11-27,2027-12-19,Máy phát: SU4200; Máy thu: EU4200C,"Máy chính: 106629 (SU4200); 106539 (EU4200C); Máy dự phòng: 106626, 106627, 105862, 105858…",Séc,Kiểm soát tàu bay lăn (GCU DAN),Tầm phủ 20 km,Không,Đài KSKL Đà Nẵng - Cảng HKQT Đà Nẵng; tọa độ WGS-84: 16°02′46″B - 108°12′10″Đ,24/24h,,"Liên lạc thoại không - địa; AM 121,6 MHz; cấu hình chính - dự phòng.",,f024c88e-8702-49c8-a302-15b93f6acb3c,,,noi_bo,,,{},,
987abb41-d80b-48cb-bf7b-a97bf0971ac6,HE_THONG_VHF_121_9_MHZ_DAN,Hệ thống VHF 121.9 MHz DAN,,0,t,2026-07-14 14:06:59.410049+00,2026-07-14 14:10:14.445872+00,1ff8845b-1715-492a-8992-ae6b779f1022,c3231147-e403-4afa-838f-04026ffa8f7d,Máy thu phát VHF thoại không - địa,2016,5857/GP-CHK,2025-11-27,2027-12-19,Máy phát: SU4200; Máy thu: EU4200C,"Máy chính: 106628 (SU4200); 106540 (EU4200C); Máy dự phòng: 106626, 106627, 105862, 105858…",Séc,Kiểm soát tàu bay lăn (GCU DAN),Tầm phủ 20 km,Không,Đài KSKL Đà Nẵng - Cảng HKQT Đà Nẵng; tọa độ WGS-84: 16°02′46″B - 108°12′10″Đ,24/24h,,"Liên lạc thoại không - địa; AM 121,9 MHz; cấu hình chính - dự phòng.",,f024c88e-8702-49c8-a302-15b93f6acb3c,,,noi_bo,,,{},,
8b240798-7f64-41e7-a779-47ad6a0a45d6,HE_THONG_VHF_121_5_MHZ_TKCN_DAN,Hệ thống VHF 121.5 MHz TKCN DAN,,0,t,2026-07-14 14:06:59.552125+00,2026-07-14 14:10:14.445872+00,1ff8845b-1715-492a-8992-ae6b779f1022,c3231147-e403-4afa-838f-04026ffa8f7d,Máy thu phát VHF thoại không - địa,1994,627/GP-CHK,2025-02-07,2027-03-30,Máy thu phát ICOM IC-A200,02737/03338,Nhật Bản,Liên lạc phục vụ công tác tìm kiếm cứu nạn,Bán kính R = 60 km,Không,Lắp đặt trên xe tìm kiếm cứu nạn - Công ty Quản lý bay miền Trung,24/24h,,"Liên lạc thoại không - địa; AM 121,5 MHz (TKCN); ICOM IC-A200.",,f024c88e-8702-49c8-a302-15b93f6acb3c,,,noi_bo,,,{},,
360d66e6-53bf-43dc-93ad-ee1cfb942ed4,HE_THONG_VCCS_FREQUENTIS_DAN,Hệ thống VCCS FREQUENTIS DAN,,0,t,2026-07-13 09:19:53.660993+00,2026-07-17 07:20:00.018497+00,12b54ce6-495f-45af-9441-91e71bc26e21,c3231147-e403-4afa-838f-04026ffa8f7d,Hệ thống chuyển mạch thoại (VCCS),2020,615/GP-CHK,2025-04-01,2027-04-06,Frequentis VCS3020X,VCS 3020X Rel 8.0,Áo,Phục vụ điều hành bay,"Trung tâm Kiểm soát tiếp cận - tại sân Đà Nẵng, Cảng HKQT Đà Nẵng",Không,"Trung tâm Kiểm soát tiếp cận - tại sân Đà Nẵng, Cảng HKQT Đà Nẵng",24/24h,2038/GP-CHK,Hệ thống chuyển mạch thoại Frequentis VCS3020X Rel 8.0.,,f024c88e-8702-49c8-a302-15b93f6acb3c,,,noi_bo,,22e9f4a5-2377-499b-a10d-9cc036258ad8,{},,
a0625061-0c6d-4e0b-b438-d696787ad746,HT_BDKT_AWOS_OPTIMET,Hệ thống AWOS Optimet Đà Nẵng,"Bổ sung từ PL1-Danh mục thiết bị TT BĐKT.xlsx, sheet BĐKT_N1, dòng 316.",1,t,2026-07-11 09:50:09.894644+00,2026-07-14 14:10:14.445872+00,d7faf284-1a3a-4e53-9433-8476900a66e7,65ac5e26-b0a7-487e-a72d-3f0dfc3facc2,Hệ thống quan trắc thời tiết tự động OPTIMET,2011,2141/GP-CHK,2024-05-03,2026-05-03,OPTIMET,GL9W82S; HL9W82S,Úc (MTECH SYSTEM),Quan trắc và báo cáo thời tiết sân bay phục vụ hoạt động bay,Khu vực Cảng hàng không quốc tế Đà Nẵng,Không áp dụng,"Khu vực Cảng Hàng không quốc tế Đà Nẵng, TP Đà Nẵng",24/24h,6139/GP-CHK,Tính năng kỹ thuật theo phụ lục kèm giấy phép.,,f024c88e-8702-49c8-a302-15b93f6acb3c,,,noi_bo,,22e9f4a5-2377-499b-a10d-9cc036258ad8,{},,
c55cf610-3503-410f-8d34-8b270ffd64b5,HE_THONG_GTS_DA_NANG,Hệ thống GTS Đà Nẵng,,0,t,2026-07-14 14:06:59.980888+00,2026-07-14 14:10:14.445872+00,d7faf284-1a3a-4e53-9433-8476900a66e7,c3231147-e403-4afa-838f-04026ffa8f7d,"Hệ thống thu thập, xử lý số liệu khí tượng cơ bản (GTS)",2007,1061/GP-CHK,2025-02-27,2027-03-01,"Máy tính thông tin điền đồ, máy vẽ",Không áp dụng,Việt Nam,"Tạo các bản đồ, giản đồ thời tiết phục vụ công tác dự báo, cảnh báo thời tiết sân bay",Khu vực Cảng HKQT Đà Nẵng,Không áp dụng,"Cảng HKQT Đà Nẵng, Tp. Đà Nẵng",24/24h,,Hệ thống máy tính tự động thu thập/xử lý số liệu khí tượng cơ bản (GTS).,,f024c88e-8702-49c8-a302-15b93f6acb3c,,,noi_bo,,,{},,
04c0eae7-fa31-4855-95cb-156499e9a279,THIET_BI_QUAN_TRAC_KHI_TUONG_THONG_DUNG_DA_NANG,Thiết bị quan trắc khí tượng thông dụng Đà Nẵng,,0,t,2026-07-14 14:07:00.122865+00,2026-07-14 14:10:14.445872+00,d7faf284-1a3a-4e53-9433-8476900a66e7,c3231147-e403-4afa-838f-04026ffa8f7d,"Thiết bị đo đạc quan trắc thông dụng (đo nhiệt độ, độ ẩm, đo gió hiển thị số và khí áp hiển thị số)","2022, 2023",4851/GP-CHK,2024-09-23,2026-10-01,Thiết bị thủ công,Gió WindObserver (GILL): 2302006; Khí áp PTB 330: V0821321; Nhiệt kế WQG-11: 59,"Anh, Phần Lan, Trung Quốc",Làm dự phòng đo các yếu tố khí tượng và cung cấp số liệu phục vụ hoạt động bay,Khu vực Cảng hàng không quốc tế Đà Nẵng,Không áp dụng,"Cảng hàng không quốc tế Đà Nẵng, Tp. Đà Nẵng",24/24h,,WindObserver GILL; khí áp PTB 330; nhiệt kế thủy tinh chất lỏng WQG-11.,,f024c88e-8702-49c8-a302-15b93f6acb3c,,,noi_bo,,,{},,
b2c5fd88-d84e-4563-8a10-448a336072ca,HE_THONG_RADAR_THOI_TIET_LLWAS_DA_NANG,Hệ thống radar thời tiết + LLWAS Đà Nẵng,,0,t,2026-07-14 14:07:00.264988+00,2026-07-14 14:10:14.445872+00,d7faf284-1a3a-4e53-9433-8476900a66e7,c3231147-e403-4afa-838f-04026ffa8f7d,Hệ thống radar thời tiết Doppler METEOR 60DX10-S tích hợp với hệ thống cảnh báo gió đứt LLWAS,2018,4449/GP-CHK,2025-09-29,2027-09-27,Ra đa thời tiết Doppler phân cực kép; LLWAS-3 6 cảm biến gió,1711217,Đức,"Phát hiện vùng mây nguy hiểm CB/TCU, mưa dông, gió đứt hỗ trợ dự báo/cảnh báo thời tiết",Ra đa thời tiết bán kính R=100km; LLWAS khu vực cất/hạ cánh,Không áp dụng,"Cảng HKQT Đà Nẵng, phường Hòa Cường, TP. Đà Nẵng",24/24h,3247/GP-CHK,METEOR 60DX10-S + LLWAS-3; chi tiết theo phụ lục.,,f024c88e-8702-49c8-a302-15b93f6acb3c,,,noi_bo,,,{},,
727fa6bc-f62a-4414-bc9c-4c0c0c2b42ff,HE_THONG_AMHS,Hệ thống AMHS,Hệ thống AMHS khai thác từ năm 2014; tuổi thọ thiết kế 10 năm theo bảng nguồn. Giấy phép đã ghi hạn 01/02/2025.,1,t,2026-07-12 07:31:55.53601+00,2026-07-14 14:10:14.445872+00,67a95071-c65d-45cf-831d-95da247fad20,581d9350-905f-46da-b45e-c2d8aba4d868,Hệ thống xử lý điện văn dịch vụ không lưu (AMHS),2014,4217/GP-CHK,2025-09-18,2027-09-22,Chuyển điện văn tự động,Chi tiết tại Phụ lục I kèm theo,Việt Nam,"Chuyển đổi và khai thác hệ thống, thiết bị đầu cuối AMHS phục vụ điều hành bay",Hệ thống và các thiết bị đầu cuối AMHS của Tổng công ty; các đầu cuối cơ sở,Không áp dụng,"Hệ thống chính/dự phòng tại Trung tâm Kiểm soát đường dài, tiếp cận Hồ Chí Minh; các đầu cuối theo phụ lục",24/24h,,AMHS chuyển điện văn tự động; chi tiết cấu hình theo phụ lục I.,,f024c88e-8702-49c8-a302-15b93f6acb3c,,,noi_bo,,22e9f4a5-2377-499b-a10d-9cc036258ad8,{},,
de1459f1-dcb1-4665-9ba9-5540417f6d01,HE_THONG_VCCS_4G_PBA,Hệ thống VCCS 4G PBA,,0,t,2026-07-13 09:18:51.214045+00,2026-07-17 07:05:58.26393+00,12b54ce6-495f-45af-9441-91e71bc26e21,581d9350-905f-46da-b45e-c2d8aba4d868,Hệ thống chuyển mạch thoại (VCCS),2016,2833/GP-CHK,2025-07-14,2027-07-30,R&S VCS-4G,6424049796894,Rumania,Phục vụ điều hành bay,Tại Đài KSKL Phú Bài,Không,Đài KSKL Phú Bài - Cảng HKQT Phú Bài,24/24h,,Hệ thống chuyển mạch thoại R&S VCS-4G.,,f024c88e-8702-49c8-a302-15b93f6acb3c,,,noi_bo,,22e9f4a5-2377-499b-a10d-9cc036258ad8,{},,
42c99ea1-6512-4826-878d-beb1868c3108,HT_VHF_118_8_PBA,Hệ thống VHF 118.8 MHz PBA,Hệ thống thông tin VHF tần số 118.8 MHz phục vụ liên lạc không-địa tại Đài KSKL Phú Bài.,10,t,2026-07-13 03:49:39.385548+00,2026-07-20 08:13:03.419788+00,1ff8845b-1715-492a-8992-ae6b779f1022,581d9350-905f-46da-b45e-c2d8aba4d868,Máy thu phát VHF thoại không - địa,,3621/GP-CHK,2024-07-19,2026-07-25,,"Máy chính: 105873 (SU4200), 105818 (EU4200C); máy dự phòng: 105875, 105874 (SU4200), 105819, 105821 (EU4200C); 19713 (TA-7650)…",,Điều hành bay (TWR Phú Bài),Bán kính R = 60 km,Không,Đài KSKL Phú Bài - Cảng HKQT Phú Bài; tọa độ WGS-84: 16°23′45″B - 107°46′19″Đ,24/24h,3800/GP-CHK,"Liên lạc thoại không - địa; AM 118,8 MHz; cấu hình chính - dự phòng.",,f024c88e-8702-49c8-a302-15b93f6acb3c,,,noi_bo,,22e9f4a5-2377-499b-a10d-9cc036258ad8,{},,
b3a13c3a-8bb8-4f1f-9e90-b84f811a641f,HE_THONG_GHI_AM_PBA,Hệ thống ghi âm PBA,,0,t,2026-07-14 14:07:01.112477+00,2026-07-14 14:10:14.445872+00,e30446a4-4bc6-4103-915b-bb67c596a4c9,581d9350-905f-46da-b45e-c2d8aba4d868,Thiết bị ghi âm,"2020, 2014",3623/GP-CHK,2024-07-19,2026-07-25,ATIS UHER VoiceCollect MD-x và ATTECH RECODER AR-16-A Standard,Máy chính: 049002-400442; máy dự phòng: 015,"Đức, Việt Nam",Ghi âm liên lạc thoại không - địa (A/G) và địa - địa (G/G),Tại Đài KSKL Phú Bài - Cảng HKQT Phú Bài,Không,Đài KSKL Phú Bài - Cảng HKQT Phú Bài,24/24h,,VoiceCollect MD-x + AR-16-A Standard.,,f024c88e-8702-49c8-a302-15b93f6acb3c,,,noi_bo,,,{},,
ce27df84-7054-4032-bfe7-efdb0bd119f4,HT_PBA_AWOS_900,Hệ thống AWOS-900 Phú Bài,"Bổ sung từ PL1. Danh mục thiết bị PBA.xlsx, sheet PBA_N1, dòng 55.",5,t,2026-07-11 09:50:09.894644+00,2026-07-14 14:10:14.445872+00,d7faf284-1a3a-4e53-9433-8476900a66e7,581d9350-905f-46da-b45e-c2d8aba4d868,Hệ thống quan trắc khí tượng tự động AWOS 900,"2009, 2024",1018/GP-CHK,2025-04-18,2027-04-25,AWOS 900,JG94L44; HG94L44,Mỹ (All Weather Inc),Quan trắc và báo cáo thời tiết sân bay phục vụ điều hành bay,Khu vực Cảng hàng không quốc tế Phú Bài,Không,"Cảng hàng không quốc tế Phú Bài, TP. Huế",24/24h,,AWOS 900; serial JG94L44; HG94L44.,,f024c88e-8702-49c8-a302-15b93f6acb3c,,,noi_bo,,22e9f4a5-2377-499b-a10d-9cc036258ad8,{},,
9c312ced-118b-4ce3-8f00-45b7c41e6453,THIET_BI_QUAN_TRAC_KHI_TUONG_THONG_DUNG_PHU_BAI,Thiết bị quan trắc khí tượng thông dụng Phú Bài,,0,t,2026-07-14 14:07:01.254474+00,2026-07-14 14:10:14.445872+00,d7faf284-1a3a-4e53-9433-8476900a66e7,581d9350-905f-46da-b45e-c2d8aba4d868,Thiết bị đo đạc quan trắc thông dụng (đo gió hiển thị số và khí áp hiển thị số),"2022, 2023",4854/GP-CHK,2024-09-23,2026-10-01,Thiết bị thủ công,Gió WindObserver (GILL): 2302019; Khí áp PTB 330: V0821315,"Anh, Phần Lan",Làm dự phòng đo các yếu tố khí tượng và cung cấp số liệu phục vụ hoạt động bay,Khu vực Cảng hàng không quốc tế Phú Bài,Không áp dụng,"Cảng hàng không quốc tế Phú Bài, tỉnh Thừa Thiên Huế",24/24h,,WindObserver GILL; khí áp PTB 330.,,f024c88e-8702-49c8-a302-15b93f6acb3c,,,noi_bo,,,{},,
6999e9e0-f9cf-4e26-9bef-30c362be5d7f,HE_THONG_VHF_118_6_MHZ_PCA,Hệ thống VHF 118.6 MHz PCA,,0,t,2026-07-14 14:07:01.538511+00,2026-07-14 14:10:14.445872+00,1ff8845b-1715-492a-8992-ae6b779f1022,46e84da7-5a8b-4a79-aa46-2fb4bae1ff26,Máy thu phát VHF thoại không - địa,"2016, 2019",617/GP-CHK,2025-04-01,2027-05-14,"Máy phát: SU4200, TA-7650; máy thu: EU4200C, RA-7203","Máy chính: 105886 (SU4200), 105833 (EU4200C). Máy dự phòng: 105885 (SU4200); 10198, 10199 (TA-7650); 105830 (EU4200C)…","Séc, Na Uy",Điều hành bay (TWR Phù Cát),Bán kính R = 60 km,Không,Đài KSKL Phù Cát - Cảng HK Phù Cát,24/24h,,"Liên lạc thoại không - địa; AM 118,6 MHz.",,f024c88e-8702-49c8-a302-15b93f6acb3c,,,noi_bo,,,{},,
af393d08-e9e7-4a13-92aa-fead8e88592d,HE_THONG_VHF_121_5_MHZ_PCA,Hệ thống VHF 121.5 MHz PCA,,0,t,2026-07-14 14:07:01.682247+00,2026-07-14 14:10:14.445872+00,1ff8845b-1715-492a-8992-ae6b779f1022,46e84da7-5a8b-4a79-aa46-2fb4bae1ff26,Máy thu phát VHF thoại không - địa,"2016, 2019",618/GP-CHK,2025-04-01,2027-05-14,"Máy phát: SU4200, TA-7650; máy thu: EU4200C, RA-7203","Máy chính: 105888 (SU4200), 105832 (EU4200C); Máy dự phòng: 105887 (SU4200); 10198, 10199 (TA-7650); 105831 (EU4200C)…","Séc, Na Uy","Liên lạc trên tần số khẩn nguy 121,5 MHz (TWR Phù Cát)",Bán kính R = 60 km,Không,Đài KSKL Phù Cát - Cảng HK Phù Cát,24/24h,,"Liên lạc thoại không - địa; AM 121,5 MHz.",,f024c88e-8702-49c8-a302-15b93f6acb3c,,,noi_bo,,,{},,
2b254fef-8e00-4957-b0c8-e2adb4c97cc9,HE_THONG_GHI_AM_PCA,Hệ thống ghi âm PCA,,0,t,2026-07-14 14:07:01.824615+00,2026-07-14 14:10:14.445872+00,e30446a4-4bc6-4103-915b-bb67c596a4c9,46e84da7-5a8b-4a79-aa46-2fb4bae1ff26,Ghi âm,"2024, 2019",603/GP-CHK,2025-02-07,2027-02-12,Atis Uher VoiceCollect MD-x và Attech Recoder AR-16-A Standard,Máy chính: 049002-401229; Máy dự phòng: 001,"Đức, Việt Nam",Ghi âm liên lạc thoại không - địa (A/G) và địa - địa (G/G),Đài KSKL Phù Cát - Cảng HK Phù Cát,Không,"Đài KSKL Phù Cát - Cảng HK Phù Cát, huyện Phù Cát, tỉnh Bình Định",24/24h,2037/GP-CHK,VoiceCollect MD-x + AR-16-A Standard.,,f024c88e-8702-49c8-a302-15b93f6acb3c,,,noi_bo,,,{},,
ebc4a136-c5e7-4f7d-abfc-e3ddea655b8c,HT_PCA_AWOS_IMS,Hệ thống AWOS IMS Phù Cát,"Bổ sung từ PL1. Danh mục thiết bị PCA.xlsx, sheet PCA_N1, dòng 36.",6,t,2026-07-11 09:50:09.894644+00,2026-07-14 14:10:14.445872+00,d7faf284-1a3a-4e53-9433-8476900a66e7,46e84da7-5a8b-4a79-aa46-2fb4bae1ff26,Hệ thống quan trắc thời tiết tự động IMS,2015,2145/GP-CHK,2024-05-03,2026-05-03,IMS,YLTQ028092; SGH834TQ2M,Slovakia (MicroStep-MIS),Quan trắc và báo cáo thời tiết sân bay phục vụ điều hành bay,Khu vực Cảng hàng không Phù Cát,Không áp dụng,"Cảng Hàng không Phù Cát, huyện Phù Cát, tỉnh Bình Định",24/24h,4741/GP-CHK,IMS; 24/24h từ 03/5/2024.,,f024c88e-8702-49c8-a302-15b93f6acb3c,,,noi_bo,,22e9f4a5-2377-499b-a10d-9cc036258ad8,{},,
33e70531-bcbc-4083-be08-066c9e79394d,THIET_BI_QUAN_TRAC_KHI_TUONG_THONG_DUNG_PHU_CAT,Thiết bị quan trắc khí tượng thông dụng Phù Cát,,0,t,2026-07-14 14:07:01.968219+00,2026-07-14 14:10:14.445872+00,d7faf284-1a3a-4e53-9433-8476900a66e7,46e84da7-5a8b-4a79-aa46-2fb4bae1ff26,"Thiết bị đo đạc quan trắc thông dụng (đo nhiệt độ, độ ẩm, đo gió hiển thị số và khí áp hiển thị số)","2022, 2023",4855/GP-CHK,2024-09-23,2026-10-01,Thiết bị thủ công,Gió WindObserver (GILL): 2302016; Khí áp PTB 330: V0821316; Nhiệt kế WQG-11: 60 và 41,"Anh, Phần Lan, Trung Quốc",Làm dự phòng đo các yếu tố khí tượng và cung cấp số liệu phục vụ hoạt động bay,Khu vực Cảng hàng không Phù Cát,Không áp dụng,"Cảng hàng không Phù Cát, tỉnh Bình Định",24/24h,,WindObserver GILL; PTB 330; WQG-11.,,f024c88e-8702-49c8-a302-15b93f6acb3c,,,noi_bo,,,{},,
f43c362d-33d4-4b9c-bc1e-39eb55a17f15,HE_THONG_VCCS_4G_PCA,Hệ thống VCCS 4G PCA,,0,t,2026-07-13 09:19:20.537073+00,2026-07-17 07:05:58.26393+00,12b54ce6-495f-45af-9441-91e71bc26e21,46e84da7-5a8b-4a79-aa46-2fb4bae1ff26,Hệ thống chuyển mạch thoại (VCCS),2016,616/GP-CHK,2025-04-01,2027-05-14,R&S VCS-4G,6424049796887,Rumania,Phục vụ điều hành bay,Tại Đài KSKL Phù Cát - Cảng HK Phù Cát,Không,Đài KSKL Phù Cát - Cảng HK Phù Cát,24/24h,,Hệ thống chuyển mạch thoại R&S VCS-4G.,,f024c88e-8702-49c8-a302-15b93f6acb3c,,,noi_bo,,22e9f4a5-2377-499b-a10d-9cc036258ad8,{},,
45599b8c-56e9-4d30-9578-703ef8ecbe3f,HT_VHF_121_5_PBA,Hệ thống VHF 121.5 MHz PBA,Hệ thống thông tin VHF tần số 121.5 MHz (tần số khẩn nguy quốc tế) phục vụ liên lạc không-địa tại Đài KSKL Phú Bài.,11,t,2026-07-13 03:49:39.506075+00,2026-07-20 08:12:50.070622+00,1ff8845b-1715-492a-8992-ae6b779f1022,581d9350-905f-46da-b45e-c2d8aba4d868,Máy thu phát VHF thoại không - địa,,3622/GP-CHK,2024-07-19,2026-07-25,,"Máy chính: 105876 (SU4200), 105820 (EU4200C); máy dự phòng: 105874, 105875 (SU4200); 105819, 105821 (EU4200C); 19713 (TA-7650)…",,"Liên lạc trên tần số khẩn nguy 121,5 MHz (TWR Phú Bài)",Bán kính R = 60 km,Không,Đài KSKL Phú Bài - Cảng HKQT Phú Bài; tọa độ WGS-84: 16°23′45″B - 107°46′19″Đ,24/24h,3801/GP-CHK,"Liên lạc thoại không - địa; AM 121,5 MHz; cấu hình chính - dự phòng.",,f024c88e-8702-49c8-a302-15b93f6acb3c,,,noi_bo,,22e9f4a5-2377-499b-a10d-9cc036258ad8,{},,
fe67be5d-51e7-4cb3-b681-24042d17834c,HE_THONG_VHF_118_1_MHZ_PLK,Hệ thống VHF 118.1 MHz PLK,,0,t,2026-07-14 14:07:02.250542+00,2026-07-14 14:10:14.445872+00,1ff8845b-1715-492a-8992-ae6b779f1022,8b408897-b25d-4ece-91ba-d97dfacec283,Máy thu phát VHF thoại không - địa,"2016, 1998, 2010",3619/GP-CHK,2024-07-19,2026-07-25,"Máy phát: SU4200, TA-7650; máy thu: EU4200C, RA-7203; máy thu phát: IC-A200","Máy chính: 105881 (SU4200), 105826 (EU4200C); máy dự phòng: 105882, 105884 (SU4200); 105827, 105829 (EU4200C); 19714 (TA-7650)…","Séc, Na Uy, Nhật Bản",Điều hành bay (TWR Pleiku),Bán kính R = 60 km,Không,Đài KSKL Pleiku - Cảng HK Pleiku; tọa độ WGS-84: 14°00′12″B - 108°01′30″Đ,24/24h,3799/GP-CHK,"Liên lạc thoại không - địa; AM 118,1 MHz.",,f024c88e-8702-49c8-a302-15b93f6acb3c,,,noi_bo,,,{},,
8ae676d1-679e-445e-aa85-cfe278d295ba,HE_THONG_VHF_121_5_MHZ_PLK,Hệ thống VHF 121.5 MHz PLK,,0,t,2026-07-14 14:07:02.392417+00,2026-07-14 14:10:14.445872+00,1ff8845b-1715-492a-8992-ae6b779f1022,8b408897-b25d-4ece-91ba-d97dfacec283,Máy thu phát VHF thoại không - địa,"2016, 1998, 2010",3620/GP-CHK,2024-07-19,2026-07-25,"Máy phát: SU4200, TA-7650; máy thu: EU4200C, RA-7203; máy thu phát: IC-A200","Máy chính: 105883 (SU4200), 105828 (EU4200C); máy dự phòng: 105882, 105884 (SU4200); 105827, 105829 (EU4200C); 19714 (TA-7650)…","Séc, Na Uy, Nhật Bản","Liên lạc trên tần số khẩn nguy 121,5 MHz (TWR Pleiku)",Bán kính R = 60 km,Không,Đài KSKL Pleiku - Cảng HK Pleiku; tọa độ WGS-84: 14°00′12″B - 108°01′30″Đ,24/24h,3802/GP-CHK,"Liên lạc thoại không - địa; AM 121,5 MHz.",,f024c88e-8702-49c8-a302-15b93f6acb3c,,,noi_bo,,,{},,
10203ebd-7f22-4bef-bae0-e74e34adc72f,HE_THONG_GHI_AM_PLK,Hệ thống ghi âm PLK,,0,t,2026-07-14 14:07:02.533777+00,2026-07-14 14:10:14.445872+00,e30446a4-4bc6-4103-915b-bb67c596a4c9,8b408897-b25d-4ece-91ba-d97dfacec283,Thiết bị ghi âm,"2020, 2014",3624/GP-CHK,2024-07-19,2026-07-25,ATIS UHER VoiceCollect MD-x và ATTECH AR-16-A Standard,Máy chính: 049002-400443; máy dự phòng: 032,"Đức, Việt Nam",Ghi âm liên lạc thoại không - địa (A/G) và địa - địa (G/G),Tại Đài KSKL Pleiku - Cảng HK Pleiku,Không,Đài KSKL Pleiku - Cảng HK Pleiku,24/24h,7468/GP-CHK,VoiceCollect MD-x + AR-16-A Standard.,,f024c88e-8702-49c8-a302-15b93f6acb3c,,,noi_bo,,,{},,
2236fe1c-6896-4157-a310-ae0e094233f6,HT_PLK_AWOS,Hệ thống AWOS IMS Pleiku,,7,t,2026-07-11 07:09:57.994074+00,2026-07-14 14:10:14.445872+00,d7faf284-1a3a-4e53-9433-8476900a66e7,8b408897-b25d-4ece-91ba-d97dfacec283,Hệ thống quan trắc thời tiết tự động IMS,2015,2146/GP-CHK,2024-05-03,2026-05-03,IMS,YLGS021708; YLGS021707,Slovakia (MicroStep-MIS),Quan trắc và báo cáo thời tiết sân bay phục vụ điều hành bay,Khu vực Cảng hàng không Pleiku,Không áp dụng,"Cảng Hàng không Pleiku, tỉnh Gia Lai",24/24h,4740/GP-CHK,IMS; 24/24h từ 03/5/2024.,,f024c88e-8702-49c8-a302-15b93f6acb3c,,,noi_bo,,22e9f4a5-2377-499b-a10d-9cc036258ad8,{},,
a96041a8-8fbe-4fed-8a98-b9d60c8600c7,THIET_BI_QUAN_TRAC_KHI_TUONG_THONG_DUNG_PLEIKU,Thiết bị quan trắc khí tượng thông dụng Pleiku,,0,t,2026-07-14 14:07:02.674723+00,2026-07-14 14:10:14.445872+00,d7faf284-1a3a-4e53-9433-8476900a66e7,8b408897-b25d-4ece-91ba-d97dfacec283,"Thiết bị đo đạc quan trắc thông dụng (đo nhiệt độ, độ ẩm, đo gió hiển thị số và khí áp hiển thị số)","2022, 2023",4856/GP-CHK,2024-09-23,2026-10-01,Thiết bị thủ công,Gió WindObserver (GILL): 2302014; Khí áp PTB 330: V0821324; Nhiệt kế WQG-11: 51 và 99,"Anh, Phần Lan, Trung Quốc",Làm dự phòng đo các yếu tố khí tượng và cung cấp số liệu phục vụ hoạt động bay,Khu vực Cảng hàng không Pleiku,Không áp dụng,"Cảng hàng không Pleiku, tỉnh Gia Lai",24/24h,,WindObserver GILL; PTB 330; WQG-11.,,f024c88e-8702-49c8-a302-15b93f6acb3c,,,noi_bo,,,{},,
4fea5c20-230a-4be7-a878-2a88882474c5,HE_THONG_VHF_134_05_MHZ_QNH,Hệ thống VHF 134.05 MHz QNH,,0,t,2026-07-14 14:07:03.100918+00,2026-07-14 14:10:14.445872+00,1ff8845b-1715-492a-8992-ae6b779f1022,38692b13-0732-44b4-86e7-c9b91bb0077c,Máy thu phát VHF thoại không - địa,2025,6276/GP-CHK,2025-12-12,2027-12-19,Máy phát: T6-TV; máy thu: T6-RV,Máy chính: 407046 (T6TV); 407013 (T6RV); Máy dự phòng: 407045 (T6TV); 407019 (T6RV),Anh,Điều hành bay (Phân khu 1 ACC HCM),Tầm phủ 463 km,Không,Trạm Ra đa Thông Quy Nhơn - Phường Quy Nhơn Nam - Tỉnh Gia Lai,24/24h,,"AM 134,05 MHz; Park Air T6; SX 2025",,f024c88e-8702-49c8-a302-15b93f6acb3c,,,noi_bo,,,{},,
77e611b4-bebe-4d1b-8223-a1536015a91a,HE_THONG_VHF_125_375_MHZ_QNH,Hệ thống VHF 125.375 MHz QNH,,0,t,2026-07-14 14:07:03.244591+00,2026-07-14 14:10:14.445872+00,1ff8845b-1715-492a-8992-ae6b779f1022,38692b13-0732-44b4-86e7-c9b91bb0077c,Máy thu phát VHF thoại không - địa,2025,6278/GP-CHK,2025-12-12,2027-12-19,Máy phát: T6-TV; máy thu: T6-RV,Máy chính: 407048 (T6TV); 407057 (T6RV); Máy dự phòng: 407049 (T6TV); 407020 (T6RV),Anh,Điều hành bay (Phân khu 1 ACC HCM),Tầm phủ 463 km,Không,Trạm Ra đa Thông Quy Nhơn,24/24h,,"AM 125,375 MHz; Park Air T6; SX 2025",,f024c88e-8702-49c8-a302-15b93f6acb3c,,,noi_bo,,,{},,
7abf263b-d89e-463f-9199-b1d07eb60ed6,HE_THONG_VHF_120_1_MHZ_QNH,Hệ thống VHF 120.1 MHz QNH,,0,t,2026-07-14 14:07:03.386376+00,2026-07-14 14:10:14.445872+00,1ff8845b-1715-492a-8992-ae6b779f1022,38692b13-0732-44b4-86e7-c9b91bb0077c,Máy thu phát VHF thoại không - địa,2020,6823/GP-CHK,2024-12-13,2027-01-15,Máy phát: TA-7650; Máy thu: RA-7203,Máy chính: 11320 (TA-7650); 12404 (RA-7203); Máy dự phòng: 11319 (TA-7650); 12403 (RA-7203),Na Uy,Điều hành bay (Phân khu 2 - ACC HCM),Bán kính R = 450 km,Không,"Trạm ra đa Quy Nhơn, núi Vũng Chua",24/24h,,"AM 120,1 MHz; Jotron; SX 2020",,f024c88e-8702-49c8-a302-15b93f6acb3c,,,noi_bo,,,{},,
873a9c5c-16e9-4955-aa06-b2ac255110cf,HE_THONG_VHF_128_775_MHZ_QNH,Hệ thống VHF 128.775 MHz QNH,,0,t,2026-07-14 14:07:03.5282+00,2026-07-14 14:10:14.445872+00,1ff8845b-1715-492a-8992-ae6b779f1022,38692b13-0732-44b4-86e7-c9b91bb0077c,Máy thu phát VHF thoại không - địa,2016,4733/GP-CHK,2025-10-10,2027-10-16,Máy phát: R&S SU4200; Máy thu: EU4200C,"Máy chính: 105889 (SU4200), 105834 (EU4200C); Máy dự phòng: 105890 (SU4200); 105835 (EU4200C)",Séc,Điều hành bay (Phân khu 6 - ACC HCM),Tầm phủ 463 km,Không,"Trạm ra đa Quy Nhơn, núi Vũng Chua",24/24h,,"AM 128,775 MHz; R&S; SX 2016",,f024c88e-8702-49c8-a302-15b93f6acb3c,,,noi_bo,,,{},,
988abbb5-6f25-4a47-8322-876cb0829381,HE_THONG_VCCS_4G_PLK,Hệ thống VCCS 4G PLK,,0,t,2026-07-13 09:19:09.647537+00,2026-07-17 07:05:58.26393+00,12b54ce6-495f-45af-9441-91e71bc26e21,8b408897-b25d-4ece-91ba-d97dfacec283,Hệ thống chuyển mạch thoại (VCCS),2016,2832/GP-CHK,2025-07-14,2027-07-30,R&S VCS-4G,6424049796863,Rumania,Phục vụ điều hành bay,Tại Đài KSKL Pleiku,Không,Đài KSKL Pleiku - Cảng HK Pleiku,24/24h,,Hệ thống chuyển mạch thoại R&S VCS-4G.,,f024c88e-8702-49c8-a302-15b93f6acb3c,,,noi_bo,,22e9f4a5-2377-499b-a10d-9cc036258ad8,{},,
6c79f710-a99f-490f-b05c-276218edd4c0,HE_THONG_VCCS_SITTI_THO,Hệ thống VCCS SITTI THO,,0,t,2026-07-13 09:19:29.823123+00,2026-07-17 07:05:58.26393+00,12b54ce6-495f-45af-9441-91e71bc26e21,e43c5d4b-3c3c-4486-89da-73e9ac747ab4,Hệ thống chuyển mạch thoại (VCCS),2015,5129/GP-CHK,2024-09-30,2026-10-05,MULTIFONO M800IP,1603996-001 (phần chính); 1603976-001 (phần mở rộng),Italia,Phục vụ điều hành bay,Đài KSKL Tuy Hòa,Không,Đài KSKL Tuy Hòa - Cảng HK Tuy Hòa,24/24h,,VCCS MULTIFONO M800IP (SITTI),,f024c88e-8702-49c8-a302-15b93f6acb3c,,,noi_bo,,22e9f4a5-2377-499b-a10d-9cc036258ad8,{},,
7e234c94-71fa-4af2-9f0e-fb0996d441ba,HE_THONG_VHF_120_7_MHZ_QNH,Hệ thống VHF 120.7 MHz QNH,,0,t,2026-07-14 14:07:03.669966+00,2026-07-14 14:10:14.445872+00,1ff8845b-1715-492a-8992-ae6b779f1022,38692b13-0732-44b4-86e7-c9b91bb0077c,Máy thu phát VHF thoại không - địa,2025,6288/GP-CHK,2025-12-12,2027-12-19,Máy phát: T6-TV; máy thu: T6-RV,Máy chính: 407043 (T6TV); 407014 (T6RV); Máy dự phòng: 407042 (T6TV); 407022 (T6RV),Anh,Điều hành bay (Phân khu 5 ACC HCM),Tầm phủ 450 km,Không,Trạm Ra đa Thông Quy Nhơn,24/24h,,"AM 120,7 MHz; Park Air T6; SX 2025",,f024c88e-8702-49c8-a302-15b93f6acb3c,,,noi_bo,,,{},,
c6622ed5-a311-43b5-a527-900edfc6d197,HE_THONG_VHF_133_15_MHZ_QNH,Hệ thống VHF 133.15 MHz QNH,,0,t,2026-07-14 14:07:03.81114+00,2026-07-14 14:10:14.445872+00,1ff8845b-1715-492a-8992-ae6b779f1022,38692b13-0732-44b4-86e7-c9b91bb0077c,Máy thu phát VHF thoại không - địa,2025,6289/GP-CHK,2025-12-12,2027-12-19,Máy phát: T6-TV; máy thu: T6-RV,Máy chính: 407044 (T6TV); 407017 (T6RV); Máy dự phòng: 407031 (T6TV); 407016 (T6RV),Anh,Điều hành bay (Phân khu 5 ACC HCM),Tầm phủ 450 km,Không,Trạm Ra đa Thông Quy Nhơn,24/24h,,"AM 133,15 MHz; Park Air T6; SX 2025",,f024c88e-8702-49c8-a302-15b93f6acb3c,,,noi_bo,,,{},,
fc69e4ff-4f6c-4b87-bddc-57d948cc91a5,HE_THONG_VHF_121_5_MHZ_QNH,Hệ thống VHF 121.5 MHz QNH,,0,t,2026-07-14 14:07:03.952709+00,2026-07-14 14:10:14.445872+00,1ff8845b-1715-492a-8992-ae6b779f1022,38692b13-0732-44b4-86e7-c9b91bb0077c,Máy thu phát VHF thoại không - địa,2025,6301/GP-CHK,2025-12-12,2027-12-19,Máy phát: T6-TV; máy thu: T6-RV,Máy chính: 407041 (T6TV); 407012 (T6RV); Máy dự phòng: 407047 (T6TV); 407015 (T6RV),Anh,"Liên lạc trên tần số khẩn nguy 121,5 MHz (Phân khu 1, 5 ACC HCM)",Tầm phủ 463 km,Không,Trạm Ra đa Thông Quy Nhơn,24/24h,,"AM 121,5 MHz; Park Air T6; SX 2025",,f024c88e-8702-49c8-a302-15b93f6acb3c,,,noi_bo,,,{},,
2895b9ad-dab8-49c8-a26a-47241cef0c2e,HE_THONG_VHF_123_3_MHZ_STR,Hệ thống VHF 123.3 MHz STR,,0,t,2026-07-14 14:07:04.234891+00,2026-07-14 14:10:14.445872+00,1ff8845b-1715-492a-8992-ae6b779f1022,b91944b0-f556-47dd-ae34-c9c8368a18fc,Máy thu phát VHF thoại không - địa,2016,1970/GP-CHK,2024-04-23,2026-04-24,Máy phát: SU4200; Máy thu: EU4200C,Tại Phụ lục kèm theo,Séc,"Điều hành bay (Phân khu 4, ACC Hà Nội)",Bán kính R = 463 km,Không,Trạm ra đa - Thông Sơn Trà 2,24/24h,,"AM 123,3 MHz; R&S; SX 2016",,f024c88e-8702-49c8-a302-15b93f6acb3c,,,noi_bo,,,{},,
a7a81f1c-f0f3-400b-83b5-26b1cdb68193,HE_THONG_VHF_124_55_MHZ_STR,Hệ thống VHF 124.55 MHz STR,,0,t,2026-07-14 14:07:04.376933+00,2026-07-14 14:10:14.445872+00,1ff8845b-1715-492a-8992-ae6b779f1022,b91944b0-f556-47dd-ae34-c9c8368a18fc,Máy thu phát VHF thoại không - địa,2010,4028/GP-CHK,2024-08-09,2026-08-15,"Máy phát: Park Air B6350, Jotron TA7650; Máy thu: Park Air B6100",Máy chính: 3S9312 (B6350); 274262 (B6100); máy dự phòng: 01236 (TA7650); 3S13596 (B6100),Anh,Điều hành bay (Dự phòng phân khu 4 - ACC HAN),Bán kính R = 463 km,Không,Trạm ra đa - Thông Sơn Trà 1,24/24h,2304/GP-CHK,"AM 124,55 MHz",,f024c88e-8702-49c8-a302-15b93f6acb3c,,,noi_bo,,,{},,
c4dd13e1-79a1-450e-9fe6-544c2d4f40ff,HE_THONG_VHF_121_5_MHZ_STR,Hệ thống VHF 121.5 MHz STR,,0,t,2026-07-14 14:07:04.518481+00,2026-07-14 14:10:14.445872+00,1ff8845b-1715-492a-8992-ae6b779f1022,b91944b0-f556-47dd-ae34-c9c8368a18fc,Máy thu phát VHF thoại không - địa,2009,2830/GP-CHK,2025-07-14,2027-07-18,Máy phát: Jotron TA-7650; Máy thu: Jotron RA-7203,"Máy chính: 01160 (TA-7650), 01201 (RA-7203). Máy dự phòng: 01235 (TA-7650), 06885 (RA-7203)",Na Uy,"Liên lạc trên tần số khẩn nguy 121,5 MHz (Phân khu 4 – ACC Hà Nội)",Bán kính R = 463 km,Không,Trạm ra đa - Thông Sơn Trà 1,24/24h,7172/GP-CHK,"AM 121,5 MHz; Jotron",,f024c88e-8702-49c8-a302-15b93f6acb3c,,,noi_bo,,,{},,
0a05b9c3-b63a-4f0d-b26a-8067e9646539,HE_THONG_VHF_125_9_MHZ_STR,Hệ thống VHF 125.9 MHz STR,,0,t,2026-07-14 14:07:04.660327+00,2026-07-14 14:10:14.445872+00,1ff8845b-1715-492a-8992-ae6b779f1022,b91944b0-f556-47dd-ae34-c9c8368a18fc,Máy thu phát VHF thoại không - địa,2013,1977/GP-CHK,2024-04-23,2026-04-24,"Hãng Park Air: Máy phát T6T, Máy thu T6R",Tại Phụ lục kèm theo,Anh,"Điều hành bay (Phân khu 3, ACC Hà Nội)",Bán kính R = 463 km,Không,Trạm ra đa - Thông Sơn Trà 2,24/24h,,"AM 125,9 MHz; Park Air T6",,f024c88e-8702-49c8-a302-15b93f6acb3c,,,noi_bo,,,{},,
f9f78cdb-9a18-4c5c-82e9-7d454956170f,HE_THONG_VHF_134_425_MHZ_STR,Hệ thống VHF 134.425 MHz STR,,0,t,2026-07-14 14:07:04.8015+00,2026-07-14 14:10:14.445872+00,1ff8845b-1715-492a-8992-ae6b779f1022,b91944b0-f556-47dd-ae34-c9c8368a18fc,Máy thu phát VHF thoại không - địa,2020,2829/GP-CHK,2025-07-14,2027-08-12,Máy phát: Park Air T6T; Máy thu: Park Air T6R,Máy chính: 6U11311 (T6T); 6U16873 (T6R). Máy dự phòng: 6U11307 (T6T); 6U16865 (T6R),Anh,Điều hành bay (Dự phòng phân khu 3 - ACC Hà Nội),Bán kính R = 463 km,Không,Trạm ra đa - Thông Sơn Trà 1,24/24h,,"AM 134,425 MHz; Park Air T6",,f024c88e-8702-49c8-a302-15b93f6acb3c,,,noi_bo,,,{},,
166da49c-c77b-40eb-86a5-78870d4f7936,HE_THONG_VHF_118_9_MHZ_THA,Hệ thống VHF 118.9 MHz THA,,0,t,2026-07-14 14:07:05.365387+00,2026-07-14 14:10:14.445872+00,1ff8845b-1715-492a-8992-ae6b779f1022,e43c5d4b-3c3c-4486-89da-73e9ac747ab4,Máy thu phát VHF thoại không - địa,"2015, 1997, 2023",3617/GP-CHK,2024-07-19,2026-07-25,"Máy thu/phát: T6R/T6T, TA-7650/RA-7203; máy thu phát ICOM IC-A200","Máy chính: 166195 (T6T), 166179 (T6R); máy dự phòng: 166196 (T6T), 166181 (T6R); 19715 (TA-7650), 19742 (RA-7203); 12786, 12335 (IC-A200)","Anh, Nhật Bản, Na Uy",Điều hành bay (TWR Tuy Hòa),Bán kính R = 60 km,Không,Đài KSKL Tuy Hòa - Cảng HK Tuy Hòa,24/24h,4259/GP-CHK,"AM 118,9 MHz",,f024c88e-8702-49c8-a302-15b93f6acb3c,,,noi_bo,,,{},,
7f40beb2-5d47-4f4a-b7df-35cd1cca56ae,HT_THA_D_AW21,Hệ thống D-AW21 Tuy Hòa,"Bổ sung từ PL1. Danh mục thiết bị THA.xlsx, sheet THO_N1, dòng 38.",8,t,2026-07-11 09:50:09.894644+00,2026-07-14 14:10:14.445872+00,d7faf284-1a3a-4e53-9433-8476900a66e7,e43c5d4b-3c3c-4486-89da-73e9ac747ab4,Hệ thống quan trắc khí tượng tự động D-AW21,2023,1206/GP-CHK,2025-04-26,2027-05-01,D-AW21,3NC3QY3; 4NC3QY3,"Malaysia (Server), Việt Nam (Phần mềm)",Quan trắc và báo cáo thời tiết sân bay phục vụ hoạt động bay,Khu vực Cảng hàng không Tuy Hòa,Không,"Cảng hàng không Tuy Hòa, Tp. Tuy Hòa, Tỉnh Phú Yên",24/24h,,D-AW21,,f024c88e-8702-49c8-a302-15b93f6acb3c,,,noi_bo,,22e9f4a5-2377-499b-a10d-9cc036258ad8,{},,
67854a57-f71b-46cf-b2da-cf2c5f62117d,HE_THONG_AW11_TUY_HOA,Hệ thống AW11 Tuy Hòa,,0,t,2026-07-14 14:07:05.648887+00,2026-07-14 14:10:14.445872+00,d7faf284-1a3a-4e53-9433-8476900a66e7,e43c5d4b-3c3c-4486-89da-73e9ac747ab4,Hệ thống quan trắc khí tượng tự động AW11,1998,4342/GP-CHK,2025-09-24,2027-09-26,AW11,T53202,"Hãng Vaisala, Phần Lan",Quan trắc và báo cáo thời tiết sân bay phục vụ hoạt động bay,Khu vực Cảng hàng không Tuy Hòa,ME AWS.00002,Cảng hàng không Tuy Hòa,24/24h,,AW11 Vaisala,,f024c88e-8702-49c8-a302-15b93f6acb3c,,,noi_bo,,,{},,
89f3eb33-479e-4e7a-9c5c-a50dfe97154c,THIET_BI_QUAN_TRAC_KHI_TUONG_THONG_DUNG_TUY_HOA,Thiết bị quan trắc khí tượng thông dụng Tuy Hòa,,0,t,2026-07-14 14:07:05.791513+00,2026-07-14 14:10:14.445872+00,d7faf284-1a3a-4e53-9433-8476900a66e7,e43c5d4b-3c3c-4486-89da-73e9ac747ab4,"Thiết bị đo đạc quan trắc thông dụng (đo nhiệt độ, độ ẩm, đo gió hiển thị số và khí áp hiển thị số)","2022, 2023",4857/GP-CHK,2024-09-23,2026-10-01,Thiết bị thủ công,Gió WindObserver (GILL): 2302009; Khí áp PTB 330: V0821329; Nhiệt kế WQG-11: 1 và 24,"Anh, Phần Lan, Trung Quốc",Làm dự phòng đo các yếu tố khí tượng và cung cấp số liệu phục vụ hoạt động bay,Khu vực Cảng hàng không Tuy Hòa,Không áp dụng,"Cảng hàng không Tuy Hòa, tỉnh Phú Yên",24/24h,,WindObserver; PTB 330; WQG-11,,f024c88e-8702-49c8-a302-15b93f6acb3c,,,noi_bo,,,{},,
1b4a53cd-3661-4222-9fa9-7bedea9738c0,HE_THONG_ADS_B_CHU_LAI,Hệ thống ADS-B Chu Lai,,0,t,2026-07-14 14:06:56.990361+00,2026-07-17 01:20:13.233503+00,60dc49b4-f989-4d07-97ef-ddfc1c785f0c,141337b4-f2fa-4438-808f-0d10cfeedb85,Trạm thu dữ liệu giám sát phụ thuộc tự động - quảng bá (ADS-B),2022,4892/GP-CHK,2024-09-24,2026-10-01,Máy thu ADS-B AX 680,"Receiver/Site Monitor: 00913/2138429, 00915/2138430","Thales, Đức","Hỗ trợ điều hành bay TWR Chu Lai; tăng cường dự phòng tầm phủ ra đa giám sát cho CTL/APP Đà Nẵng, ACC Hà Nội, ACC Hồ Chí Minh","Tầm phủ 463 km (tùy theo mực bay, trong điều kiện tầm nhìn thẳng)","SIC 197, SIC 198","Đài KSKL Chu Lai, Cảng HK Chu Lai; tọa độ WGS-84: 15°24′37,96″B - 108°42′22,67″Đ",24/24h,,02 máy thu ADS-B độc lập 1090 MHz; LCMS và đầu cuối hiển thị tại Chu Lai; RCMS từ xa tại Đội CNTT; kết nối các hệ thống xử lý ADS-B.,,f024c88e-8702-49c8-a302-15b93f6acb3c,,,noi_bo,,,{},,
9cb7bc54-b28c-4f62-a59f-9c3e023e92df,HE_THONG_ADS_B_PHU_BAI,Hệ thống ADS-B Phú Bài,,0,t,2026-07-14 14:07:01.396051+00,2026-07-17 01:20:13.233503+00,60dc49b4-f989-4d07-97ef-ddfc1c785f0c,581d9350-905f-46da-b45e-c2d8aba4d868,Trạm thu dữ liệu giám sát phụ thuộc tự động - quảng bá (ADS-B),2022,4891/GP-CHK,2024-09-24,2026-10-01,Máy thu ADS-B AX 680,"00934/2138423, 00936/2138424",Đức (Thales),Hỗ trợ điều hành bay TWR Phú Bài; tăng cường dự phòng tầm phủ ra đa giám sát,Tầm phủ 463 km,"SIC 195, SIC 196","Đài KSKL Phú Bài, Cảng HKQT Phú Bài",24/24h,,02 máy thu ADS-B AX 680.,,f024c88e-8702-49c8-a302-15b93f6acb3c,,,noi_bo,,,{},,
b898fe53-66b6-4bac-8d9d-b58b4b79d722,HE_THONG_ADS_B_PHU_CAT,Hệ thống ADS-B Phù Cát,,0,t,2026-07-14 14:07:02.109775+00,2026-07-17 01:20:13.233503+00,60dc49b4-f989-4d07-97ef-ddfc1c785f0c,46e84da7-5a8b-4a79-aa46-2fb4bae1ff26,Trạm thu dữ liệu giám sát phụ thuộc tự động - quảng bá (ADS-B),2022,4893/GP-CHK,2024-09-24,2026-10-01,Máy thu ADS-B AX 680,"00942/2138427, 00917/2138428",Đức (Thales),"Hỗ trợ điều hành bay TWR Phù Cát; phục vụ CTL/APP Đà Nẵng, ACC Hà Nội, ACC Hồ Chí Minh",Tầm phủ 463 km,"SIC 199, SIC 200","Đài KSKL Phù Cát, Cảng HK Phù Cát",24/24h,,02 máy thu ADS-B AX 680.,,f024c88e-8702-49c8-a302-15b93f6acb3c,,,noi_bo,,,{},,
62705194-97b3-4e07-9574-12672daa21cf,HE_THONG_ADS_B_PLEIKU,Hệ thống ADS-B Pleiku,,0,t,2026-07-14 14:07:02.816329+00,2026-07-17 01:20:13.233503+00,60dc49b4-f989-4d07-97ef-ddfc1c785f0c,8b408897-b25d-4ece-91ba-d97dfacec283,Trạm thu dữ liệu giám sát phụ thuộc tự động - quảng bá (ADS-B),2022,732/GP-CHK,2025-04-08,2027-04-15,Máy thu ADS-B AX 680,"00946/2138425, 00947/2138426",Đức (Thales),Hỗ trợ điều hành bay TWR Pleiku; tăng cường dự phòng tầm phủ ra đa giám sát,Tầm phủ 463 km,"SIC 201, SIC 202","Đài KSKL Pleiku, Cảng HK Pleiku",24/24h,4894/GP-CHK,02 máy thu ADS-B AX 680.,,f024c88e-8702-49c8-a302-15b93f6acb3c,,,noi_bo,,,{},,
fe37911b-555f-46c0-bdd5-4724e57a9a9e,HE_THONG_ADS_B_TUY_HOA,Hệ thống ADS-B Tuy Hòa,,0,t,2026-07-14 14:07:05.933935+00,2026-07-17 01:20:13.233503+00,60dc49b4-f989-4d07-97ef-ddfc1c785f0c,e43c5d4b-3c3c-4486-89da-73e9ac747ab4,Trạm thu dữ liệu giám sát phụ thuộc tự động - quảng bá (ADS-B),2022,3314/GP-CHK,2024-07-04,2026-07-15,Máy thu ADS-B AX 680,"00862/2138442, 00860/2138441","Hãng Thales, Đức",Hỗ trợ điều hành bay TWR Tuy Hòa; dự phòng tầm phủ ra đa cho ACC HCM,Tầm phủ 463 km,"SIC 203, SIC 204",Đài KSKL Tuy Hòa - Cảng hàng không Tuy Hòa,24/24h,,02 máy thu ADS-B AX 680,,f024c88e-8702-49c8-a302-15b93f6acb3c,,,noi_bo,,,{},,
2bc88761-ea6c-4d35-828a-28a98e701956,HE_THONG_D_ATIS_CAM_RANH,Hệ thống D-ATIS Cam Ranh,,0,t,2026-07-14 14:06:58.268454+00,2026-07-17 01:20:13.233503+00,40639cfa-4987-4c83-b681-2a2c6722e923,f59bf0bd-520b-4245-80db-dc71b7187bf1,Hệ thống thông báo tin tức bán tự động tại khu vực sân bay (D-ATIS),"2022, 2016",606/GP-CHK,2026-01-30,2028-02-01,Máy phát Jotron TA-7650; Máy thu: EU4200C,Máy chính: 18175; Máy dự phòng: 18172; Máy thu: 105801,"USA, Séc","Phát thanh bằng lời và phát dữ liệu về điều kiện thời tiết, phương thức tiếp cận, cất cánh và tình trạng đường cất, hạ cánh tại Cảng",Khu vực Cảng hàng không quốc tế Cam Ranh,Không áp dụng,"Trung tâm Kiểm soát tiếp cận – Tại sân Cam Ranh; tọa độ WGS-84: 109°12′52″E, 12°00′14″N",24/24h,6685/GP-CHK,"02 máy phát, 01 máy thu, 02 máy chủ hot/standby; 04 máy tính đầu cuối; tần số 126.425 MHz; 50W; phần mềm ATIS-FlexIDS; kết nối Datalink ATCC Hà Nội.",,f024c88e-8702-49c8-a302-15b93f6acb3c,,,noi_bo,,,{},,
8b25c26d-d3bd-4e3b-bbf8-8d50e93e9e34,HE_THONG_D_ATIS_DA_NANG,Hệ thống D-ATIS Đà Nẵng,,0,t,2026-07-14 14:07:00.972496+00,2026-07-17 01:20:13.233503+00,40639cfa-4987-4c83-b681-2a2c6722e923,c3231147-e403-4afa-838f-04026ffa8f7d,Hệ thống thông báo tin tức bán tự động tại khu vực sân bay (D-ATIS),"2022, 2016",607/GP-CHK,2026-01-30,2028-02-01,Máy phát Jotron TA-7650; Máy thu: EU4200C,Máy chính: 18176; Máy dự phòng: 18173; Máy thu: 105800,"USA, Séc","Phát thanh bằng lời và phát dữ liệu về điều kiện thời tiết, phương thức tiếp cận, cất/hạ cánh",Khu vực Cảng hàng không quốc tế Đà Nẵng,Không áp dụng,"Trung tâm Kiểm soát Tiếp cận – Tại sân Đà Nẵng; tọa độ WGS-84: 108°12′10″E, 16°02′46″N",24/24h,,D-ATIS; tần số ~128.525 MHz theo GP; cấu hình chính/dự phòng.,,f024c88e-8702-49c8-a302-15b93f6acb3c,,,noi_bo,,,{},,
bb5b5939-4377-41f0-bd28-b143c61eac15,HE_THONG_RDP_CAM_RANH,Hệ thống RDP Cam Ranh,,0,t,2026-07-14 14:06:58.126573+00,2026-07-17 01:20:13.233503+00,300ff615-627e-424f-aeb4-fca146b3cfc5,f59bf0bd-520b-4245-80db-dc71b7187bf1,Hệ thống xử lý dữ liệu ra đa (RDP),2010,3781/GP-CHK,2024-07-29,2026-08-14,"Hệ thống xử lý dữ liệu ra đa, ADS-B",Tại Phụ lục 1 kèm theo,Italia,Phục vụ điều hành bay (APP/TWR Cam Ranh),Khu vực trách nhiệm APP/TWR Cam Ranh,Không,Trung tâm Kiểm soát tiếp cận - tại sân Cam Ranh,24/24h,,"Máy chủ xử lý dữ liệu (HP-DL380p G8/G6), share devices, workstation Z400; chi tiết serial theo phụ lục 1.",,f024c88e-8702-49c8-a302-15b93f6acb3c,,,noi_bo,,,{},,
75979ae0-c2f6-40c3-aa1a-935b6f8c3b9b,HE_THONG_RDP_DA_NANG,Hệ thống RDP Đà Nẵng,,0,t,2026-07-14 14:06:59.839497+00,2026-07-17 01:20:13.233503+00,300ff615-627e-424f-aeb4-fca146b3cfc5,c3231147-e403-4afa-838f-04026ffa8f7d,Hệ thống xử lý dữ liệu ra đa (RDP),2015,1510/GP-CHK,2025-05-14,2027-05-20,"Hệ thống xử lý dữ liệu ra đa, ADS-B Aircon",Tại Phụ lục 1 kèm theo,Tây Ban Nha,Phục vụ điều hành bay (CTL/APP/TWR Đà Nẵng),"Trung tâm kiểm soát Tiếp cận, tại sân Đà Nẵng",Không,"Trung tâm kiểm soát Tiếp cận, tại sân Đà Nẵng, phường Hòa Thuận Tây, quận Hải Châu, Tp. Đà Nẵng",24/24h,2954/GP-CHK,RDP + ADS-B Aircon; chi tiết serial theo phụ lục 1.,,f024c88e-8702-49c8-a302-15b93f6acb3c,,,noi_bo,,,{},,
6d01c5d0-9b28-4122-bab7-184cce08bbb6,VCCS,Hệ thống VCCS,Voice Communication Control System (pilot),0,t,2026-07-14 04:22:26.507252+00,2026-07-17 07:20:00.018497+00,12b54ce6-495f-45af-9441-91e71bc26e21,c3231147-e403-4afa-838f-04026ffa8f7d,,,,,,,,,,,,,,,,,f024c88e-8702-49c8-a302-15b93f6acb3c,,,noi_bo,,22e9f4a5-2377-499b-a10d-9cc036258ad8,{},,
fbad1875-5a3c-41cd-b5dd-81c5962c702b,VHF,Hệ thống VHF,Hệ thống liên lạc thoại VHF (pilot),0,t,2026-07-14 04:22:26.507252+00,2026-07-17 07:20:00.018497+00,1ff8845b-1715-492a-8992-ae6b779f1022,c3231147-e403-4afa-838f-04026ffa8f7d,,,,,,,,,,,,,,,,,f024c88e-8702-49c8-a302-15b93f6acb3c,,,noi_bo,,22e9f4a5-2377-499b-a10d-9cc036258ad8,{},,
0f5f4e80-ae06-4210-ac84-b9a5a5909825,HE_THONG_VCCS_FREQUENTIS_CRA,Hệ thống VCCS FREQUENTIS CRA,,0,t,2026-07-13 09:19:47.554202+00,2026-07-17 07:05:58.26393+00,12b54ce6-495f-45af-9441-91e71bc26e21,f59bf0bd-520b-4245-80db-dc71b7187bf1,Hệ thống chuyển mạch thoại (VCCS),2020,2834/GP-CHK,2025-07-14,2027-07-30,Frequentis VCS3020X,VCS 3020X Rel 8.0,Áo,Phục vụ điều hành bay,"Trung tâm Kiểm soát Tiếp cận, Tại sân Cam Ranh - Cảng HKQT Cam Ranh",Không,"Trung tâm Kiểm soát Tiếp cận, Tại sân Cam Ranh - Cảng HKQT Cam Ranh",24/24h,,02 phần lõi chuyển mạch song song; 01 server và 01 máy tính giám sát; 15 giao tiếp vô tuyến/thoại; 13 đầu cuối khai thác (APP/TWR/GCU/kíp trưởng/trực KT).,,f024c88e-8702-49c8-a302-15b93f6acb3c,,,noi_bo,,22e9f4a5-2377-499b-a10d-9cc036258ad8,{},,
1e44141b-e2de-49d2-930b-5886ba6a3b38,HE_THONG_XU_LY_ADS_B_DA_NANG,Hệ thống xử lý ADS-B Đà Nẵng,,0,t,2026-07-14 14:07:00.830751+00,2026-07-23 23:30:08.108296+00,60dc49b4-f989-4d07-97ef-ddfc1c785f0c,c3231147-e403-4afa-838f-04026ffa8f7d,Hệ thống xử lý dữ liệu ADS-B,2022,4897/GP-CHK,2024-09-24,2026-10-01,MAGS CPMS Server X11,"E263363X2201174, E263363X22011227",Đức (Thales),Nhận và xử lý dữ liệu ADS-B phục vụ điều hành bay,APP/TWR Đà Nẵng và các khu vực của FIR Hồ Chí Minh,Không,"Trung tâm kiểm soát Tiếp cận - Tại sân Đà Nẵng, Cảng HKQT Đà Nẵng",24/24h,,MAGS CPMS Server X11; 02 serial server.,,f024c88e-8702-49c8-a302-15b93f6acb3c,,,noi_bo,,,{},,
42b37427-5a29-4d7d-9c66-e71536e081f8,QA_HT_1784866206_1,QA Hệ thống quyền 1784866206.1,,0,t,2026-07-24 04:10:07.4916+00,2026-07-24 04:10:07.4916+00,da328c82-5dc1-4a5f-9a26-b4a9aa2675ad,d8d935d5-1545-4139-836d-8dc8a7cc54e0,,,,,,,,,,,,,,,,,7cde6563-24dc-4f89-acdf-76e239caa2ae,,,noi_bo,,,{},,
69691817-363e-4556-8b37-fb99a7d4d056,QA_HT_1784866206_2,QA Hệ thống quyền 1784866206.2,,0,t,2026-07-24 04:10:09.013963+00,2026-07-24 04:10:09.013963+00,da328c82-5dc1-4a5f-9a26-b4a9aa2675ad,d8d935d5-1545-4139-836d-8dc8a7cc54e0,,,,,,,,,,,,,,,,,7cde6563-24dc-4f89-acdf-76e239caa2ae,,,noi_bo,,,{},,
f23f736e-84a0-49ff-8cb3-4bbcbde3ad9f,QA_HT_1784866206_3,QA Hệ thống quyền 1784866206.3,,0,t,2026-07-24 04:10:10.643001+00,2026-07-24 04:10:10.643001+00,da328c82-5dc1-4a5f-9a26-b4a9aa2675ad,d8d935d5-1545-4139-836d-8dc8a7cc54e0,,,,,,,,,,,,,,,,,7cde6563-24dc-4f89-acdf-76e239caa2ae,,,noi_bo,,,{},,
c430bc01-239f-4a2a-b408-76aa06bf23ac,QA5_HT_1784866551_1,QA5 hệ thống kiểm quyền 1784866551.1,,0,t,2026-07-24 04:15:52.953087+00,2026-07-24 04:15:52.953087+00,cd8bcfcd-6f22-42a6-beed-93fba01fa274,c3231147-e403-4afa-838f-04026ffa8f7d,,,,,,,,,,,,,,,,,f024c88e-8702-49c8-a302-15b93f6acb3c,,,noi_bo,,,{},,
5fdb9e8a-0bf0-4fdf-9d81-0f68c03722ae,QA5_HT_1784866551_2,QA5 hệ thống kiểm quyền 1784866551.2,,0,t,2026-07-24 04:16:04.612173+00,2026-07-24 04:16:04.612173+00,cd8bcfcd-6f22-42a6-beed-93fba01fa274,c3231147-e403-4afa-838f-04026ffa8f7d,,,,,,,,,,,,,,,,,f024c88e-8702-49c8-a302-15b93f6acb3c,,,noi_bo,,,{},,
67c9ce16-0967-4ed3-910a-e2ce6d99154a,QA5_HT_1784866551_3,QA5 hệ thống kiểm quyền 1784866551.3,,0,t,2026-07-24 04:16:15.041425+00,2026-07-24 04:16:15.041425+00,cd8bcfcd-6f22-42a6-beed-93fba01fa274,c3231147-e403-4afa-838f-04026ffa8f7d,,,,,,,,,,,,,,,,,f024c88e-8702-49c8-a302-15b93f6acb3c,,,noi_bo,,,{},,
55a0b1b0-f232-4253-b2d6-c8681b8c0e30,QA5_HT_1784866551_4,QA5 hệ thống kiểm quyền 1784866551.4,,0,t,2026-07-24 04:16:32.300027+00,2026-07-24 04:16:32.300027+00,cd8bcfcd-6f22-42a6-beed-93fba01fa274,c3231147-e403-4afa-838f-04026ffa8f7d,,,,,,,,,,,,,,,,,f024c88e-8702-49c8-a302-15b93f6acb3c,,,noi_bo,,,{},,
00e96085-5ef0-4a8a-8942-dc6235b1b86a,QA5_HT_1784866551_5,QA5 hệ thống kiểm quyền 1784866551.5,,0,t,2026-07-24 04:16:44.833908+00,2026-07-24 04:16:44.833908+00,cd8bcfcd-6f22-42a6-beed-93fba01fa274,c3231147-e403-4afa-838f-04026ffa8f7d,,,,,,,,,,,,,,,,,f024c88e-8702-49c8-a302-15b93f6acb3c,,,noi_bo,,,{},,
8db32401-e3ee-4af0-a9a1-b27630c1b785,TEST_PERM_1784903549503,TEST quyền xoá 1784903549503,,0,t,2026-07-24 14:32:30.838117+00,2026-07-24 14:32:30.838117+00,da328c82-5dc1-4a5f-9a26-b4a9aa2675ad,d8d935d5-1545-4139-836d-8dc8a7cc54e0,,,,,,,,,,,,,,,,,7cde6563-24dc-4f89-acdf-76e239caa2ae,,,noi_bo,,,{},,
