id,ma,ten,so_model,nha_san_xuat_id,loai_thiet_bi_id,field_set_id,hinh_anh,mo_ta,thu_tu,active,created_at,updated_at,p_n,merged_into,deactivated_at
ede7eea3-dec3-4214-8864-fbedec402115,M_AWOS__MAYTINHAUCUOI_5CB640,Máy tính đầu cuối,,,,,,Chuan hoa tu ra soat 2026-07-11; dung tai: PBA,0,t,2026-07-11 09:50:09.894644+00,2026-07-13 03:49:07.071636+00,,,
1ffe564b-1bb2-4490-8dab-d9d2a24a048e,M_AWOS__TIEPIA24GIENGSAU35MCHONTIEPIAO_9361D4,"Tiếp địa: 24 giếng sâu 35m chôn tiếp địa, đóng cọc đồng d16 l=2,4m, cáp đồng trần M70. Lắp hố đan kiểm tra - thanh đồng 30x3, thanh nối đơn. Đo điện trở bộ phận nội đất - bản mã đồng 50x200x5. 2 Cột 3m lắp kim thu sét",,,,,,Chuan hoa tu ra soat 2026-07-11; dung tai: THA,0,t,2026-07-11 09:50:09.894644+00,2026-07-13 03:49:07.177495+00,,,
d36f678e-1637-41db-a115-1ada1ba5d935,M_CHUYEN_DOI_SERIAL_ETHERNET,Chuyển đổi Serial/Ethernet,,a5454b1e-b677-4fd8-8494-b4c080de867d,ae03f513-6763-46f8-913d-91a103966947,,,,213,t,2026-07-11 09:50:09.894644+00,2026-07-13 03:49:06.417735+00,,,
e0626990-e733-412a-a20e-645165af3b5a,M_AWOS__TUTRAMTANGAPPTS95_A7A8DC,Tủ trạm tăng áp PTS95,,494923ea-f1cf-410b-9804-3d21208ced5e,accf1740-4c18-4b9a-895f-59d85ba593b5,,,Tăng áp trong nhà của D-AW21,0,t,2026-07-11 09:50:09.894644+00,2026-07-13 03:49:06.527704+00,PTS95,,
22f1e711-c373-4ab4-8998-b3f5d91d9d2f,M_AWOS_RCD_ANTEN_UHF_88E4B2,Anten UHF định hướng BD 460A,,e9850c64-0332-4a34-9cfc-676e9b576924,ae03f513-6763-46f8-913d-91a103966947,,,UHF khí tượng Cam Ranh,233,t,2026-07-11 09:50:09.894644+00,2026-07-13 03:49:06.637154+00,BD 460A,,
f16ea0e5-dbec-4f42-8557-52ed20564f47,M_AWOS_PLANET_BO_CHIA_KVM_5FC274,Bộ chia KVM,,a7ff6351-6b6d-4db4-aafa-1477b832427d,1ef69ec2-6298-4c48-b931-aea3fa48c0fc,,,Chuẩn hóa từ danh mục PL1 gốc; cần đối chiếu tem máy nếu P/N trống.,226,t,2026-07-11 09:50:09.894644+00,2026-07-13 03:49:06.757885+00,,,
308a6802-a507-4955-85c9-39e6d67a9242,DELL_OPTIPLEX_3020,Dell OptiPlex 3020,,f9bb034d-e32b-4595-b6a6-e5136105dc19,83e7d93e-2f76-4d4f-a6bc-08926383aba1,,,"Máy tính để bàn Dell OptiPlex 3020. Cấu hình hồ sơ: Intel Core i3-4130 3,40 GHz, RAM 4 GB, HDD 1 TB, Windows 7 Pro 64-bit. Tài liệu Dell xác nhận dòng 3020 dùng chipset Intel H81, hỗ trợ Core i3/i5 và RAM DDR3; cấu hình thực tế theo hồ sơ thiết bị.",1,t,2026-07-12 07:05:42.049497+00,2026-07-13 03:49:06.86123+00,,,
316a53b6-d060-4156-9824-9a33a338570c,M_AWOS_ALLWEATHER_DELLR360_FCB7C1,Server,,8c53503a-8e6c-4698-bb44-06b929060b8a,83e7d93e-2f76-4d4f-a6bc-08926383aba1,,,Chuan hoa tu ra soat 2026-07-11; dung tai: PBA,0,t,2026-07-11 09:50:09.894644+00,2026-07-13 03:49:06.965173+00,DELL R360,,
8c8c55f3-880b-4f1a-a70d-ef42afec00e2,M_AWOS__TUTRAMHAAP_0C0632,Tủ trạm hạ áp,,,,,,Chuan hoa tu ra soat 2026-07-11; dung tai: THA,0,t,2026-07-11 09:50:09.894644+00,2026-07-13 03:49:07.278268+00,,,
e975a37f-3060-4028-9e50-8d8e34f48418,M_AWOS__WINDOWBANQUYENCHUOTBANPHIM_8BA981,"Window bản quyền, chuột, bàn phím",,,,,,Chuan hoa tu ra soat 2026-07-11; dung tai: THA,0,t,2026-07-11 09:50:09.894644+00,2026-07-13 03:49:07.384102+00,,,
b6f2490d-e847-4dbe-8884-3b2dcc37f7dc,M_DATA_LOGGER,Data logger,,54e09535-2d7f-4319-812f-aee0a4916ed6,ae03f513-6763-46f8-913d-91a103966947,,,,206,t,2026-07-11 09:50:09.894644+00,2026-07-13 03:49:07.485089+00,,,
33f26772-b734-4dd0-a743-72205cc0502f,M_AWOS_RACOM_HUB_MODEM_MAIN_ABBD54,HUB modem Main,,ca029628-203c-4008-b4bc-89b0746a39c6,ae03f513-6763-46f8-913d-91a103966947,,,Chuẩn hóa từ danh mục PL1 gốc; cần đối chiếu tem máy nếu P/N trống.,229,t,2026-07-11 09:50:09.894644+00,2026-07-13 03:49:07.590121+00,,,
771a5112-b4d2-4154-8857-9c0a9bca7ebc,M_AWOS_RACOM_HUB_MODEM_STB_36A101,HUB modem STB,,ca029628-203c-4008-b4bc-89b0746a39c6,ae03f513-6763-46f8-913d-91a103966947,,,Chuẩn hóa từ danh mục PL1 gốc; cần đối chiếu tem máy nếu P/N trống.,230,t,2026-07-11 09:50:09.894644+00,2026-07-13 03:49:07.697788+00,,,
3b804178-9382-48c0-935d-47039f5d0248,M_AWOS_RACOM_RF_MODEM_CLIENT_1275AD,RF Modem Client,,ca029628-203c-4008-b4bc-89b0746a39c6,ae03f513-6763-46f8-913d-91a103966947,,,Chuẩn hóa từ danh mục PL1 gốc; cần đối chiếu tem máy nếu P/N trống.,231,t,2026-07-11 09:50:09.894644+00,2026-07-13 03:49:07.809418+00,,,
d7ac1243-874d-424b-882c-9e0bcdf5827e,M_AWOS_RCD_ANTEN_326443,Anten,,e9850c64-0332-4a34-9cfc-676e9b576924,ae03f513-6763-46f8-913d-91a103966947,,,Chuẩn hóa từ danh mục PL1 gốc; cần đối chiếu tem máy nếu P/N trống.,232,t,2026-07-11 09:50:09.894644+00,2026-07-13 03:49:07.915808+00,,,
36b293db-9497-423a-ba56-9858b9f9f581,M_AWOS_RCD_ANTEN_VO_HUONG_9BEC42,Anten vô hướng,,e9850c64-0332-4a34-9cfc-676e9b576924,ae03f513-6763-46f8-913d-91a103966947,,,Chuẩn hóa từ danh mục PL1 gốc; cần đối chiếu tem máy nếu P/N trống.,234,t,2026-07-11 09:50:09.894644+00,2026-07-13 03:49:08.016495+00,,,
81356bb6-6046-4ec2-91a7-5df7db1b0177,M_AWOS_RITRON_ANTEN_1892A9,Anten,,ceeef1ba-894d-4e04-9fb3-6efefba20836,ae03f513-6763-46f8-913d-91a103966947,,,Chuẩn hóa từ danh mục PL1 gốc; cần đối chiếu tem máy nếu P/N trống.,244,t,2026-07-11 09:50:09.894644+00,2026-07-13 03:49:08.120444+00,,,
994d8abb-349e-40b9-afaa-ac856739632a,M_MODEM_VO_TUYEN_MODEM_VO_TUYEN,Modem vô tuyến (Modem vô tuyến,,e13e7070-f3dc-4dcf-8f98-e96c37e2be06,ae03f513-6763-46f8-913d-91a103966947,,,,246,t,2026-07-11 09:50:09.894644+00,2026-07-13 03:49:08.226529+00,,,
3ae87654-00b3-4638-bae1-d8fa683ac444,CISCO_2900_SERIES_ISR,Cisco 2900 Series ISR,,ce41dcc3-9d54-4a7b-99fd-5a4a97a95447,ae03f513-6763-46f8-913d-91a103966947,,,"Router tích hợp dịch vụ Cisco 2900 Series ISR. Hồ sơ thiết bị ghi 01 SFP, 01 GE và 02 cổng Serial. Cisco mô tả dòng 2900 hỗ trợ tích hợp dịch vụ dữ liệu, thoại, video và bảo mật; chưa đủ model con để xác nhận toàn bộ cổng.",2,t,2026-07-12 07:05:42.193612+00,2026-07-13 03:49:08.334216+00,,,
b3ca57f1-5cff-449b-ac21-a229109917dd,M_AWOS_VAISALA_CL31_B59889,Cảm biến đo độ cao chân mây CL31,,79b069cc-810c-41ab-9b03-9032c1804a5f,98c88d39-bf0f-43c7-83a2-ca5d266ba54f,,1783846918590_CleanShot_2026-07-12_at_16.01.40.webp,Chuan hoa tu ra soat 2026-07-11; dung tai: BDKT-KTKT,0,t,2026-07-11 09:50:09.894644+00,2026-07-13 03:49:08.444746+00,CL31,,
df225c51-61af-4901-94b3-97a46b25aa97,M_AWOS_OBSERVATOR_OMC140_B0D09A,Màn hình hiển thị số liệu gió 27,,1f8c6a88-4da8-4cff-bf77-616d07522c3c,83e7d93e-2f76-4d4f-a6bc-08926383aba1,,,Chuan hoa tu ra soat 2026-07-11; dung tai: PBA,0,t,2026-07-11 09:50:09.894644+00,2026-07-13 03:49:08.546448+00,OMC-140,,
3c562884-545d-4c16-9a5e-ef9b5854b6f9,M_AWOS_3ONEDATA_MEDIACONVERTER_386A6D,Media Converter,,7c809d84-88ee-4505-9e8e-d5f291ec5afd,ae03f513-6763-46f8-913d-91a103966947,,,Chuan hoa tu ra soat 2026-07-11; dung tai: PBA,0,t,2026-07-11 09:50:09.894644+00,2026-07-13 03:49:08.649886+00,,,
6c9f84cf-ff6a-4b55-b023-8f387e6408dc,M_AWOS_DELL_INSPIRON3020_87AB52,"CPU core i3 13100, 3.4Ghz, RAM 8GB",,f9bb034d-e32b-4595-b6a6-e5136105dc19,83e7d93e-2f76-4d4f-a6bc-08926383aba1,,,Chuan hoa tu ra soat 2026-07-11; dung tai: CLA,0,t,2026-07-11 09:50:09.894644+00,2026-07-13 03:49:08.759732+00,INSPIRON 3020,,
7a5f32fb-9418-4657-a7f6-1cbb84cfe8ac,M_AWOS_DELL_OPTIPLEX5000SFF_D3F87B,"CPU core i5 12500, 3.0Ghz, RAM 8GB, HDD 1TB, NVIDIA Quadro T400 4GB",,f9bb034d-e32b-4595-b6a6-e5136105dc19,83e7d93e-2f76-4d4f-a6bc-08926383aba1,,,Chuan hoa tu ra soat 2026-07-11; dung tai: THA,0,t,2026-07-11 09:50:09.894644+00,2026-07-13 03:49:08.864495+00,Optiplex 5000 SFF,,
d1bed5c2-d375-4278-b798-08d2081af4a1,M_AWOS_DELL_POWEREDGER250_6E9324,Máy chủ Main,,f9bb034d-e32b-4595-b6a6-e5136105dc19,83e7d93e-2f76-4d4f-a6bc-08926383aba1,,,Chuan hoa tu ra soat 2026-07-11; dung tai: THA,0,t,2026-07-11 09:50:09.894644+00,2026-07-13 03:49:08.972438+00,PowerEdge R250,,
bfc2a813-9bc3-4f00-9946-433610b640ef,M_AWOS_VAISALA_FS11_98E635,Cảm biến đo tầm nhìn,,79b069cc-810c-41ab-9b03-9032c1804a5f,98c88d39-bf0f-43c7-83a2-ca5d266ba54f,,,Chuan hoa tu ra soat 2026-07-11; dung tai: BDKT-KTKT,0,t,2026-07-11 09:50:09.894644+00,2026-07-13 03:49:09.079975+00,FS11,,
8cdebb90-7451-41d6-a3bd-b3c5ba560349,M_AWOS_3ONEDATA_MODEL277SSSC20KM_8CDB48,Converter Serial to fiber,,7c809d84-88ee-4505-9e8e-d5f291ec5afd,ae03f513-6763-46f8-913d-91a103966947,,,Chuan hoa tu ra soat 2026-07-11; dung tai: PCA,0,t,2026-07-11 09:50:09.894644+00,2026-07-13 03:49:09.187555+00,Model277-SS-SC-20KM,,
bbddb877-fc01-480b-b5a3-fbb571c2a74d,M_AWOS_3ONEDATA_IES318_503C3D,Hub 3Onedata,,7c809d84-88ee-4505-9e8e-d5f291ec5afd,ae03f513-6763-46f8-913d-91a103966947,,,Chuan hoa tu ra soat 2026-07-11; dung tai: BDKT-KTKT,0,t,2026-07-11 09:50:09.894644+00,2026-07-13 03:49:09.293233+00,IES318,,
3180d492-2ec7-45e4-a7d0-2a561293d737,M_AWOS_3ONEDATA_NP301_13EB01,Thiết bị Serial server,,7c809d84-88ee-4505-9e8e-d5f291ec5afd,ae03f513-6763-46f8-913d-91a103966947,,,"Chuan hoa tu ra soat 2026-07-11; dung tai: PBA, PLK, THA",0,t,2026-07-11 09:50:09.894644+00,2026-07-13 03:49:09.400494+00,NP301,,
65bcff7f-a305-4847-b824-b02409df3513,M_AWOS_3ONEDATA_MODEL277SSSC20KM1310T1550RNM_298B64,Thiết bị chuyển đổi Serial/Fiber,,7c809d84-88ee-4505-9e8e-d5f291ec5afd,ae03f513-6763-46f8-913d-91a103966947,,,Chuan hoa tu ra soat 2026-07-11; dung tai: CLA,0,t,2026-07-11 09:50:09.894644+00,2026-07-13 03:49:09.502253+00,MODEL277-SS-SC-20KM-1310T/1550RNM,,
2f4ae036-278f-4544-b9ff-50970977bd63,M_AWOS_DELL_E2222H_36FD5F,MMonitor,,f9bb034d-e32b-4595-b6a6-e5136105dc19,,,,Chuan hoa tu ra soat 2026-07-11; dung tai: THA,0,t,2026-07-11 09:50:09.894644+00,2026-07-13 03:49:09.606943+00,E2222H,,
342e8166-8425-426c-9d6e-9ccab64f9418,M_AWOS_MOXA_TCF142_AE864B,Bộ chuyển đổi tín hiệu RS232-Fiber,,a5454b1e-b677-4fd8-8494-b4c080de867d,ae03f513-6763-46f8-913d-91a103966947,,,Chuan hoa tu ra soat 2026-07-11; dung tai: PLK,0,t,2026-07-11 09:50:09.894644+00,2026-07-13 03:49:09.708076+00,TCF-142,,
59726500-96ec-4bb6-b155-aa865356f1c5,M_AWOS_MOXA_TCF142S_C5C459,Media Converter,,a5454b1e-b677-4fd8-8494-b4c080de867d,ae03f513-6763-46f8-913d-91a103966947,,,"Chuan hoa tu ra soat 2026-07-11; dung tai: PBA, PCA",0,t,2026-07-11 09:50:09.894644+00,2026-07-13 03:49:09.818726+00,TCF-142-S,,
d02ba1ad-1711-4341-b885-f056c71da16c,M_AWOS_MOXA_TRC190A_429F47,Media Converter,,a5454b1e-b677-4fd8-8494-b4c080de867d,ae03f513-6763-46f8-913d-91a103966947,,,Chuan hoa tu ra soat 2026-07-11; dung tai: PBA,0,t,2026-07-11 09:50:09.894644+00,2026-07-13 03:49:09.926321+00,TRC-190-A,,
a728fe46-4b1d-4df6-9def-9b30d4ffef8c,M_AWOS_MOXA_TRC190AC_56E472,Thiết bị Fiber to Ethernet,,a5454b1e-b677-4fd8-8494-b4c080de867d,ae03f513-6763-46f8-913d-91a103966947,,,Chuan hoa tu ra soat 2026-07-11; dung tai: PCA,0,t,2026-07-11 09:50:09.894644+00,2026-07-13 03:49:10.032784+00,TRC-190-AC,,
9fbd34c3-1044-49fc-b068-864d19584ac9,M_AWOS_MOXA_NPORT565016_BE38F8,Thiết bị Serial to Ethernet,,a5454b1e-b677-4fd8-8494-b4c080de867d,ae03f513-6763-46f8-913d-91a103966947,,,"Chuan hoa tu ra soat 2026-07-11; dung tai: CLA, PBA, PCA, PLK",0,t,2026-07-11 09:50:09.894644+00,2026-07-13 03:49:10.13463+00,NPort 5650-16,,
d294ff55-4272-460d-a7ee-3ea87bc07395,CISCO_CATALYST_2960_C,Cisco Catalyst 2960-C,,ce41dcc3-9d54-4a7b-99fd-5a4a97a95447,ae03f513-6763-46f8-913d-91a103966947,,,"Switch compact lớp 2 Cisco Catalyst 2960-C. Hồ sơ ghi 8 cổng 10/100 Ethernet và 4 cổng 10/100/1000 Ethernet; tài liệu Cisco xác nhận dòng 2960-C là switch compact LAN Base, nhưng cần kiểm tra mã sản phẩm đầy đủ để chốt cấu hình cổng.",3,t,2026-07-12 07:05:42.339159+00,2026-07-13 03:49:10.241437+00,,,
0c8f877e-25cd-4ced-9058-0ccbae7ad803,M_AWOS_MOXA_EDS205ASSC_B884F7,Thiết bị chuyển mạch quang,,a5454b1e-b677-4fd8-8494-b4c080de867d,ae03f513-6763-46f8-913d-91a103966947,,,Chuan hoa tu ra soat 2026-07-11; dung tai: THA,0,t,2026-07-11 09:50:09.894644+00,2026-07-13 03:49:10.346005+00,EDS-205A-S-SC,,
63b7f44d-333f-4dcb-b51f-76a1fe2941c6,M_AWOS_MOXA_NPORT5210T_E8CAD0,Thiết bị chuyển đổi Serial/Ethernet,,a5454b1e-b677-4fd8-8494-b4c080de867d,ae03f513-6763-46f8-913d-91a103966947,,,Chuan hoa tu ra soat 2026-07-11; dung tai: THA,0,t,2026-07-11 09:50:09.894644+00,2026-07-13 03:49:10.450301+00,NPort 5210-T,,
ed490fd6-a6a7-4d29-b46c-2ab989316d71,M_AWOS_MOXA_TCF142SSC_B186B4,Thiết bị chuyển đổi Serial/Fiber,,a5454b1e-b677-4fd8-8494-b4c080de867d,ae03f513-6763-46f8-913d-91a103966947,,,Chuan hoa tu ra soat 2026-07-11; dung tai: CLA,0,t,2026-07-11 09:50:09.894644+00,2026-07-13 03:49:10.553524+00,TCF-142-S-SC,,
b8811495-7cf9-4cdc-a6ee-76929c968c59,M_AWOS_MOXA_TCF142MSTRM_01AF2C,Thiết bị chuyển đổi Serial/Fiber ( 7 PCS),,a5454b1e-b677-4fd8-8494-b4c080de867d,ae03f513-6763-46f8-913d-91a103966947,,,Chuan hoa tu ra soat 2026-07-11; dung tai: CLA,0,t,2026-07-11 09:50:09.894644+00,2026-07-13 03:49:10.656642+00,TCF-142-M-ST-RM,,
82dc57c5-7d04-4fb8-a3b3-969c9dc39db7,M_AWOS_MOXA_CN261082AC_34400E,Modem Moxa 8 port,,a5454b1e-b677-4fd8-8494-b4c080de867d,ae03f513-6763-46f8-913d-91a103966947,,,Chuan hoa tu ra soat 2026-07-11; dung tai: PLK,0,t,2026-07-11 09:50:09.894644+00,2026-07-13 03:49:10.7717+00,CN2610-8-2AC,,
5f720214-7afb-42d7-9613-2cf04355b5d7,M_AWOS_MOXA_CSM4001218_C6F773,Fiber to Ethernet lắp rack CSM-400-1218,,a5454b1e-b677-4fd8-8494-b4c080de867d,ae03f513-6763-46f8-913d-91a103966947,,1783847522942_CleanShot_2026-07-12_at_16.11.37.webp,Fiber to Ethernet lắp rack,0,t,2026-07-11 09:50:09.894644+00,2026-07-13 03:49:10.874956+00,CSM-400-1218,,
0f1fc0ea-4533-45fe-b437-b803043f51a5,M_AWOS_HP_CPUCOREI5840028GHZRAM4GB_23F705,"CPU core i5 8400, 2.8Ghz, RAM 4GB",,f3ac5754-f684-4ba1-8fd4-dd0a2242dad2,83e7d93e-2f76-4d4f-a6bc-08926383aba1,,,Chuan hoa tu ra soat 2026-07-11; dung tai: CLA,0,t,2026-07-11 09:50:09.894644+00,2026-07-13 03:49:10.982546+00,,,
9c6ffe26-2448-4a6f-a85c-3d9636e2124c,M_TRU_LAP_CAM_BIEN_DO_GIO_AN_TOAN_DE,Trụ Gió Attech,,2f529936-107e-451b-bd0f-f3197db1943f,98c88d39-bf0f-43c7-83a2-ca5d266ba54f,,,"Trụ lắp cảm biến đo gió an toàn - dễ gãy, cao 10m, / có khớp bản lề giữa thân và chân đế cột, đã được sơn theo tiêu chuẩn ICAO",95,t,2026-07-11 09:50:09.894644+00,2026-07-13 03:49:11.086383+00,,,
86986d87-53d6-4eb0-9dad-f5e58a18aa3b,M_AWOS_MTECH_5000200_E4C9BC,Cảm biến đo tầm nhìn,,ad5bae28-70da-4528-a406-c5c52467e25e,98c88d39-bf0f-43c7-83a2-ca5d266ba54f,,,Chuan hoa tu ra soat 2026-07-11; dung tai: BDKT-KTKT,0,t,2026-07-11 09:50:09.894644+00,2026-07-13 03:49:30.587493+00,5000-200,,
6cb07596-c5f3-4189-93a9-c0539e16c6b6,VC_MDX,VC-MDx,,b11241f8-c9ca-4d03-83f6-a1c440883a76,83e7d93e-2f76-4d4f-a6bc-08926383aba1,,,"Thiết bị ghi âm đa kênh VoiceCollect/ATIS UHER VC-MDx. Cấu hình hồ sơ: 32 kênh qua 2 card thoại 16 kênh; Windows 10 64-bit; CPU Intel Core i5; RAM 16 GB; nguồn 1+1 220 VAC; lưu trữ 2×2 TB RAID 1; RDX 1 TB; KVM Kinan XL1908. Hãng công bố MDx hỗ trợ ghi thoại/dữ liệu, giao diện TDM và VoIP.",4,t,2026-07-12 07:05:42.481865+00,2026-07-13 03:49:11.190293+00,VC-MDx,,
525304a2-5f54-42fe-912e-e36eb2fe7360,M_AWOS_ERICO_TGSSRF140_BDBE3D,Cắt sét nguồn AC,,2e05f201-8ee7-4f2d-afe5-963dc6d94500,660f73b4-1975-4bde-8c87-810a23ef6e2c,,,Chuan hoa tu ra soat 2026-07-11; dung tai: PBA,0,t,2026-07-11 09:50:09.894644+00,2026-07-13 03:49:11.293104+00,TGS-SRF140,,
b53a7f78-396e-4bfe-bacf-66f11cc6959d,M_AWOS_ERICO_DT230011R_BD67A4,Cắt lọc sét AC đèn cao không,,2e05f201-8ee7-4f2d-afe5-963dc6d94500,660f73b4-1975-4bde-8c87-810a23ef6e2c,,,Chuan hoa tu ra soat 2026-07-11; dung tai: BDKT-KTKT,0,t,2026-07-11 09:50:09.894644+00,2026-07-13 03:49:11.399743+00,DT230011R,,
87540acc-373a-48b6-b9ef-eca82e6c97a8,M_AWOS_ERICO_TSG11302S_27C786,Cắt lọc sét nguồn AC - tủ điện tổng các trạm,,2e05f201-8ee7-4f2d-afe5-963dc6d94500,660f73b4-1975-4bde-8c87-810a23ef6e2c,,,Chuan hoa tu ra soat 2026-07-11; dung tai: THA,0,t,2026-07-11 09:50:09.894644+00,2026-07-13 03:49:11.505346+00,TSG1130-2S,,
d37fa65b-5de1-4919-ac27-7d8d297ba98c,M_AWOS_ERICO_LPCAR1015_7868E3,Kim thu sét Franklin,,2e05f201-8ee7-4f2d-afe5-963dc6d94500,660f73b4-1975-4bde-8c87-810a23ef6e2c,,,Chuan hoa tu ra soat 2026-07-11; dung tai: THA,0,t,2026-07-11 09:50:09.894644+00,2026-07-13 03:49:11.607227+00,LPCAR1015,,
993b7ac7-3317-4c1f-8040-32fe7a14c010,M_AWOS_ERICO_DT230020R_EAEF10,Thiết bị cắt lọc sét 1 pha,,2e05f201-8ee7-4f2d-afe5-963dc6d94500,660f73b4-1975-4bde-8c87-810a23ef6e2c,,,Chuan hoa tu ra soat 2026-07-11; dung tai: PLK,0,t,2026-07-11 09:50:09.894644+00,2026-07-13 03:49:11.714052+00,DT230020R,,
a3eebddd-df65-414d-9e50-90fc3fa745aa,M_AWOS_ERICO_TSF20A240V_F0DFE5,Thiết bị cắt lọc sét 1 pha,,2e05f201-8ee7-4f2d-afe5-963dc6d94500,660f73b4-1975-4bde-8c87-810a23ef6e2c,,,"Chuan hoa tu ra soat 2026-07-11; dung tai: CLA, PCA, PLK, THA",0,t,2026-07-11 09:50:09.894644+00,2026-07-13 03:49:11.828588+00,TSF20A240V,,
9cbb7005-2025-418c-9259-56e986bc0e0c,M_AWOS_ERICO_FRP2MBLACK_79DC39,Ống thủy tinh cách điện,,2e05f201-8ee7-4f2d-afe5-963dc6d94500,660f73b4-1975-4bde-8c87-810a23ef6e2c,,,Chuan hoa tu ra soat 2026-07-11; dung tai: THA,0,t,2026-07-11 09:50:09.894644+00,2026-07-13 03:49:11.932855+00,FRP2MBLACK,,
543f4fae-abc2-44d5-9c6c-25decdb47b21,M_AWOS_MTECH_SENSOR_O_KHI_AP_PTB300_686457,Sensor đo khí áp PTB300,,79b069cc-810c-41ab-9b03-9032c1804a5f,98c88d39-bf0f-43c7-83a2-ca5d266ba54f,,,Chuẩn hóa từ danh mục PL1 gốc; cần đối chiếu tem máy nếu P/N trống.,188,t,2026-07-11 09:50:09.894644+00,2026-07-13 03:49:12.682162+00,,,
92f665d7-eeb1-4dd1-9e4b-40817213431d,M_AWOS_NA_THIETBIDATALOGGER_A6C750,Thiết bị AMS111,,54e09535-2d7f-4319-812f-aee0a4916ed6,ae03f513-6763-46f8-913d-91a103966947,,,,0,t,2026-07-11 09:50:09.894644+00,2026-07-13 03:49:12.790457+00,AMS-111,,
ea82abbd-4e97-4ddc-a01e-f12eb13ee2a5,AR_16_A_STANDARD,AR-16-A-Standard,,2f529936-107e-451b-bd0f-f3197db1943f,83e7d93e-2f76-4d4f-a6bc-08926383aba1,,,"Thiết bị ghi âm số ATTECH AR-16-A-Standard, 16 kênh. Hồ sơ ghi 01 card CPU, 01 card RAID, 2 card LISC, 01 card đồng bộ thời gian, 2 HDD và 01 DVDRAM. VATM/ATTECH xác nhận AR-16-A là sản phẩm ghi âm số do ATTECH phát triển.",5,t,2026-07-12 07:05:42.607661+00,2026-07-13 03:49:12.890445+00,AR-16-A-Standard,,
ff3315d1-63b6-43c4-914d-ab6be5d34577,M_AWOS_AWI_SENSOR_O_TRAN_MAY_8339_G_D9DA11,Sensor đo trần mây 8339-G+,,8c53503a-8e6c-4698-bb44-06b929060b8a,98c88d39-bf0f-43c7-83a2-ca5d266ba54f,,,Chuẩn hóa từ danh mục PL1 gốc; cần đối chiếu tem máy nếu P/N trống.,72,t,2026-07-11 09:50:09.894644+00,2026-07-13 03:49:12.041931+00,8339-G+,,
a951db15-19c1-4853-951d-5f1cdfcbed19,M_AWOS_AWI_SENSOR_O_TAM_NHIN_6498_V_1C4EB5,Sensor đo tầm nhìn 6498-V,,8c53503a-8e6c-4698-bb44-06b929060b8a,98c88d39-bf0f-43c7-83a2-ca5d266ba54f,,,,73,t,2026-07-11 09:50:09.894644+00,2026-07-13 03:49:12.150364+00,6498-V,,
11d1973c-0530-4371-9cd8-1f4c5b452820,M_AWOS_THIES_CLIMA_SENSOR_O_GIO_SIEU_AM_F9726F,Sensor đo gió siêu âm,,f0c86184-a2a8-4ba2-b3e2-87283fbcf190,98c88d39-bf0f-43c7-83a2-ca5d266ba54f,,,Chuẩn hóa từ danh mục PL1 gốc; cần đối chiếu tem máy nếu P/N trống.,259,t,2026-07-11 09:50:09.894644+00,2026-07-13 03:49:12.25736+00,,,
6ac0d006-446e-42c4-9eb2-26ea03cf15df,M_AWOS_VAISALA_SENSOR_O_NHIET_O_HMP155D_17AC42,Sensor đo nhiệt độ HMP155D,,79b069cc-810c-41ab-9b03-9032c1804a5f,98c88d39-bf0f-43c7-83a2-ca5d266ba54f,,,Chuẩn hóa từ danh mục PL1 gốc; cần đối chiếu tem máy nếu P/N trống.,266,t,2026-07-11 09:50:09.894644+00,2026-07-13 03:49:12.368472+00,,,
69f12fbe-8d59-45c1-9ae2-c5749e217876,M_AWOS_MTECH_SENSOR_O_O_MUA_915_RG_25FF17,Sensor đo độ mưa 915 RG,,ad5bae28-70da-4528-a406-c5c52467e25e,98c88d39-bf0f-43c7-83a2-ca5d266ba54f,,,Chuẩn hóa từ danh mục PL1 gốc; cần đối chiếu tem máy nếu P/N trống.,189,t,2026-07-11 09:50:09.894644+00,2026-07-13 03:49:12.470097+00,,,
8853455d-e713-45df-93a3-3bf19f33911f,M_AWOS_MTECH_SENSOR_O_O_SANG_NEN_5000_301M6_3B7B36,Sensor đo độ sáng nền 5000-301M6,,ad5bae28-70da-4528-a406-c5c52467e25e,98c88d39-bf0f-43c7-83a2-ca5d266ba54f,,,Chuẩn hóa từ danh mục PL1 gốc; cần đối chiếu tem máy nếu P/N trống.,190,t,2026-07-11 09:50:09.894644+00,2026-07-13 03:49:12.578512+00,,,
7b27021e-1aaf-4c46-8772-54c40a6853e0,M_AWOS_VAISALA_CAM_BIEN_O_KHI_AP_PTB330_EAAB83,Cảm biến đo khí áp PTB330,,79b069cc-810c-41ab-9b03-9032c1804a5f,98c88d39-bf0f-43c7-83a2-ca5d266ba54f,,,Chuẩn hóa từ danh mục PL1 gốc; cần đối chiếu tem máy nếu P/N trống.,268,t,2026-07-11 09:50:09.894644+00,2026-07-13 03:49:12.996981+00,PTB330,,
5eb8f669-8af7-4cf8-872b-1c9b3a98f491,M_AWOS_THIES_CLIMA_CAM_BIEN_O_NHIET_O_THIES_1_EE59F5,Cảm biến đo nhiệt độ  độ ẩm khí áp Thies 1.1006.54.080,,f0c86184-a2a8-4ba2-b3e2-87283fbcf190,98c88d39-bf0f-43c7-83a2-ca5d266ba54f,,1783906375709_CleanShot_2026-07-13_at_08.32.19.webp,Quan trắc thông dụng,255,t,2026-07-11 09:50:09.894644+00,2026-07-13 03:49:13.102913+00,1.1006.54.080,,
5c901e00-e9fa-4a73-b80e-29aae5881664,M_AWOS_02_MAN_HINH_HIEN_THI_SO_LIEU_NHIET_AM__C4F24A,02 Màn hình hiển thị số liệu Nhiệt ẩm áp Thies 1.1006.54.081,,,83e7d93e-2f76-4d4f-a6bc-08926383aba1,,1783846863706_CleanShot_2026-07-12_at_16.00.44.webp,Chuẩn hóa từ danh mục PL1 gốc; cần đối chiếu tem máy nếu P/N trống.,1,t,2026-07-11 09:50:09.894644+00,2026-07-13 03:49:15.746434+00,PiPad,,
dc48c794-5cb1-43c7-bc55-2ae5b5d1e6b0,M_AWOS_CISCO_C9200L24T4GE_C578BE,Switch trung tâm,,ce41dcc3-9d54-4a7b-99fd-5a4a97a95447,83e7d93e-2f76-4d4f-a6bc-08926383aba1,,,Chuan hoa tu ra soat 2026-07-11; dung tai: THA,0,t,2026-07-11 09:50:09.894644+00,2026-07-13 03:49:13.218076+00,C9200L-24T-4G-E,,
84cc2f7b-edd6-437f-a7d8-45965284df82,M_AWOS_RITRON_RADIO_MODEM_DTXM_460_OBN6I_603E62,Radio modem DTXM-460-OBN6I,,ceeef1ba-894d-4e04-9fb3-6efefba20836,ae03f513-6763-46f8-913d-91a103966947,,,Chuẩn hóa từ danh mục PL1 gốc; cần đối chiếu tem máy nếu P/N trống.,245,t,2026-07-11 09:50:09.894644+00,2026-07-13 03:49:13.32748+00,,,
8253641d-28dc-49fd-b2cf-2efe154f2441,M_AWOS_TPLINK_SWITCH_TPLINK_ADAPTOR_08AC46,SWITCH TPLINK + Adaptor,,02573a91-2686-4625-bb1f-233cc91f08ae,ae03f513-6763-46f8-913d-91a103966947,,,Chuẩn hóa từ danh mục PL1 gốc; cần đối chiếu tem máy nếu P/N trống.,264,t,2026-07-11 09:50:09.894644+00,2026-07-13 03:49:13.428828+00,,,
2fb4f2e5-03eb-49ec-b669-7d19071e805a,M_AWOS_MTECH_DATA_TAKER_DT80_1D5BBE,Data Taker DT80,,ad5bae28-70da-4528-a406-c5c52467e25e,ae03f513-6763-46f8-913d-91a103966947,,,Chuẩn hóa từ danh mục PL1 gốc; cần đối chiếu tem máy nếu P/N trống.,186,t,2026-07-11 09:50:09.894644+00,2026-07-13 03:49:13.533868+00,,,
795d37bb-734c-408c-8ea1-206802024510,M_AWOS_MEANWELLS_BO_NGUON_AC_DC_4CA78B,Bộ nguồn AC/DC,,0e8dbaf8-aa3e-4d9d-bab2-99b08381f6f9,accf1740-4c18-4b9a-895f-59d85ba593b5,,,Chuẩn hóa từ danh mục PL1 gốc; cần đối chiếu tem máy nếu P/N trống.,200,t,2026-07-11 09:50:09.894644+00,2026-07-13 03:49:13.637961+00,,,
0afefb1d-ad24-474a-9810-5e665bc08366,M_AWOS_AT3W_AT2300_099B86,Chống sét đường tín hiệu,,9d09c5d7-4aa9-40a6-b47b-4e1899c9956f,660f73b4-1975-4bde-8c87-810a23ef6e2c,,,"Chuan hoa tu ra soat 2026-07-11; dung tai: PCA, PLK",0,t,2026-07-11 09:50:09.894644+00,2026-07-13 03:49:13.743447+00,AT-2300,,
e60eafa2-7c80-44e9-b107-a4b946ce3962,M_AWOS_AUGIER_ARRESTORCLA_A1E94B,Chống  sét 1 pha 10kA,,494923ea-f1cf-410b-9804-3d21208ced5e,660f73b4-1975-4bde-8c87-810a23ef6e2c,,,Chuan hoa tu ra soat 2026-07-11; dung tai: THA,0,t,2026-07-11 09:50:09.894644+00,2026-07-13 03:49:13.84447+00,ARRESTOR - CLA,,
31cae5c6-e3ee-4ad9-ab56-bef881a81aae,M_AWOS_CITEL_P8AX15_CA8393,Chống sét - UHF,,80666d25-731c-4de5-8d64-08488037258a,660f73b4-1975-4bde-8c87-810a23ef6e2c,,,"Chuan hoa tu ra soat 2026-07-11; dung tai: CLA, THA",0,t,2026-07-11 09:50:09.894644+00,2026-07-13 03:49:13.952831+00,P8AX15,,
735e9092-8583-4a95-a954-78469ec81046,M_AWOS_CITEL_P8AX09NFF_835259,Chống sét RF,,80666d25-731c-4de5-8d64-08488037258a,660f73b4-1975-4bde-8c87-810a23ef6e2c,,,"Chuan hoa tu ra soat 2026-07-11; dung tai: BDKT-KTKT, PCA",0,t,2026-07-11 09:50:09.894644+00,2026-07-13 03:49:14.053449+00,P8AX09-N/FF,,
e0e18e4a-6df7-49aa-9256-3874faedf584,M_AWOS_CITEL_P8AX09N_96CB67,Chống sét RF  - UHF,,80666d25-731c-4de5-8d64-08488037258a,660f73b4-1975-4bde-8c87-810a23ef6e2c,,,Chuan hoa tu ra soat 2026-07-11; dung tai: CLA,0,t,2026-07-11 09:50:09.894644+00,2026-07-13 03:49:14.176853+00,P8AX09-N,,
9c74e0d7-148c-4fd9-bfcb-2b7cb6729943,M_AWOS_CITEL_MJ8C6A_25F0B5,Chống sét giao tiếp Ethernet-UHF,,80666d25-731c-4de5-8d64-08488037258a,660f73b4-1975-4bde-8c87-810a23ef6e2c,,,Chuan hoa tu ra soat 2026-07-11; dung tai: CLA,0,t,2026-07-11 09:50:09.894644+00,2026-07-13 03:49:14.284618+00,MJ8-C6A,,
ba74d20d-d098-44e2-83cd-f00d56936bc4,M_AWOS_CITEL_MJ8CAT6S_E9BD63,Chống sét đường tín hiệu,,80666d25-731c-4de5-8d64-08488037258a,660f73b4-1975-4bde-8c87-810a23ef6e2c,,,"Chuan hoa tu ra soat 2026-07-11; dung tai: PBA, PCA",0,t,2026-07-11 09:50:09.894644+00,2026-07-13 03:49:14.387568+00,MJ8-CAT6S,,
cac5bfb3-554d-48cc-809a-29cc9f7c0d41,M_AWOS_CITEL_THIET_BI_CHONG_SET_LAN_24_PORT_293783,Thiết bị chống sét LAN 24 port,,80666d25-731c-4de5-8d64-08488037258a,660f73b4-1975-4bde-8c87-810a23ef6e2c,,,Chuẩn hóa từ danh mục PL1 gốc; cần đối chiếu tem máy nếu P/N trống.,120,t,2026-07-11 09:50:09.894644+00,2026-07-13 03:49:14.491591+00,,,
21d4e72c-3b6e-4524-8786-0cb2570ba1c5,M_DEN_CHOP_BAO_CHUONG_NGAI,Đèn chớp báo chướng ngại,,a340c5f5-8c16-4d93-849f-510a2aacca68,1ef69ec2-6298-4c48-b931-aea3fa48c0fc,,,,228,t,2026-07-11 09:50:09.894644+00,2026-07-13 03:49:14.592649+00,,,
c4069a92-780f-4b33-9041-4893cb96b13d,M_AWOS_OBSERVATOR_MAN_HINH_HIEN_THI_SO_LIEU_G_0A0A1C,Màn hình hiển thị số liệu gió OMC-140,,1f8c6a88-4da8-4cff-bf77-616d07522c3c,83e7d93e-2f76-4d4f-a6bc-08926383aba1,,,Chuẩn hóa từ danh mục PL1 gốc; cần đối chiếu tem máy nếu P/N trống.,225,t,2026-07-11 09:50:09.894644+00,2026-07-13 03:49:14.696885+00,,,
3e48dac5-fc25-4565-904a-14af840ac963,M_AWOS_SCHNEIDER_CATSETNGUONAC_D97768,Cắt sét nguồn AC,,1dfd07b4-a9da-41a0-aa04-7b64b3f5862e,660f73b4-1975-4bde-8c87-810a23ef6e2c,,,Chuan hoa tu ra soat 2026-07-11; dung tai: PBA,0,t,2026-07-11 09:50:09.894644+00,2026-07-13 03:49:14.803365+00,,,
aa38a847-de6f-4769-b240-eb6014ba904a,M_PHAN_MEM_XU_LY_SO_LIEU_CHO_HE_THON,"Phần mềm xử lý số liệu cho hệ thống máy chủ AWOS và phần mềm khai thác dùng cho nhân viên quan trắc, kiểm soát viên không lưu và nhân viên kỹ thuật",,,83e7d93e-2f76-4d4f-a6bc-08926383aba1,,,,31,t,2026-07-11 09:50:09.894644+00,2026-07-13 03:49:14.90858+00,,,
eac057e1-0515-489b-80d9-c4d6cc51d23e,M_AWOS_SERVER_M_B23EBB,Server M,,,83e7d93e-2f76-4d4f-a6bc-08926383aba1,,,Chuẩn hóa từ danh mục PL1 gốc; cần đối chiếu tem máy nếu P/N trống.,35,t,2026-07-11 09:50:09.894644+00,2026-07-13 03:49:15.01241+00,,,
7e693a7c-9fae-4230-9b6b-b9930fbf9a8b,M_AWOS_SERVER_STB_FA9A12,Server STB,,,83e7d93e-2f76-4d4f-a6bc-08926383aba1,,,Chuẩn hóa từ danh mục PL1 gốc; cần đối chiếu tem máy nếu P/N trống.,36,t,2026-07-11 09:50:09.894644+00,2026-07-13 03:49:15.118664+00,,,
fd26b905-1645-4c48-b814-cb237f91ac07,M_AWOS_DELL_MAN_HINH_19_667EC7,Màn hình 19'',,f9bb034d-e32b-4595-b6a6-e5136105dc19,83e7d93e-2f76-4d4f-a6bc-08926383aba1,,,Chuẩn hóa từ danh mục PL1 gốc; cần đối chiếu tem máy nếu P/N trống.,122,t,2026-07-11 09:50:09.894644+00,2026-07-13 03:49:15.225402+00,,,
6e99efb8-af97-4aa8-a243-8fcb137797bf,M_AWOS_DELL_MAN_HINH_GIAM_SAT_UHF_F649AE,Màn hình giám sát UHF,,f9bb034d-e32b-4595-b6a6-e5136105dc19,83e7d93e-2f76-4d4f-a6bc-08926383aba1,,,Chuẩn hóa từ danh mục PL1 gốc; cần đối chiếu tem máy nếu P/N trống.,123,t,2026-07-11 09:50:09.894644+00,2026-07-13 03:49:15.331834+00,,,
3656623d-0d77-4460-8c43-16f64e6bb903,M_AWOS_YUASA_AC_QUY_CAP_NGUON_CHO_MODEM_UHF_F7F7E1,Ắc quy modem UHF NP7-12,,0685be75-9b97-433c-ad84-4a00f2f2581c,ae03f513-6763-46f8-913d-91a103966947,,,,275,t,2026-07-11 09:50:09.894644+00,2026-07-13 03:49:15.431594+00,NP7-12,,
a16ee536-405c-41aa-8c3e-e2a64c300364,M_AWOS_MOXA_CONVERTER_NPORT_IA5250_CFDBA6,Converter Nport IA5250,,a5454b1e-b677-4fd8-8494-b4c080de867d,ae03f513-6763-46f8-913d-91a103966947,,,Chuẩn hóa từ danh mục PL1 gốc; cần đối chiếu tem máy nếu P/N trống.,183,t,2026-07-11 09:50:09.894644+00,2026-07-13 03:49:15.537821+00,IA5250,,
2f6a2ad9-830b-4a96-bc09-51bc717c1f32,FPT_ELEAD_V500,FPT ELEAD V500,,4f2d0b91-a06a-4363-ae0d-dd5973c576f8,83e7d93e-2f76-4d4f-a6bc-08926383aba1,,,"Máy tính giám sát ghi âm FPT ELEAD V500. Cấu hình theo hồ sơ: Intel Core 2 Duo 2,6 GHz, RAM 2 GB DDR2, HDD SATA 160 GB, DVD-RW; màn hình LG L177W8B-PF.G30 LCD 17 inch. Chưa tìm thấy datasheet chính hãng đúng model để đối chiếu.",6,t,2026-07-12 07:05:42.747163+00,2026-07-13 03:49:15.641675+00,V500,,
6440cce9-d52f-41a1-80ed-f9468b3ba9dd,M_AWOS_GLOBE_WP7512_7F61DE,Ắc quy dự phòng WP7.5-12,,d1cca3c3-700f-4aa7-b3bf-f23dc6e9498a,accf1740-4c18-4b9a-895f-59d85ba593b5,,,Chuan hoa tu ra soat 2026-07-11; dung tai: THA,0,t,2026-07-11 09:50:09.894644+00,2026-07-13 03:49:16.484858+00,WP7.5-12,,
a5c09e40-567c-4e92-912b-2bd100facf06,M_AWOS_HP_Z240_C7AADA,Máy chủ 2,,f3ac5754-f684-4ba1-8fd4-dd0a2242dad2,83e7d93e-2f76-4d4f-a6bc-08926383aba1,,,Chuan hoa tu ra soat 2026-07-11; dung tai: PCA,0,t,2026-07-11 09:50:09.894644+00,2026-07-13 03:49:17.451211+00,Z240,,
2a2eced2-24d5-41ce-b192-fd0dc8e162fc,M_AWOS_GILL_WINDOBSERVER90_B56E08,Cảm biến gió,,8a078690-3935-478c-9d8c-92ed4818430f,98c88d39-bf0f-43c7-83a2-ca5d266ba54f,,,,0,t,2026-07-11 09:50:09.894644+00,2026-07-13 03:49:15.855026+00,WindObserver 90,,
ab99c905-9c6f-4af5-911c-0f78794979d5,M_AWOS_FUJITSU_CELSIUSW570N_311B59,Máy chủ Main,,d9b7b1fa-902f-47ae-97d3-cb5e69268b58,83e7d93e-2f76-4d4f-a6bc-08926383aba1,,,Chuan hoa tu ra soat 2026-07-11; dung tai: CLA,0,t,2026-07-11 09:50:09.894644+00,2026-07-13 03:49:15.960224+00,CELSIUS W570n,,
304a0cb6-e787-4241-a6eb-2f9eda644b32,M_AWOS_HP_Z2SFFG5_AF5353,"CPU core i5 10500, 3.1Ghz, RAM 8GB",,f3ac5754-f684-4ba1-8fd4-dd0a2242dad2,83e7d93e-2f76-4d4f-a6bc-08926383aba1,,,Chuan hoa tu ra soat 2026-07-11; dung tai: CLA,0,t,2026-07-11 09:50:09.894644+00,2026-07-13 03:49:16.062281+00,Z2 SFF G5,,
13544c20-3b96-4fd1-9a51-067fc42f7091,M_AWOS_KINAN_XL1908_E1BD6A,KVM 19inch,,986ba52f-6288-4a7d-8709-48a2af4bd36c,83e7d93e-2f76-4d4f-a6bc-08926383aba1,,,Chuan hoa tu ra soat 2026-07-11; dung tai: THA,0,t,2026-07-11 09:50:09.894644+00,2026-07-13 03:49:16.170742+00,XL1908,,
ae174412-e80c-412c-8c9e-ddaa254ccb58,M_AWOS_DELL_R340E58S_CE646F,Máy chủ Standby,,f9bb034d-e32b-4595-b6a6-e5136105dc19,83e7d93e-2f76-4d4f-a6bc-08926383aba1,,,Chuan hoa tu ra soat 2026-07-11; dung tai: CLA,0,t,2026-07-11 09:50:09.894644+00,2026-07-13 03:49:16.271873+00,R340 E58S,,
17de944c-cae8-4cfc-b7ed-0b549d7d10b3,M_AWOS_DELL_OPTIPLEX755_D2D924,Máy chủ Rawdata,,f9bb034d-e32b-4595-b6a6-e5136105dc19,83e7d93e-2f76-4d4f-a6bc-08926383aba1,,,Chuan hoa tu ra soat 2026-07-11; dung tai: BDKT-KTKT,0,t,2026-07-11 09:50:09.894644+00,2026-07-13 03:49:16.381438+00,Optiplex 755,,
2fbbe1a7-8fef-4632-a2e7-b3dd93a649f5,M_AWOS_DICOMHME_DAW21_8B335C,Phần mềm ứng dụng Dicom,,27172590-3f49-492f-b2ca-334a840f1f9e,,,,Chuan hoa tu ra soat 2026-07-11; dung tai: THA,0,t,2026-07-11 09:50:09.894644+00,2026-07-13 03:49:16.589552+00,D-AW21,,
cfd09cd2-ac7e-48bd-9bf2-074905687e49,M_AWOS_ELIASSON_CBME80B_CA7DC9,Cảm biến đo độ cao trần mây,,719caddc-3d8b-41e3-9748-23158aa46077,98c88d39-bf0f-43c7-83a2-ca5d266ba54f,,,"Chuan hoa tu ra soat 2026-07-11; dung tai: CLA, THA",0,t,2026-07-11 09:50:09.894644+00,2026-07-13 03:49:16.697738+00,CBME 80B,,
71431484-422f-413b-b0b8-34660a087db1,M_AWOS_FORTINET_FS124E_A8D4EA,Switch,,2a565b05-c0d0-42be-9b54-6cc88819c43f,ae03f513-6763-46f8-913d-91a103966947,,,Chuan hoa tu ra soat 2026-07-11; dung tai: PBA,0,t,2026-07-11 09:50:09.894644+00,2026-07-13 03:49:16.814791+00,FS-124E,,
8e4a785c-b515-4be8-b420-afa25520feaf,M_AWOS_FUJITSU_TX1310M1_EC6145,Máy chủ 1,,d9b7b1fa-902f-47ae-97d3-cb5e69268b58,83e7d93e-2f76-4d4f-a6bc-08926383aba1,,,Chuan hoa tu ra soat 2026-07-11; dung tai: PCA,0,t,2026-07-11 09:50:09.894644+00,2026-07-13 03:49:16.923077+00,TX1310 M1,,
ac700048-ba86-40aa-818d-cbfd05358543,M_AWOS_FUJITSU_TX150S8R_423944,Server,,d9b7b1fa-902f-47ae-97d3-cb5e69268b58,83e7d93e-2f76-4d4f-a6bc-08926383aba1,,,Chuan hoa tu ra soat 2026-07-11; dung tai: PLK,0,t,2026-07-11 09:50:09.894644+00,2026-07-13 03:49:17.030758+00,TX150S8R,,
812a3a10-f73f-463d-a7e1-1a55f2e886f7,ICOM_IC_A200,IC-A200,,0217cfde-f2e2-4de6-b99f-5d74b0925551,9c934580-6f7d-466b-a585-7ebba4ba4b31,,,"Máy thu phát VHF Air Band 118-137 MHz công suất 7W. Chế độ AM, 9 kênh nhớ, kích thước 160×34×271mm, trọng lượng 1.1kg. Đạt tiêu chuẩn TSO C37d/C38d.",0,t,2026-07-13 03:49:35.953249+00,2026-07-15 03:57:25.859008+00,,,
26238491-8211-4127-8438-897dfe275830,M_AWOS_GILL_WINDOBSERVER65_1D7835,Cảm biến gió,,8a078690-3935-478c-9d8c-92ed4818430f,98c88d39-bf0f-43c7-83a2-ca5d266ba54f,,,"Chuan hoa tu ra soat 2026-07-11; dung tai: PBA, PLK",0,t,2026-07-11 09:50:09.894644+00,2026-07-13 03:49:17.13726+00,WindObserver 65,,
82acee26-c7af-4b8d-aeb6-507e93fc79d7,M_AWOS_GILL_911UWS_C9EB13,Cảm biến đo hướng và đo tốc độ gió,,8a078690-3935-478c-9d8c-92ed4818430f,98c88d39-bf0f-43c7-83a2-ca5d266ba54f,,,Chuan hoa tu ra soat 2026-07-11; dung tai: BDKT-KTKT,0,t,2026-07-11 09:50:09.894644+00,2026-07-13 03:49:17.240741+00,911-UWS,,
e7d3e4a0-1cdf-48d0-9a67-67d43ffc52af,M_AWOS_GILL_OBSERVER90_4D4093,Cảm biến đo hướng và đo tốc độ gió,,8a078690-3935-478c-9d8c-92ed4818430f,98c88d39-bf0f-43c7-83a2-ca5d266ba54f,,,Chuan hoa tu ra soat 2026-07-11; dung tai: THA,0,t,2026-07-11 09:50:09.894644+00,2026-07-13 03:49:17.341103+00,Observer90,,
ea627eb0-ef66-4fe6-8e23-e1bc7e36a7bd,M_THIET_BI_DO_DO_CAO_CHAN_MAY_KEM_TH,"Thiết bị đo độ cao chân mây (kèm theo phụ kiện lắp đặt, cáp tín hiệu, cáp bảo trì tiêu chuẩn)",,79b069cc-810c-41ab-9b03-9032c1804a5f,1ef69ec2-6298-4c48-b931-aea3fa48c0fc,,,,273,t,2026-07-11 09:50:09.894644+00,2026-07-13 03:49:17.557135+00,,,
38c97d75-a89e-4474-bc4b-557eeb4d6799,M_AWOS_VAISALA_HMP155D_C7898D,Cảm biến đo nhiệt độ độ ẩm,,79b069cc-810c-41ab-9b03-9032c1804a5f,98c88d39-bf0f-43c7-83a2-ca5d266ba54f,,,Chuan hoa tu ra soat 2026-07-11; dung tai: BDKT-KTKT,0,t,2026-07-11 09:50:09.894644+00,2026-07-13 03:49:17.658772+00,HMP155D,,
447979ef-3ce2-4848-9d8a-ff9d827375d4,M_AWOS_VAISALA_HMP155_9782F7,Cảm biến đo nhiệt ẩm,,79b069cc-810c-41ab-9b03-9032c1804a5f,98c88d39-bf0f-43c7-83a2-ca5d266ba54f,,,Chuan hoa tu ra soat 2026-07-11; dung tai: PBA,0,t,2026-07-11 09:50:09.894644+00,2026-07-13 03:49:17.759876+00,HMP155,,
194b1a3b-a3ce-42a5-9ada-4aed16d06e24,M_AWOS_MTECH_4500LSS_8821C0,Cảm biến đo dông,,ad5bae28-70da-4528-a406-c5c52467e25e,98c88d39-bf0f-43c7-83a2-ca5d266ba54f,,,Chuan hoa tu ra soat 2026-07-11; dung tai: BDKT-KTKT,0,t,2026-07-11 09:50:09.894644+00,2026-07-13 03:49:17.871734+00,4500-LSS,,
5e250d3a-a087-4624-8aab-939a43ffd335,M_AWOS_LPT_SST150_8D65C3,Cắt lọc sét 1 pha,,611a5c28-4a9f-422b-b70c-5e246ba1f5fc,660f73b4-1975-4bde-8c87-810a23ef6e2c,,,Chuan hoa tu ra soat 2026-07-11; dung tai: PCA,0,t,2026-07-11 09:50:09.894644+00,2026-07-13 03:49:17.973099+00,SST 150,,
0c34aefb-1e8c-4ceb-bec9-e3d7eae87c7c,M_AWOS_ERICO_ERICOREUKITBERICORELTKITA_E57671,"Bộ xử lý đầu trên, đầu dưới",,2e05f201-8ee7-4f2d-afe5-963dc6d94500,660f73b4-1975-4bde-8c87-810a23ef6e2c,,,Chuan hoa tu ra soat 2026-07-11; dung tai: THA,0,t,2026-07-11 09:50:09.894644+00,2026-07-13 03:49:18.077652+00,ERICORE/UKIT/B ERICORE/LTKIT/A,,
fbce15d2-9697-4a29-bb8e-2ae417590dcb,M_AWOS_ERICO_ERICORE_DFDFB5,Cáp thoát sét 8 lớp,,2e05f201-8ee7-4f2d-afe5-963dc6d94500,660f73b4-1975-4bde-8c87-810a23ef6e2c,,,Chuan hoa tu ra soat 2026-07-11; dung tai: THA,0,t,2026-07-11 09:50:09.894644+00,2026-07-13 03:49:18.184078+00,ERICORE,,
3ba741fc-7278-4de4-86ab-6406b6b803dc,M_AWOS_BIRAL_SWS250_9DF561,Cảm biến tầm nhìn SWS-250,,b7f4a9b7-d8ca-434b-b11c-5e4a13a35ad1,98c88d39-bf0f-43c7-83a2-ca5d266ba54f,,,"Chuan hoa tu ra soat 2026-07-11; dung tai: CLA, PCA, THA",0,t,2026-07-11 09:50:09.894644+00,2026-07-13 03:49:18.805958+00,SWS-250,,
3e1dcbe7-8a3d-43d8-a2da-581cecaef179,M_AWOS_ALLWEATHER_7150_1B01C6,Cảm biến đo khí áp 7150,,8c53503a-8e6c-4698-bb44-06b929060b8a,98c88d39-bf0f-43c7-83a2-ca5d266ba54f,,1783906306688_CleanShot_2026-07-13_at_08.31.35.webp,Chuan hoa tu ra soat 2026-07-11; dung tai: PBA,0,t,2026-07-11 09:50:09.894644+00,2026-07-13 03:49:18.909509+00,7150,,
01bda5fe-92f8-43b3-9365-d79eddc999b3,M_AWOS_APC_SMC1500I2UC_94B3E9,UPS 220VAC,,85b16a8e-84ee-4408-ac50-81b3e2aa7ca6,accf1740-4c18-4b9a-895f-59d85ba593b5,,,Chuan hoa tu ra soat 2026-07-11; dung tai: THA,0,t,2026-07-11 09:50:09.894644+00,2026-07-13 03:49:19.013625+00,SMC1500I-2UC,,
bbcf439b-96ad-473f-86b3-c6875a9c531b,M_AWOS_ADVANTECH_ADAM6025D_C82AB5,Thiết bị giám sát cường độ ánh sáng đèn đường băng (RLIM),,81227fc4-ef2d-4334-bb0e-bb1849fdb2c2,,,,Chuan hoa tu ra soat 2026-07-11; dung tai: THA,0,t,2026-07-11 09:50:09.894644+00,2026-07-13 03:49:19.118014+00,ADAM-6025-D,,
7a0736d8-fafb-468d-bcaf-a38f9cd6e09d,M_AWOS_ALLWEATHER_8339_2B25B8,Cảm biến đo trần mây,,8c53503a-8e6c-4698-bb44-06b929060b8a,98c88d39-bf0f-43c7-83a2-ca5d266ba54f,,,Chuan hoa tu ra soat 2026-07-11; dung tai: PBA,0,t,2026-07-11 09:50:09.894644+00,2026-07-13 03:49:19.553558+00,8339,,
937ae497-c763-44ce-99c7-608e36916092,M_AWOS_ALLWEATHER_8364E_AB7DD0,Cảm biến đo tầm nhìn,,8c53503a-8e6c-4698-bb44-06b929060b8a,98c88d39-bf0f-43c7-83a2-ca5d266ba54f,,,Chuan hoa tu ra soat 2026-07-11; dung tai: PBA,0,t,2026-07-11 09:50:09.894644+00,2026-07-13 03:49:19.657966+00,8364-E,,
5b400d04-826b-4049-a257-df1f3c61c619,M_AWOS_BIRAL_ALS2_ADC0A0,Cảm biến đo ánh sáng nền ALS-2,,b7f4a9b7-d8ca-434b-b11c-5e4a13a35ad1,98c88d39-bf0f-43c7-83a2-ca5d266ba54f,,,"Chuan hoa tu ra soat 2026-07-11; dung tai: PCA, PLK, THA",0,t,2026-07-11 09:50:09.894644+00,2026-07-13 03:49:18.29013+00,ALS-2,,
7d577744-81e3-42f3-b793-9e39642a300a,M_AWOS__WQG11_686132,Đo nhiệt độ độ ẩm,,,98c88d39-bf0f-43c7-83a2-ca5d266ba54f,,,"Chuan hoa tu ra soat 2026-07-11; dung tai: BDKT-KTKT, CLA, THA",0,t,2026-07-11 09:50:09.894644+00,2026-07-13 03:49:18.393669+00,WQG - 11,,
121835b3-8729-4184-bae3-d57dc2341a42,M_CAM_BIEN_DO_DONG,Cảm biến đo dông TSS928,,79b069cc-810c-41ab-9b03-9032c1804a5f,98c88d39-bf0f-43c7-83a2-ca5d266ba54f,,1783848700288_CleanShot_2026-07-12_at_16.31.12.webp,,100,t,2026-07-11 09:50:09.894644+00,2026-07-13 03:49:18.495971+00,TSS928,,
8aaa9362-24cd-4fe3-a9dd-81b685697f6c,M_AWOS_THIES_CLIMA_SENSOR_O_GIO_4_3820_00_300_682380,Cảm biến đo hướng và tốc độ gió,,f0c86184-a2a8-4ba2-b3e2-87283fbcf190,98c88d39-bf0f-43c7-83a2-ca5d266ba54f,,1783849039263_CleanShot_2026-07-12_at_16.34.53.webp,cảm biến đo gió dùng nhiều ở nhiều đài,258,t,2026-07-11 09:50:09.894644+00,2026-07-13 03:49:18.600212+00,4.3820.00.300,,
43d99ff0-b4cf-47ca-80fd-afda72dff81b,RS_SU4200,SU4200,,28422512-1c6b-4124-af15-ed8d22a22249,954b8685-0b5a-45b3-9172-43b93da5faef,,1783936166096_clipboard.webp,"Máy phát VHF kỹ thuật số thuộc R&S Series4200, software-defined radio cho thông tin hàng không. Công suất phát 50W, dải tần 118-137 MHz.",0,t,2026-07-13 03:49:36.060178+00,2026-07-15 03:56:47.506228+00,,,
d7e4f72d-118f-42ad-ac6c-2aaaacd3076e,M_AWOS_BIRAL_SWS050_88A1DF,Cảm biến tầm nhìn SWS-050,,b7f4a9b7-d8ca-434b-b11c-5e4a13a35ad1,98c88d39-bf0f-43c7-83a2-ca5d266ba54f,,,"Chuan hoa tu ra soat 2026-07-11; dung tai: PLK, THA",0,t,2026-07-11 09:50:09.894644+00,2026-07-13 03:49:18.705587+00,SWS-050,,
2eaf6ca1-e139-4e9b-be99-d3b23a257027,M_AWOS_ALLWEATHER_2040_B127C3,Cảm biến đo gió,,8c53503a-8e6c-4698-bb44-06b929060b8a,98c88d39-bf0f-43c7-83a2-ca5d266ba54f,,,Chuan hoa tu ra soat 2026-07-11; dung tai: PBA,0,t,2026-07-11 09:50:09.894644+00,2026-07-13 03:49:19.218664+00,2040,,
ab83e158-866e-4897-b747-69d05a696c9f,M_AWOS_ALLWEATHER_6498P_A11D46,Cảm biến đo hiện tượng thời tiết,,8c53503a-8e6c-4698-bb44-06b929060b8a,98c88d39-bf0f-43c7-83a2-ca5d266ba54f,,,Chuan hoa tu ra soat 2026-07-11; dung tai: BDKT-KTKT,0,t,2026-07-11 09:50:09.894644+00,2026-07-13 03:49:19.34262+00,6498-P,,
5b9c97dc-2732-4a51-8383-b6518065d3ec,M_AWOS_ALLWEATHER_RGTE_16F43F,Cảm biến đo mưa,,8c53503a-8e6c-4698-bb44-06b929060b8a,98c88d39-bf0f-43c7-83a2-ca5d266ba54f,,,Chuan hoa tu ra soat 2026-07-11; dung tai: PBA,0,t,2026-07-11 09:50:09.894644+00,2026-07-13 03:49:19.450136+00,RGTE,,
8b55f2fd-33a2-4827-84db-19306151c4b6,M_AWOS_AUGIER_TERMT5KVA_72B0CC,Máy biến hạ áp 1 pha TER Transformers 5KVA 950/230V,,494923ea-f1cf-410b-9804-3d21208ced5e,accf1740-4c18-4b9a-895f-59d85ba593b5,,,Chuan hoa tu ra soat 2026-07-11; dung tai: THA,0,t,2026-07-11 09:50:09.894644+00,2026-07-13 03:49:19.762384+00,TER MT-5KVA,,
7feff42e-d536-433b-8590-cff4aad1f8bc,M_AWOS_AUGIER_PTS9525KA_3708EE,Máy biến tăng áp khô 3 pha 20KVA 400/950V,,494923ea-f1cf-410b-9804-3d21208ced5e,accf1740-4c18-4b9a-895f-59d85ba593b5,,,Chuan hoa tu ra soat 2026-07-11; dung tai: THA,0,t,2026-07-11 09:50:09.894644+00,2026-07-13 03:49:19.870835+00,PTS95-25KA,,
d1b6dd73-5f2b-4228-9627-59e19b39e483,M_AWOS_BIRAL_BTD300_CACB4D,Cảm biến đo dông sét,,b7f4a9b7-d8ca-434b-b11c-5e4a13a35ad1,98c88d39-bf0f-43c7-83a2-ca5d266ba54f,,,"Chuan hoa tu ra soat 2026-07-11; dung tai: CLA, THA",0,t,2026-07-11 09:50:09.894644+00,2026-07-13 03:49:19.974537+00,BTD-300,,
522cb203-7e1c-487e-ba49-85e8e13fa611,M_AWOS_3ONEDATA_277_613D82,Bộ chuyển đổi tín hiệu 485/fiber,,7c809d84-88ee-4505-9e8e-d5f291ec5afd,ae03f513-6763-46f8-913d-91a103966947,,,Chuan hoa tu ra soat 2026-07-11; dung tai: PLK,0,t,2026-07-11 09:50:09.894644+00,2026-07-13 03:49:20.085658+00,277,,
606ce3db-517b-4f07-94eb-88cd5f41286c,M_AWOS_CISCO_CATALYST365024_49EE9A,Switch 1,,ce41dcc3-9d54-4a7b-99fd-5a4a97a95447,ae03f513-6763-46f8-913d-91a103966947,,,Chuan hoa tu ra soat 2026-07-11; dung tai: PCA,0,t,2026-07-11 09:50:09.894644+00,2026-07-13 03:49:20.189858+00,Catalyst 3650 24,,
8b29ee12-222e-4e55-9f1b-09e8f23dd412,M_AWOS_APC_PNETR6_3E9AC9,Chống sét - LAN,,85b16a8e-84ee-4408-ac50-81b3e2aa7ca6,660f73b4-1975-4bde-8c87-810a23ef6e2c,,,Chuan hoa tu ra soat 2026-07-11; dung tai: CLA,0,t,2026-07-11 09:50:09.894644+00,2026-07-13 03:49:20.296067+00,PNETR6,,
329793f9-7a1e-4010-b17a-974df9ad37ad,M_AWOS_APC_PNET1G_050238,Chống sét LAN,,85b16a8e-84ee-4408-ac50-81b3e2aa7ca6,660f73b4-1975-4bde-8c87-810a23ef6e2c,,,Chuan hoa tu ra soat 2026-07-11; dung tai: BDKT-KTKT,0,t,2026-07-11 09:50:09.894644+00,2026-07-13 03:49:20.405846+00,PNET1G,,
d69d9602-b6d5-4785-8c55-d63abc75d2de,M_AWOS_APC_PNET1GB_57568C,Chống sét lan truyền - thiết bị đo giông,,85b16a8e-84ee-4408-ac50-81b3e2aa7ca6,660f73b4-1975-4bde-8c87-810a23ef6e2c,,,Chuan hoa tu ra soat 2026-07-11; dung tai: THA,0,t,2026-07-11 09:50:09.894644+00,2026-07-13 03:49:20.514523+00,PNET1GB,,
b60b1eab-a1e6-4d20-b8d4-3f7862ad32c0,M_AWOS_AT3W_ATDB9_ED40B4,Chống sét đường dữ liệu RS-232,,9d09c5d7-4aa9-40a6-b47b-4e1899c9956f,660f73b4-1975-4bde-8c87-810a23ef6e2c,,,Chuan hoa tu ra soat 2026-07-11; dung tai: CLA,0,t,2026-07-11 09:50:09.894644+00,2026-07-13 03:49:20.616634+00,ATDB9,,
3b58c09b-ba41-435c-8929-ba0d4ad5a110,M_AWOS_BIRAL_SWSCAL_2E22B2,SWS Calibration Kit,,b7f4a9b7-d8ca-434b-b11c-5e4a13a35ad1,1ef69ec2-6298-4c48-b931-aea3fa48c0fc,,,"Chuan hoa tu ra soat 2026-07-11; dung tai: PLK, THA",0,t,2026-07-11 09:50:09.894644+00,2026-07-13 03:49:20.721443+00,SWS.CAL,,
f8d3ee7f-016e-4cc0-a167-93be7718f584,M_CAM_BIEN_ANH_SANG_NEN,Cảm biến ánh sáng nền LM21,,79b069cc-810c-41ab-9b03-9032c1804a5f,98c88d39-bf0f-43c7-83a2-ca5d266ba54f,,1783847012912_CleanShot_2026-07-12_at_16.03.16.webp,,8,t,2026-07-11 09:50:09.894644+00,2026-07-13 03:49:21.03995+00,LM21,,
540b2762-68e8-4f52-b841-25f5652dce5d,M_AWOS_COMERGON_DIN21I485_BB5E9E,RS232/485 Converter,,6842b45f-5020-4a54-9962-14b7ba723363,ae03f513-6763-46f8-913d-91a103966947,,,Chuan hoa tu ra soat 2026-07-11; dung tai: PLK,0,t,2026-07-11 09:50:09.894644+00,2026-07-13 03:49:21.56288+00,DIN2.1I485,,
0831b7cc-d313-4b39-ab53-6d11b3c7cef7,M_AWOS_DLINK_DES1008A_52DCAE,Switch đầu cuối,,764fa0d4-4f4a-4b3c-91be-bd426249a9f3,ae03f513-6763-46f8-913d-91a103966947,,,Chuan hoa tu ra soat 2026-07-11; dung tai: BDKT-KTKT,0,t,2026-07-11 09:50:09.894644+00,2026-07-13 03:49:21.667444+00,DES-1008A,,
9d006110-4d60-4b9d-acc5-b554f5199069,M_AWOS_CISCO_SF30024_1C6F8C,Switch 1,,ce41dcc3-9d54-4a7b-99fd-5a4a97a95447,83e7d93e-2f76-4d4f-a6bc-08926383aba1,,,Chuan hoa tu ra soat 2026-07-11; dung tai: BDKT-KTKT,0,t,2026-07-11 09:50:09.894644+00,2026-07-13 03:49:21.77256+00,SF300-24,,
52508dc2-529a-4ce8-bdba-9b41bba64bcf,M_BO_THU_THAP_MUC_SANG_DEN_DUONG_CAT,Bộ thu thập mức sáng đèn đường cất hạ cánh có khả năng kết nối đèn lề đường CHC,,79b069cc-810c-41ab-9b03-9032c1804a5f,ae03f513-6763-46f8-913d-91a103966947,,,,4,t,2026-07-11 09:50:09.894644+00,2026-07-13 03:49:20.828666+00,RSI51,,
9523ab9e-4612-477f-bb67-5e591edd0f2b,M_CHONG_SET_BAO_GOM_KIM_THU_SET_GAN_,Bộ Chống sét khí tượng,,,1ef69ec2-6298-4c48-b931-aea3fa48c0fc,,,"kim thu sét gắn trên cột 10m, / cáp thoát sét, bộ xử lý đầu cáp (đầu trên, đầu dưới), ống sợi thủy tinh là phụ kiện đồng bộ cùng nhà sản xuất với cáp thoát sét",7,t,2026-07-11 09:50:09.894644+00,2026-07-13 03:49:20.934941+00,,,
91e90915-09c3-46ae-8efc-3b8d5ab8610b,M_AWOS_COMPLETECH_CA420Y_A82278,Anten định hướng CA420Y,,9e1e0f0c-c9e2-449b-bacb-19bd361646f2,ae03f513-6763-46f8-913d-91a103966947,,,Chuan hoa tu ra soat 2026-07-11; dung tai: THA,0,t,2026-07-11 09:50:09.894644+00,2026-07-13 03:49:21.146921+00,CA420Y,,
6e945e40-d2ca-43af-9048-72ff995a4c14,M_AWOS_CITEL_P8AX09NMF_D08840,Chống sét RF,,80666d25-731c-4de5-8d64-08488037258a,660f73b4-1975-4bde-8c87-810a23ef6e2c,,,Chuan hoa tu ra soat 2026-07-11; dung tai: PBA,0,t,2026-07-11 09:50:09.894644+00,2026-07-13 03:49:21.250056+00,P8AX09-N/MF,,
259cdc0f-dfa0-45b4-af1a-b2dc6dcf025b,M_CAM_BIEN_DO_HUONG_VA_TOC_DO_GIO_KE,Cảm biến đo hướng và tốc độ gió WMT700,,79b069cc-810c-41ab-9b03-9032c1804a5f,98c88d39-bf0f-43c7-83a2-ca5d266ba54f,,1783906140776_CleanShot_2026-07-13_at_08.28.39.webp,"(kèm theo cáp tín hiệu, cáp nguồn, phụ kiện chống chim đậu, phụ kiện lắp đặt)",9,t,2026-07-11 09:50:09.894644+00,2026-07-13 03:49:21.353697+00,WMT700,,
bead90c6-a65d-4305-90bc-b59f8d19d38e,M_AWOS_CITEL_DLA212D3_62C426,Chống sét đường tín hiệu RS232,,80666d25-731c-4de5-8d64-08488037258a,660f73b4-1975-4bde-8c87-810a23ef6e2c,,,"Chuan hoa tu ra soat 2026-07-11; dung tai: BDKT-KTKT, PBA",0,t,2026-07-11 09:50:09.894644+00,2026-07-13 03:49:21.458781+00,DLA2-12D3,,
e44ff709-431e-489f-b68a-c9a7dcee9669,M_BO_KIEM_TRA_HIEU_CHINH_CHO_CAM_BIE,Bộ kiểm tra hiệu chỉnh cho cảm biến ánh sáng nền (dùng chung cho cả 2 cảm biến),,,98c88d39-bf0f-43c7-83a2-ca5d266ba54f,,,,2,t,2026-07-11 09:50:09.894644+00,2026-07-13 03:49:21.879514+00,,,
acf79b02-147e-47fb-8f6f-ab16f6b03316,RS_EU4200C,EU4200C,,28422512-1c6b-4124-af15-ed8d22a22249,032cd7d8-5028-42f1-86b5-cf3122e3a430,,1783935450957_clipboard.webp,"Máy thu VHF kỹ thuật số thuộc R&S Series4200, software-defined radio cho thông tin hàng không. Dải tần thu 118-137 MHz, độ nhạy cao.",0,t,2026-07-13 03:49:36.16594+00,2026-07-13 09:37:31.607357+00,,,
028884b4-8886-4201-907b-cd2bc066fbb2,M_AWOS_BO_PHAN_SAY_SUOI_THIET_BI_HEATER_BLOWE_225CC3,"Bộ phận sấy, sưởi thiết bị (heater/blower) 83397-00",,,1ef69ec2-6298-4c48-b931-aea3fa48c0fc,,,Chuẩn hóa từ danh mục PL1 gốc; cần đối chiếu tem máy nếu P/N trống.,3,t,2026-07-11 09:50:09.894644+00,2026-07-13 03:49:21.991407+00,,,
80ed643b-f760-448e-9848-915d576dd0aa,M_AWOS_CONVETER_QUANG_D23A56,CONVETER QUANG,,,1ef69ec2-6298-4c48-b931-aea3fa48c0fc,,,Chuẩn hóa từ danh mục PL1 gốc; cần đối chiếu tem máy nếu P/N trống.,6,t,2026-07-11 09:50:09.894644+00,2026-07-13 03:49:22.100633+00,,,
1c4bdaae-e76a-4040-bedc-f26be5893023,M_AWOS_COT_TUI_GIO_AU_02_45CB38,"Cột, túi gió đầu 02",,,1ef69ec2-6298-4c48-b931-aea3fa48c0fc,,,Chuẩn hóa từ danh mục PL1 gốc; cần đối chiếu tem máy nếu P/N trống.,10,t,2026-07-11 09:50:09.894644+00,2026-07-13 03:49:22.203254+00,,,
ff17149b-6cf3-49a2-ac0c-71657a8cb922,M_AWOS_COT_TUI_GIO_AU_20_39F47D,"Cột, túi gió đầu 20",,,1ef69ec2-6298-4c48-b931-aea3fa48c0fc,,,Chuẩn hóa từ danh mục PL1 gốc; cần đối chiếu tem máy nếu P/N trống.,11,t,2026-07-11 09:50:09.894644+00,2026-07-13 03:49:22.317802+00,,,
457115cd-3054-44a7-b6ac-9ebc9cec1f1a,M_AWOS_GPS_847D41,GPS,,,1ef69ec2-6298-4c48-b931-aea3fa48c0fc,,,Chuẩn hóa từ danh mục PL1 gốc; cần đối chiếu tem máy nếu P/N trống.,12,t,2026-07-11 09:50:09.894644+00,2026-07-13 03:49:22.423571+00,,,
0d5f4d6a-60a7-4ec2-8ce5-d4c8c8ed2589,M_AWOS_HE_THONG_QUAN_TRAC_THONG_DUNG_720540,Hệ thống quan trắc thông dụng,,,1ef69ec2-6298-4c48-b931-aea3fa48c0fc,,,Chuẩn hóa từ danh mục PL1 gốc; cần đối chiếu tem máy nếu P/N trống.,15,t,2026-07-11 09:50:09.894644+00,2026-07-13 03:49:22.528444+00,,,
d77a2c59-c005-4902-8137-26065c18dac0,M_HE_THONG_XU_LY_DU_LIEU_TRUNG_TAM_B,Hệ thống xử lý dữ liệu trung tâm bao gồm:,,,1ef69ec2-6298-4c48-b931-aea3fa48c0fc,,,,16,t,2026-07-11 09:50:09.894644+00,2026-07-13 03:49:22.631557+00,,,
354ca296-10a2-4209-a6e4-cd702737c78c,M_AWOS_KVM_AMHS_8A4525,KVM AMHS,,,1ef69ec2-6298-4c48-b931-aea3fa48c0fc,,,Chuẩn hóa từ danh mục PL1 gốc; cần đối chiếu tem máy nếu P/N trống.,17,t,2026-07-11 09:50:09.894644+00,2026-07-13 03:49:22.7349+00,,,
af357e58-222a-412c-b684-486467fc9cc3,M_AWOS_CISCO_CATALYST3650_B2CD46,Switch Cisco 24 port,,ce41dcc3-9d54-4a7b-99fd-5a4a97a95447,ae03f513-6763-46f8-913d-91a103966947,,,"Chuan hoa tu ra soat 2026-07-11; dung tai: CLA, PLK",0,t,2026-07-11 09:50:09.894644+00,2026-07-13 03:49:22.835883+00,Catalyst3650,,
723c0355-fedf-466a-8b1e-ce08ceec75fd,M_AWOS_CISCO_WSC365024TS_519EB6,Switch trunk 1,,ce41dcc3-9d54-4a7b-99fd-5a4a97a95447,ae03f513-6763-46f8-913d-91a103966947,,,Chuan hoa tu ra soat 2026-07-11; dung tai: BDKT-KTKT,0,t,2026-07-11 09:50:09.894644+00,2026-07-13 03:49:22.940125+00,WS-C3650-24TS,,
3e594fb0-557d-4145-8b46-666fb735f450,M_AWOS_COMPLETECH_CA410GP_AE1FD1,Anten vô hướng,,9e1e0f0c-c9e2-449b-bacb-19bd361646f2,ae03f513-6763-46f8-913d-91a103966947,,,Chuan hoa tu ra soat 2026-07-11; dung tai: THA,0,t,2026-07-11 09:50:09.894644+00,2026-07-13 03:49:23.044459+00,CA410GP,,
cb41d11e-3a27-487e-9dc3-e9540b59b5f5,M_AWOS_DATATAKER_DT80_C01AF3,Thiết bị Datataker,,84ad453e-5411-4ab4-9b44-48427cac81a0,ae03f513-6763-46f8-913d-91a103966947,,,Chuan hoa tu ra soat 2026-07-11; dung tai: BDKT-KTKT,0,t,2026-07-11 09:50:09.894644+00,2026-07-13 03:49:23.152027+00,DT80,,
9b0550c2-e963-42e1-8adc-217d05b1941c,M_AWOS_CONVERTER_QUANG_1EE18F,CONVERTER QUANG,,,ae03f513-6763-46f8-913d-91a103966947,,,Chuẩn hóa từ danh mục PL1 gốc; cần đối chiếu tem máy nếu P/N trống.,5,t,2026-07-11 09:50:09.894644+00,2026-07-13 03:49:23.256623+00,,,
22af799f-6b8f-4501-bed7-6262c5178fe0,M_KEM_THEO_BO_CHAN_BUC_XA,Kèm theo bộ chắn bức xạ,,,ae03f513-6763-46f8-913d-91a103966947,,,,19,t,2026-07-11 09:50:09.894644+00,2026-07-13 03:49:23.358596+00,,,
970394ab-be78-40e3-814f-493f200d7353,M_AWOS_LEU_KHI_TUONG_HY_LKT01_579E6E,Lều Khí tượng HY-LKT01,,,1ef69ec2-6298-4c48-b931-aea3fa48c0fc,,,Chuẩn hóa từ danh mục PL1 gốc; cần đối chiếu tem máy nếu P/N trống.,20,t,2026-07-11 09:50:09.894644+00,2026-07-13 03:49:23.461928+00,,,
51e72797-a5e1-4915-b5ca-5ca4206d8914,M_AWOS_PC_DISPLAY_MET_D3CD3A,PC Display MET,,,1ef69ec2-6298-4c48-b931-aea3fa48c0fc,,,Chuẩn hóa từ danh mục PL1 gốc; cần đối chiếu tem máy nếu P/N trống.,23,t,2026-07-11 09:50:09.894644+00,2026-07-13 03:49:23.567457+00,,,
8400d1c8-4f9b-4643-8432-691a2a4b7506,M_AWOS_PC_OPT_OBS_2_AE4684,PC OPT - OBS 2,,,1ef69ec2-6298-4c48-b931-aea3fa48c0fc,,,Chuẩn hóa từ danh mục PL1 gốc; cần đối chiếu tem máy nếu P/N trống.,24,t,2026-07-11 09:50:09.894644+00,2026-07-13 03:49:23.675202+00,,,
51daea86-cddf-4a9a-8d9b-ebe1241c6da0,M_AWOS_PC_OPT_TWR_F54E50,PC OPT - TWR,,,1ef69ec2-6298-4c48-b931-aea3fa48c0fc,,,Chuẩn hóa từ danh mục PL1 gốc; cần đối chiếu tem máy nếu P/N trống.,25,t,2026-07-11 09:50:09.894644+00,2026-07-13 03:49:23.777866+00,,,
c8872738-60fc-4640-8d0c-98f33fd28f83,M_AWOS_PC_OPT_APP1_2966B6,PC OPT-APP1,,,1ef69ec2-6298-4c48-b931-aea3fa48c0fc,,,Chuẩn hóa từ danh mục PL1 gốc; cần đối chiếu tem máy nếu P/N trống.,26,t,2026-07-11 09:50:09.894644+00,2026-07-13 03:49:23.888117+00,,,
ead675aa-e315-4f5b-9e71-0d27d96d21c1,M_AWOS_PC_OPT_APP2_DAB13C,PC OPT-APP2,,,1ef69ec2-6298-4c48-b931-aea3fa48c0fc,,,Chuẩn hóa từ danh mục PL1 gốc; cần đối chiếu tem máy nếu P/N trống.,27,t,2026-07-11 09:50:09.894644+00,2026-07-13 03:49:23.997452+00,,,
08c106ea-3b4a-47a1-9573-e039690e89ec,M_AWOS_PC_OPT_OBS_1_A22F7D,PC OPT-OBS 1,,,1ef69ec2-6298-4c48-b931-aea3fa48c0fc,,,Chuẩn hóa từ danh mục PL1 gốc; cần đối chiếu tem máy nếu P/N trống.,28,t,2026-07-11 09:50:09.894644+00,2026-07-13 03:49:24.10341+00,,,
f54b9b5d-5243-4189-a82a-30bfae2375f1,M_AWOS_PHONG_THIET_BI_HE_THONG_AWOS_OPTIMET_1C85B3,Phòng thiết bị (Hệ thống AWOS Optimet),,,1ef69ec2-6298-4c48-b931-aea3fa48c0fc,,,Chuẩn hóa từ danh mục PL1 gốc; cần đối chiếu tem máy nếu P/N trống.,29,t,2026-07-11 09:50:09.894644+00,2026-07-13 03:49:24.207486+00,,,
e3685d34-ab13-402d-97db-9fc4185a4de9,M_AWOS_PHONG_TRUC_THIET_BI_CABIN_TWR_APP_A1DC08,Phòng trực thiết bị /Cabin TWR/APP,,,1ef69ec2-6298-4c48-b931-aea3fa48c0fc,,,Chuẩn hóa từ danh mục PL1 gốc; cần đối chiếu tem máy nếu P/N trống.,30,t,2026-07-11 09:50:09.894644+00,2026-07-13 03:49:24.312557+00,,,
cf833368-06c6-4507-9194-78cd72ded445,M_THIET_BI_TRONG_NHA,Thiết bị trong nhà,,,1ef69ec2-6298-4c48-b931-aea3fa48c0fc,,,,38,t,2026-07-11 09:50:09.894644+00,2026-07-13 03:49:24.420816+00,,,
5f90a9b8-c63c-405f-875a-7dffbbee8aaa,JOTRON_TA7650,TA-7650,,15e83d23-05bd-4900-8778-2b890ccf73ea,954b8685-0b5a-45b3-9172-43b93da5faef,,,Máy phát VHF AM kỹ thuật số đa chế độ 50W thuộc Series 7000. Part Number: 84000C. Dải tần 118-137 MHz cho thông tin hàng không.,0,t,2026-07-13 03:49:36.274626+00,2026-07-15 03:57:11.755514+00,84000C,,
c94854ca-6dd1-486b-b6cd-0a26fc4cf9f2,M_AWOS_TRAM_02_9A638D,Trạm 02,,,1ef69ec2-6298-4c48-b931-aea3fa48c0fc,,,Chuẩn hóa từ danh mục PL1 gốc; cần đối chiếu tem máy nếu P/N trống.,54,t,2026-07-11 09:50:09.894644+00,2026-07-13 03:49:24.530835+00,,,
ac375dd7-c5c0-4ef6-ab1d-fbb044a737bc,M_TRAM_CEILO_02R,Trạm Ceilo 02R,,,1ef69ec2-6298-4c48-b931-aea3fa48c0fc,,,,55,t,2026-07-11 09:50:09.894644+00,2026-07-13 03:49:24.631088+00,,,
c9e6ac20-a6e4-4202-8d3e-3e1c6463c1b6,M_TRAM_CEILO_20L,Trạm Ceilo 20L,,,1ef69ec2-6298-4c48-b931-aea3fa48c0fc,,,,56,t,2026-07-11 09:50:09.894644+00,2026-07-13 03:49:24.738089+00,,,
468aa3b1-fbbb-476b-8705-1c8cdb3ca2dc,M_AWOS_TRAM_MID_914E1A,Trạm MID,,,1ef69ec2-6298-4c48-b931-aea3fa48c0fc,,,Chuẩn hóa từ danh mục PL1 gốc; cần đối chiếu tem máy nếu P/N trống.,57,t,2026-07-11 09:50:09.894644+00,2026-07-13 03:49:24.841433+00,,,
33206c06-c13c-4988-8309-17716ee57742,M_TRAM_MID,Trạm MID,,,1ef69ec2-6298-4c48-b931-aea3fa48c0fc,,,,58,t,2026-07-11 09:50:09.894644+00,2026-07-13 03:49:24.942707+00,,,
c119f5bd-e71a-409d-b0e0-ecfa1b231725,M_TRAM_RWAY_02_R,Trạm RWAY 02 R,,,1ef69ec2-6298-4c48-b931-aea3fa48c0fc,,,,59,t,2026-07-11 09:50:09.894644+00,2026-07-13 03:49:25.043236+00,,,
25df870a-f529-47e2-a365-ad75358672c5,M_TRAM_RWAY_20_L,Trạm RWAY 20 L,,,1ef69ec2-6298-4c48-b931-aea3fa48c0fc,,,,60,t,2026-07-11 09:50:09.894644+00,2026-07-13 03:49:25.163414+00,,,
7a079e2e-12e8-4dfb-b197-24d0404e170d,M_AWOS_TRAM_RWAY_AU_20_2CED70,Trạm RWAY đầu 20,,,1ef69ec2-6298-4c48-b931-aea3fa48c0fc,,,Chuẩn hóa từ danh mục PL1 gốc; cần đối chiếu tem máy nếu P/N trống.,61,t,2026-07-11 09:50:09.894644+00,2026-07-13 03:49:25.265219+00,,,
a46390a1-6c2c-412b-a212-a3a906e3b033,M_AWOS_TRAM_O_TRAN_MAY_AU_02_168EC3,Trạm đo trần mây đầu 02,,,1ef69ec2-6298-4c48-b931-aea3fa48c0fc,,,Chuẩn hóa từ danh mục PL1 gốc; cần đối chiếu tem máy nếu P/N trống.,62,t,2026-07-11 09:50:09.894644+00,2026-07-13 03:49:25.369695+00,,,
ad7521ea-f02d-486b-a047-42f3fcd4a676,M_AWOS_TRAM_O_TRAN_MAY_AU_20_3EDA47,Trạm đo trần mây đầu 20,,,1ef69ec2-6298-4c48-b931-aea3fa48c0fc,,,Chuẩn hóa từ danh mục PL1 gốc; cần đối chiếu tem máy nếu P/N trống.,63,t,2026-07-11 09:50:09.894644+00,2026-07-13 03:49:25.471168+00,,,
8297b5f8-8ef3-4f1f-8a41-36152eea23e1,M_AWOS_ADVANTECH_THIET_BI_GIAO_TIEP_DU_LIEU_A_456E8A,Thiết bị giao tiếp dữ liệu Advantech UNO-137,,81227fc4-ef2d-4334-bb0e-bb1849fdb2c2,1ef69ec2-6298-4c48-b931-aea3fa48c0fc,,,Chuẩn hóa từ danh mục PL1 gốc; cần đối chiếu tem máy nếu P/N trống.,77,t,2026-07-11 09:50:09.894644+00,2026-07-13 03:49:25.578448+00,,,
c4cc207d-c36a-464e-b7ad-32ab5aff20c8,M_TRU_LAP_KIM_THU_SET_AN_TOAN_DE_GAY,"Trụ lắp kim thu sét an toàn - dễ gãy, cao 3m, và chân đế cột, đã được sơn theo tiêu chuẩn ICAO",,2f529936-107e-451b-bd0f-f3197db1943f,1ef69ec2-6298-4c48-b931-aea3fa48c0fc,,,,96,t,2026-07-11 09:50:09.894644+00,2026-07-13 03:49:25.683069+00,,,
53d597db-aec3-41d7-8b6b-2fcaf760be19,M_AWOS_AWI_SENSOR_O_DONG_6500_AC_38A409,Sensor đo dông 6500-AC,,8c53503a-8e6c-4698-bb44-06b929060b8a,98c88d39-bf0f-43c7-83a2-ca5d266ba54f,,,Chuẩn hóa từ danh mục PL1 gốc; cần đối chiếu tem máy nếu P/N trống.,71,t,2026-07-11 09:50:09.894644+00,2026-07-13 03:49:25.78736+00,,,
101d521f-3c3f-4610-b0d8-15f428c94dc7,M_THIET_BI_MANG_KET_NOI_CAC_MAY_CHU_,Thiết bị mạng kết nối các máy chủ và các máy tính đầu cuối (gồm 02 bộ Switch),,,ae03f513-6763-46f8-913d-91a103966947,,,,37,t,2026-07-11 09:50:09.894644+00,2026-07-13 03:49:25.891212+00,,,
465b364b-ad53-4f5e-9da8-25d557a513ea,M_THU_DONG_HO_CHUAN_GPS,thu đồng hồ chuẩn GPS,,,ae03f513-6763-46f8-913d-91a103966947,,,,66,t,2026-07-11 09:50:09.894644+00,2026-07-13 03:49:25.997436+00,,,
fb2199c3-a6a3-473b-a252-0f3d88f51e32,M_AWOS_MAN_HINH_HIEN_THI_SO_LIEU_NHIET_AM_AP__36802E,Màn hình hiển thị số liệu Nhiệt ẩm áp Thies 1.1006.54.080,,,83e7d93e-2f76-4d4f-a6bc-08926383aba1,,,Chuẩn hóa từ danh mục PL1 gốc; cần đối chiếu tem máy nếu P/N trống.,22,t,2026-07-11 09:50:09.894644+00,2026-07-13 03:49:26.10496+00,,,
b0b9a32f-0833-4fbb-981e-748c6b92d69c,M_SERVER,Server,,,83e7d93e-2f76-4d4f-a6bc-08926383aba1,,,,32,t,2026-07-11 09:50:09.894644+00,2026-07-13 03:49:26.207344+00,,,
cd60afb0-bc3a-4245-b007-a637529e9169,JOTRON_RA7203,RA-7203,,15e83d23-05bd-4900-8778-2b890ccf73ea,032cd7d8-5028-42f1-86b5-cf3122e3a430,,1783936018923_clipboard.webp,"Máy thu VHF thuộc Series 7000. Dải tần thu 118-137 MHz, tích hợp với TR-7750 Transceiver và TA-7650 Transmitter.",0,t,2026-07-13 03:49:36.384637+00,2026-07-13 09:46:59.726784+00,,,
a5f080a3-c50c-47fb-a123-bb33c98323a9,M_BO_XU_LY_DAU_DUOI,Bộ xử lý đầu dưới cáp thoát sét ERICORE/LTKIT/A,,2e05f201-8ee7-4f2d-afe5-963dc6d94500,660f73b4-1975-4bde-8c87-810a23ef6e2c,,,Xử lý đầu dứoi chống sét,153,t,2026-07-11 09:50:09.894644+00,2026-07-13 03:49:27.264814+00,ERICORE/LTKIT/A,,
ca747075-dd4d-4a49-814f-d1ab099fa1b2,M_BO_XU_LY_DAU_TREN,Bộ xử lý đầu trên cáp thoát sét,,2e05f201-8ee7-4f2d-afe5-963dc6d94500,660f73b4-1975-4bde-8c87-810a23ef6e2c,,,,154,t,2026-07-11 09:50:09.894644+00,2026-07-13 03:49:27.36668+00,ERICORE/UKIT/B,,
b3efdb84-1e7d-4b78-870b-58487514dae3,M_AWOS_CISCO_SWITCH_CISCO_2960_VLAN_QUANG_A70546,Switch Cisco WS-C2960,,ce41dcc3-9d54-4a7b-99fd-5a4a97a95447,ae03f513-6763-46f8-913d-91a103966947,,1784105562037_CleanShot_2026-07-15_at_15.52.15.webp,Chuẩn hóa từ danh mục PL1 gốc; cần đối chiếu tem máy nếu P/N trống.,110,t,2026-07-11 09:50:09.894644+00,2026-07-15 08:52:42.720491+00,WS-C2960,,
f14edffc-2c14-4ffe-8e81-296563cf39eb,M_AWOS_DELL_T310_B3678D,Máy chủ MAIN,,f9bb034d-e32b-4595-b6a6-e5136105dc19,83e7d93e-2f76-4d4f-a6bc-08926383aba1,,,Chuan hoa tu ra soat 2026-07-11; dung tai: BDKT-KTKT,0,t,2026-07-11 09:50:09.894644+00,2026-07-13 03:49:27.471056+00,T310,,
110ccb12-a602-4ac8-96ca-75379ec83ab9,M_AWOS_GILL_CAM_BIEN_O_TOC_O_VA_HUONG_GIO_WO9_1F6CF5,Cảm biến đo tốc độ và hướng Gió WO90,,8a078690-3935-478c-9d8c-92ed4818430f,98c88d39-bf0f-43c7-83a2-ca5d266ba54f,,,Chuẩn hóa từ danh mục PL1 gốc; cần đối chiếu tem máy nếu P/N trống.,164,t,2026-07-11 09:50:09.894644+00,2026-07-13 03:49:27.573214+00,,,
acd95ab7-c2b7-41f3-808f-c9f52544fc15,M_AWOS_MTECH_SENSOR_O_HIEN_TUONG_THOI_TIET_60_07AF2D,Sensor đo hiện tượng thời tiết 600 PWS,,ad5bae28-70da-4528-a406-c5c52467e25e,98c88d39-bf0f-43c7-83a2-ca5d266ba54f,,,Chuẩn hóa từ danh mục PL1 gốc; cần đối chiếu tem máy nếu P/N trống.,187,t,2026-07-11 09:50:09.894644+00,2026-07-13 03:49:27.673207+00,,,
17d36617-fde4-4c42-99bb-12101325d257,M_AWOS_MEANWELLS_ADAPTER_AC_DC_12V_MDR_60_12_12DDD6,Adapter AC/DC 12V MDR-60-12,,0e8dbaf8-aa3e-4d9d-bab2-99b08381f6f9,accf1740-4c18-4b9a-895f-59d85ba593b5,,1783847081438_CleanShot_2026-07-12_at_16.04.29.webp,Chuẩn hóa từ danh mục PL1 gốc; cần đối chiếu tem máy nếu P/N trống.,199,t,2026-07-11 09:50:09.894644+00,2026-07-13 03:49:26.313736+00,MDR-60-12,,
e0cede96-c46b-411a-9a8c-f97a5ae07521,M_AWOS_ETHEWAN_04_CONVERTER_ETHERWAN_10_100BA_D07A59,04 Converter Etherwan,,d587f701-fb92-4a71-934e-aa75a3f071f3,ae03f513-6763-46f8-913d-91a103966947,,1783847634048_CleanShot_2026-07-12_at_16.13.32.webp,10/100BASE-TX to 100BASE-FX Single Mode (SC) -20Km Media Converter (1310nm),159,t,2026-07-11 09:50:09.894644+00,2026-07-13 03:49:26.422593+00,,,
db58e80c-1899-417c-b4a7-fa954d48f6be,M_AWOS_MOXA_SW_MOXA_EDS_208A_5FCF86,SW MOXA EDS 208A,,a5454b1e-b677-4fd8-8494-b4c080de867d,ae03f513-6763-46f8-913d-91a103966947,,,Chuẩn hóa từ danh mục PL1 gốc; cần đối chiếu tem máy nếu P/N trống.,184,t,2026-07-11 09:50:09.894644+00,2026-07-13 03:49:26.527412+00,,,
7b67b8e3-7d62-4330-9e34-42b2a3d86068,M_AWOS_DELL_PC_OPT_GCU_BBBE50,PC OPT - GCU,,f9bb034d-e32b-4595-b6a6-e5136105dc19,1ef69ec2-6298-4c48-b931-aea3fa48c0fc,,,Chuẩn hóa từ danh mục PL1 gốc; cần đối chiếu tem máy nếu P/N trống.,124,t,2026-07-11 09:50:09.894644+00,2026-07-13 03:49:26.636848+00,,,
ea01bd88-ffa0-408d-a349-7c63c62e1f08,M_AWOS_DELL_PC_GIAM_SAT_UHF_935422,PC giám sát UHF,,f9bb034d-e32b-4595-b6a6-e5136105dc19,1ef69ec2-6298-4c48-b931-aea3fa48c0fc,,,Chuẩn hóa từ danh mục PL1 gốc; cần đối chiếu tem máy nếu P/N trống.,125,t,2026-07-11 09:50:09.894644+00,2026-07-13 03:49:26.73766+00,,,
d04dd23d-9c01-4138-ae4d-8f463db7c8d6,M_CAP,Cáp,,2e05f201-8ee7-4f2d-afe5-963dc6d94500,1ef69ec2-6298-4c48-b931-aea3fa48c0fc,,,,155,t,2026-07-11 09:50:09.894644+00,2026-07-13 03:49:26.844743+00,,,
59df4bf9-b124-4c71-a741-8eb83f198007,M_KIM_THU_SET,Kim thu sét,,2e05f201-8ee7-4f2d-afe5-963dc6d94500,1ef69ec2-6298-4c48-b931-aea3fa48c0fc,,,,157,t,2026-07-11 09:50:09.894644+00,2026-07-13 03:49:26.951843+00,,,
d28de1f2-6e4d-4f59-adf2-2ee762335ccb,M_ONG_SOI_THUY_TINH,Ống sợi thủy tinh,,2e05f201-8ee7-4f2d-afe5-963dc6d94500,1ef69ec2-6298-4c48-b931-aea3fa48c0fc,,,,158,t,2026-07-11 09:50:09.894644+00,2026-07-13 03:49:27.059956+00,,,
58ca6e19-bf8c-4a66-a3a5-d972b7886858,M_AWOS_ETHEWAN_CHASSIS_ETHERWAN_E8100D,Chassis Etherwan,,d587f701-fb92-4a71-934e-aa75a3f071f3,1ef69ec2-6298-4c48-b931-aea3fa48c0fc,,,Chuẩn hóa từ danh mục PL1 gốc; cần đối chiếu tem máy nếu P/N trống.,160,t,2026-07-11 09:50:09.894644+00,2026-07-13 03:49:27.16459+00,,,
c960ef78-8f14-4246-8c87-38a0a2d26a8a,M_CAM_BIEN_DO_TAM_NHIN,Cảm biến đo tầm nhìn,,b7f4a9b7-d8ca-434b-b11c-5e4a13a35ad1,98c88d39-bf0f-43c7-83a2-ca5d266ba54f,,,,103,t,2026-07-11 09:50:09.894644+00,2026-07-13 03:49:27.775873+00,,,
352c73a8-1161-4d8d-9881-9295bc3ad82d,M_AWOS_CISCO_SWITCH_CISCO_3650_VLAN_UHF_52DE93,Switch Cisco 3650 VLAN UHF,,ce41dcc3-9d54-4a7b-99fd-5a4a97a95447,ae03f513-6763-46f8-913d-91a103966947,,,Chuẩn hóa từ danh mục PL1 gốc; cần đối chiếu tem máy nếu P/N trống.,111,t,2026-07-11 09:50:09.894644+00,2026-07-13 03:49:27.985313+00,,,
5c5edb7a-3599-4422-8b0f-c7b0359e42df,M_AWOS_CITEL_CHONG_SET_RF_CHO_MODEM_C41475,Chống sét RF cho modem,,80666d25-731c-4de5-8d64-08488037258a,ae03f513-6763-46f8-913d-91a103966947,,,Chuẩn hóa từ danh mục PL1 gốc; cần đối chiếu tem máy nếu P/N trống.,117,t,2026-07-11 09:50:09.894644+00,2026-07-13 03:49:28.088381+00,,,
16aaea5d-4982-4a83-b78c-1a8c03abdddb,M_MAN_HINH,Màn hình,,f3ac5754-f684-4ba1-8fd4-dd0a2242dad2,83e7d93e-2f76-4d4f-a6bc-08926383aba1,,,,175,t,2026-07-11 09:50:09.894644+00,2026-07-13 03:49:28.18943+00,,,
6052b1d7-f4f7-4376-8e06-b20635498e81,M_AWOS_MEANWELL_SCP5012_B77B97,Bộ Charger SCP-50-12,,0e8dbaf8-aa3e-4d9d-bab2-99b08381f6f9,accf1740-4c18-4b9a-895f-59d85ba593b5,,1783847350240_CleanShot_2026-07-12_at_16.08.46.webp,"Chuan hoa tu ra soat 2026-07-11; dung tai: CLA, PCA, PLK, THA",0,t,2026-07-11 09:50:09.894644+00,2026-07-13 03:49:28.402959+00,SCP-50-12,,
b7d643c0-7616-4050-8bdd-afc60f121a39,M_AWOS_METEOSERVIS_MR2_38C465,Cảm biến đo mưa MR2,,ccabe12e-a9a1-47c5-94e7-0867f318a20d,98c88d39-bf0f-43c7-83a2-ca5d266ba54f,,,Chuan hoa tu ra soat 2026-07-11; dung tai: PLK,0,t,2026-07-11 09:50:09.894644+00,2026-07-13 03:49:28.506731+00,MR2,,
c939fdc4-38ff-4b16-a7cd-5cf428b638f7,M_AWOS_MEANWELL_DRC100A_CEC8D2,Nguồn AC/DC,,0e8dbaf8-aa3e-4d9d-bab2-99b08381f6f9,accf1740-4c18-4b9a-895f-59d85ba593b5,,,"Chuan hoa tu ra soat 2026-07-11; dung tai: BDKT-KTKT, PBA, PCA, PLK",0,t,2026-07-11 09:50:09.894644+00,2026-07-13 03:49:28.714299+00,DRC-100A,,
850d240b-a7eb-4d8e-9e1f-2e7baa23ca67,M_AWOS_MEANWELL_DRC60A_5D59E7,Nguồn AC/DC,,0e8dbaf8-aa3e-4d9d-bab2-99b08381f6f9,accf1740-4c18-4b9a-895f-59d85ba593b5,,,"Chuan hoa tu ra soat 2026-07-11; dung tai: PBA, PCA",0,t,2026-07-11 09:50:09.894644+00,2026-07-13 03:49:28.820563+00,DRC-60A,,
168e82d7-8bf2-42ea-977f-5b0fa6cf7232,M_AWOS_MICROSTEPMIS_TSS500_AFEC5C,Cảm biến đo Dông sét,,54e09535-2d7f-4319-812f-aee0a4916ed6,98c88d39-bf0f-43c7-83a2-ca5d266ba54f,,,"Chuan hoa tu ra soat 2026-07-11; dung tai: PCA, PLK",0,t,2026-07-11 09:50:09.894644+00,2026-07-13 03:49:28.298222+00,TSS-500,,
c4920869-42f0-4b89-bdde-2a905c24a4af,M_AWOS_MEANWELL_AD155A_3EBCF7,Bộ chuyển đổi AC/DC,,0e8dbaf8-aa3e-4d9d-bab2-99b08381f6f9,accf1740-4c18-4b9a-895f-59d85ba593b5,,,"Chuan hoa tu ra soat 2026-07-11; dung tai: CLA, PBA, PCA, PLK, THA",0,t,2026-07-11 09:50:09.894644+00,2026-07-13 03:49:28.609015+00,AD-155A,,
5a9b0333-a084-4240-96ab-bd5db912930c,M_AWOS_MEANWELL_DRC60B_F648E2,Nguồn AC/DC,,0e8dbaf8-aa3e-4d9d-bab2-99b08381f6f9,accf1740-4c18-4b9a-895f-59d85ba593b5,,,"Chuan hoa tu ra soat 2026-07-11; dung tai: BDKT-KTKT, THA",0,t,2026-07-11 09:50:09.894644+00,2026-07-13 03:49:28.930511+00,DRC-60B,,
dd7d4f7a-f771-4b27-b4f0-338067668a88,M_AWOS_MEANWELL_MDR6012_3A9690,Nguồn AC/DC,,0e8dbaf8-aa3e-4d9d-bab2-99b08381f6f9,accf1740-4c18-4b9a-895f-59d85ba593b5,,,"Chuan hoa tu ra soat 2026-07-11; dung tai: CLA, THA",0,t,2026-07-11 09:50:09.894644+00,2026-07-13 03:49:29.033667+00,MDR-60-12,,
0fe630a6-0b32-4cf2-9bb2-973ece0a277d,M_AWOS_MEANWELL_PSC100A_54B608,Nguồn AC/DC,,0e8dbaf8-aa3e-4d9d-bab2-99b08381f6f9,accf1740-4c18-4b9a-895f-59d85ba593b5,,,Chuan hoa tu ra soat 2026-07-11; dung tai: PCA,0,t,2026-07-11 09:50:09.894644+00,2026-07-13 03:49:29.137095+00,PSC-100A,,
1f788dea-eb1c-47ba-9505-1b9eac11eea7,M_AWOS_MEANWELL_PSC100AC_D534DB,Nguồn AC/DC,,0e8dbaf8-aa3e-4d9d-bab2-99b08381f6f9,accf1740-4c18-4b9a-895f-59d85ba593b5,,,"Chuan hoa tu ra soat 2026-07-11; dung tai: BDKT-KTKT, CLA",0,t,2026-07-11 09:50:09.894644+00,2026-07-13 03:49:29.240569+00,PSC-100A-C,,
1a83e773-41ef-4c05-8962-a3d040783af2,M_AWOS_MEANWELL_SCP155A_A15998,Nguồn AC/DC,,0e8dbaf8-aa3e-4d9d-bab2-99b08381f6f9,accf1740-4c18-4b9a-895f-59d85ba593b5,,,Chuan hoa tu ra soat 2026-07-11; dung tai: PCA,0,t,2026-07-11 09:50:09.894644+00,2026-07-13 03:49:29.344615+00,SCP-155A,,
f8848c63-7cfb-4fdd-b1f8-9b46bde5a6b9,M_AWOS_MEANWELL_SP320_D54967,Nguồn AC/DC,,0e8dbaf8-aa3e-4d9d-bab2-99b08381f6f9,accf1740-4c18-4b9a-895f-59d85ba593b5,,,Chuan hoa tu ra soat 2026-07-11; dung tai: PCA,0,t,2026-07-11 09:50:09.894644+00,2026-07-13 03:49:29.45426+00,SP-320,,
d67fb790-cf83-4849-9983-94a3768fd632,M_AWOS_MICROSTEPMIS_PT100_42CFAC,Cảm biến nhiệt độ,,54e09535-2d7f-4319-812f-aee0a4916ed6,98c88d39-bf0f-43c7-83a2-ca5d266ba54f,,,Chuan hoa tu ra soat 2026-07-11; dung tai: CLA,0,t,2026-07-11 09:50:09.894644+00,2026-07-13 03:49:29.559922+00,PT100,,
8dc8e474-b130-4785-b3ed-9066c061cebb,M_AWOS_MICROSTEPMIS_MISMSB780_AFDBE8,Cảm biến đo khí áp,,54e09535-2d7f-4319-812f-aee0a4916ed6,98c88d39-bf0f-43c7-83a2-ca5d266ba54f,,,Chuan hoa tu ra soat 2026-07-11; dung tai: PCA,0,t,2026-07-11 09:50:09.894644+00,2026-07-13 03:49:29.667889+00,MIS MSB780,,
d1a75326-a99b-43c1-8fcb-b9a071613d5e,M_AWOS_MICROSTEPMIS_MR2_53662E,Cảm biến đo lượng mưa,,54e09535-2d7f-4319-812f-aee0a4916ed6,98c88d39-bf0f-43c7-83a2-ca5d266ba54f,,,"Chuan hoa tu ra soat 2026-07-11; dung tai: CLA, PCA",0,t,2026-07-11 09:50:09.894644+00,2026-07-13 03:49:29.772442+00,MR-2,,
21149c45-6ce4-4eb7-b5cd-1d29d5b15e6f,M_AWOS_MICROSTEPMIS_RHT175_6CDC52,Cảm biến đo nhiệt độ và độ ẩm,,54e09535-2d7f-4319-812f-aee0a4916ed6,98c88d39-bf0f-43c7-83a2-ca5d266ba54f,,,"Chuan hoa tu ra soat 2026-07-11; dung tai: CLA, PLK",0,t,2026-07-11 09:50:09.894644+00,2026-07-13 03:49:29.875364+00,RHT 175,,
b40b51ba-72d2-4d63-8943-19ec12529696,M_AWOS_MICROSTEPMIS_MISRHT175_4813B5,Cảm biến đo nhiệt độ độ ẩm,,54e09535-2d7f-4319-812f-aee0a4916ed6,98c88d39-bf0f-43c7-83a2-ca5d266ba54f,,,Chuan hoa tu ra soat 2026-07-11; dung tai: PCA,0,t,2026-07-11 09:50:09.894644+00,2026-07-13 03:49:29.976639+00,MIS RHT 175,,
3658c79e-931c-404f-9f8d-294831ab6951,M_AWOS_MICROSTEPMIS_MD24_B8718B,Modem FSK,,54e09535-2d7f-4319-812f-aee0a4916ed6,ae03f513-6763-46f8-913d-91a103966947,,,Chuan hoa tu ra soat 2026-07-11; dung tai: PCA,0,t,2026-07-11 09:50:09.894644+00,2026-07-13 03:49:30.077103+00,MD-24,,
f4f4c876-3a9c-4345-8eed-58edda93d377,M_AWOS_MICROSTEPMIS_MD24R_05DE34,Modem FSK,,54e09535-2d7f-4319-812f-aee0a4916ed6,ae03f513-6763-46f8-913d-91a103966947,,,Chuan hoa tu ra soat 2026-07-11; dung tai: PCA,0,t,2026-07-11 09:50:09.894644+00,2026-07-13 03:49:30.178563+00,MD-24R,,
47d69c0d-0b8d-4a24-ac66-15e2960df369,M_AWOS_MICROSTEPMIS_OVP485_CD98CC,Thiết bị bảo vệ quá áp,,54e09535-2d7f-4319-812f-aee0a4916ed6,accf1740-4c18-4b9a-895f-59d85ba593b5,,,Chuan hoa tu ra soat 2026-07-11; dung tai: PLK,0,t,2026-07-11 09:50:09.894644+00,2026-07-13 03:49:30.279638+00,OVP 485,,
c52b5941-93e7-492d-9026-87e6d38f79f4,M_AWOS_MICROSTEPMIS_OVPPHONE160V_7BB6AF,Thiết bị bảo vệ quá áp,,54e09535-2d7f-4319-812f-aee0a4916ed6,accf1740-4c18-4b9a-895f-59d85ba593b5,,,Chuan hoa tu ra soat 2026-07-11; dung tai: PLK,0,t,2026-07-11 09:50:09.894644+00,2026-07-13 03:49:30.38249+00,OVP Phone 160v,,
a440239e-8a24-4523-ab16-6fd3e50f4691,M_AWOS_MTECH_915RG_E7A98B,Cảm biến đo mưa,,ad5bae28-70da-4528-a406-c5c52467e25e,98c88d39-bf0f-43c7-83a2-ca5d266ba54f,,,Chuan hoa tu ra soat 2026-07-11; dung tai: BDKT-KTKT,0,t,2026-07-11 09:50:09.894644+00,2026-07-13 03:49:30.482882+00,915-RG,,
3d2f52d6-6edb-4ac7-9a9c-22f40ff5ff2f,M_AWOS_MTECH_7000300_E0F687,Cảm biến đo tầm nhìn,,ad5bae28-70da-4528-a406-c5c52467e25e,98c88d39-bf0f-43c7-83a2-ca5d266ba54f,,,Chuan hoa tu ra soat 2026-07-11; dung tai: BDKT-KTKT,0,t,2026-07-11 09:50:09.894644+00,2026-07-13 03:49:30.689361+00,7000-300,,
7bc1bf8c-5be7-4168-844c-2e4ec3024de7,M_AWOS_MTECH_5000301M6_0085D2,Cảm biến đo ánh sáng nền,,ad5bae28-70da-4528-a406-c5c52467e25e,98c88d39-bf0f-43c7-83a2-ca5d266ba54f,,,Chuan hoa tu ra soat 2026-07-11; dung tai: BDKT-KTKT,0,t,2026-07-11 09:50:09.894644+00,2026-07-13 03:49:30.811035+00,5000-301-M6,,
6ad30d0c-14ff-4388-b6cb-0a55ecf33136,M_AWOS_MICROSTEPMIS_AMS111II_2A8D60,Data logger,,54e09535-2d7f-4319-812f-aee0a4916ed6,ae03f513-6763-46f8-913d-91a103966947,,,"Chuan hoa tu ra soat 2026-07-11; dung tai: CLA, PCA, PLK",0,t,2026-07-11 09:50:09.894644+00,2026-07-13 03:49:30.919347+00,AMS 111 II,,
26b2c91d-c75b-42ea-8651-afc6dfc140e4,M_AWOS_MICROSTEPMIS_IMSRLSI_32211B,RLSI,,54e09535-2d7f-4319-812f-aee0a4916ed6,ae03f513-6763-46f8-913d-91a103966947,,,Chuan hoa tu ra soat 2026-07-11; dung tai: PLK,0,t,2026-07-11 09:50:09.894644+00,2026-07-13 03:49:31.025836+00,IMS/RLSI,,
fa5513e7-08d5-449e-afdb-8b75a58407b6,M_AWOS_MICROSTEPMIS_OVP160V_FB8781,Chống sét đường tín hiệu,,54e09535-2d7f-4319-812f-aee0a4916ed6,660f73b4-1975-4bde-8c87-810a23ef6e2c,,,Chuan hoa tu ra soat 2026-07-11; dung tai: PCA,0,t,2026-07-11 09:50:09.894644+00,2026-07-13 03:49:31.131408+00,OVP-160V,,
e60bf1b2-f570-4997-878f-7c480fb78bf3,M_AWOS_RACOM_RIPEX400SPHUB_A8EB4F,Modem Hub UHF,,ca029628-203c-4008-b4bc-89b0746a39c6,ae03f513-6763-46f8-913d-91a103966947,,,Chuan hoa tu ra soat 2026-07-11; dung tai: PBA,0,t,2026-07-11 09:50:09.894644+00,2026-07-13 03:49:32.084034+00,RipEX-400SP (Hub),,
81a989f9-0432-42d5-b017-0fb5d6d37d41,M_AWOS_RACOM_RIPEX400_F4E3DE,Modem UHF,,ca029628-203c-4008-b4bc-89b0746a39c6,ae03f513-6763-46f8-913d-91a103966947,,,Chuan hoa tu ra soat 2026-07-11; dung tai: PCA,0,t,2026-07-11 09:50:09.894644+00,2026-07-13 03:49:32.18807+00,RipEX-400,,
202b1373-9caf-486b-af3b-5c609c444866,M_AWOS_NESA_BARAVS_983E50,Cảm biến áp suất BAR-AV-S,,54f5eb32-6a74-4b21-aae3-46cc63e2271b,98c88d39-bf0f-43c7-83a2-ca5d266ba54f,,1783847407545_CleanShot_2026-07-12_at_16.09.50.webp,,0,t,2026-07-11 09:50:09.894644+00,2026-07-13 03:49:31.236715+00,BAR-AV-S,,
68846d95-ef16-44f9-8643-3676096fe12b,M_AWOS_NESA_URC_ED73B0,Cảm biến độ ẩm UR-C,,54f5eb32-6a74-4b21-aae3-46cc63e2271b,98c88d39-bf0f-43c7-83a2-ca5d266ba54f,,,Chuan hoa tu ra soat 2026-07-11; dung tai: THA,0,t,2026-07-11 09:50:09.894644+00,2026-07-13 03:49:31.342754+00,UR-C,,
bc45a565-366f-4f7f-8c35-15d3b3871582,M_AWOS_NESA_TAC_B0B819,Cảm biến nhiệt độ TA-C,,54f5eb32-6a74-4b21-aae3-46cc63e2271b,98c88d39-bf0f-43c7-83a2-ca5d266ba54f,,,Chuan hoa tu ra soat 2026-07-11; dung tai: THA,0,t,2026-07-11 09:50:09.894644+00,2026-07-13 03:49:31.451097+00,TA-C,,
d809a910-9b0d-4e66-afb7-6c6004d6a1a9,M_AWOS_NA_HYKKT01_EAA0F5,Nhiệt ẩm biểu,,,98c88d39-bf0f-43c7-83a2-ca5d266ba54f,,,Chuan hoa tu ra soat 2026-07-11; dung tai: PBA,0,t,2026-07-11 09:50:09.894644+00,2026-07-13 03:49:31.550459+00,HY-KKT01,,
65b143c3-459a-4dae-86ac-748cd45c1176,M_AWOS_NETGEAR_FS516_132E3F,Switch,,c8acb234-d521-4934-a5d9-7ba29ec24264,ae03f513-6763-46f8-913d-91a103966947,,,Chuan hoa tu ra soat 2026-07-11; dung tai: PBA,0,t,2026-07-11 09:50:09.894644+00,2026-07-13 03:49:31.656593+00,FS-516,,
b63cae62-2dbf-4b84-ae97-c6526954dfa5,M_AWOS_OBSERVATOR_OCM140_B5EF75,Màn hình hiển thị số liệu gió,,1f8c6a88-4da8-4cff-bf77-616d07522c3c,83e7d93e-2f76-4d4f-a6bc-08926383aba1,,,"Chuan hoa tu ra soat 2026-07-11; dung tai: CLA, PCA, PLK, THA",0,t,2026-07-11 09:50:09.894644+00,2026-07-13 03:49:31.759092+00,OCM-140,,
23899b65-4ecf-4d81-bcd6-ef1e7e7b3fa5,M_AWOS_PIPAD_VTD_F820DD,Màn hình hiển thị Nhiệt độ-Độ ẩm-Khí áp,,1c6ece88-bb18-47cb-992c-bf7c4c11e237,83e7d93e-2f76-4d4f-a6bc-08926383aba1,,,Chuan hoa tu ra soat 2026-07-11; dung tai: PLK,0,t,2026-07-11 09:50:09.894644+00,2026-07-13 03:49:31.868147+00,VTD,,
d28b2aa6-050f-46e2-bb5a-5e1970b424ab,M_AWOS_RACOM_RIPEX400SP_642CC4,Modem UHF,,ca029628-203c-4008-b4bc-89b0746a39c6,ae03f513-6763-46f8-913d-91a103966947,,,"Chuan hoa tu ra soat 2026-07-11; dung tai: BDKT-KTKT, PBA",0,t,2026-07-11 09:50:09.894644+00,2026-07-13 03:49:32.292519+00,RipEX-400SP,,
ed4f344a-ca1c-4564-9f45-b83edc522bad,M_AWOS_RACOM_RIPEXHS_17D5DB,ModemHub UHF,,ca029628-203c-4008-b4bc-89b0746a39c6,ae03f513-6763-46f8-913d-91a103966947,,,"Chuan hoa tu ra soat 2026-07-11; dung tai: BDKT-KTKT, PCA",0,t,2026-07-11 09:50:09.894644+00,2026-07-13 03:49:32.394376+00,RipEX-HS,,
2fb6f338-4535-4c98-9332-1487b9c18d5f,M_AWOS_RACOM_MR400LIGHT_FFFDC3,Radio Modem MR400,,ca029628-203c-4008-b4bc-89b0746a39c6,ae03f513-6763-46f8-913d-91a103966947,,,Chuan hoa tu ra soat 2026-07-11; dung tai: PLK,0,t,2026-07-11 09:50:09.894644+00,2026-07-13 03:49:32.496195+00,MR400LIGHT,,
7630438f-be97-492e-8911-3667478b8653,M_AWOS_RACOM_MR400RS2E_6EC307,Radio Modem MR400,,ca029628-203c-4008-b4bc-89b0746a39c6,ae03f513-6763-46f8-913d-91a103966947,,,Chuan hoa tu ra soat 2026-07-11; dung tai: PLK,0,t,2026-07-11 09:50:09.894644+00,2026-07-13 03:49:32.596278+00,MR400RS2E,,
253a4c31-fe79-48d4-933b-adc537087c40,M_AWOS_RACOM_MR400RS3_BDC1E3,Radio Modem MR400,,ca029628-203c-4008-b4bc-89b0746a39c6,ae03f513-6763-46f8-913d-91a103966947,,,Chuan hoa tu ra soat 2026-07-11; dung tai: PLK,0,t,2026-07-11 09:50:09.894644+00,2026-07-13 03:49:32.696534+00,MR400RS3,,
9fc5b9f4-c81a-4994-b98c-570785b37e5a,M_AWOS_MOXA_EDS208A_D246A0,Switch tích hợp cổng quang,,a5454b1e-b677-4fd8-8494-b4c080de867d,ae03f513-6763-46f8-913d-91a103966947,,,"Chuan hoa tu ra soat 2026-07-11; dung tai: BDKT-KTKT, PCA",0,t,2026-07-11 09:50:09.894644+00,2026-07-13 03:49:32.799126+00,EDS-208A,,
c3f93d31-e4ab-4593-8f05-a96833fe46f5,M_AWOS_NESA_EVOLUTION_88AA37,Data logger,,54f5eb32-6a74-4b21-aae3-46cc63e2271b,ae03f513-6763-46f8-913d-91a103966947,,,Chuan hoa tu ra soat 2026-07-11; dung tai: THA,0,t,2026-07-11 09:50:09.894644+00,2026-07-13 03:49:32.903712+00,Evolution,,
440bdfa5-3a02-4eff-bded-b94023edccfb,M_AWOS_PHOENIXCONTACT_3HF12DCST_4A974D,Chống sét tín hiệu PT,,86f5add6-5fcf-4fca-b430-79f8306fb1f5,660f73b4-1975-4bde-8c87-810a23ef6e2c,,,Chuan hoa tu ra soat 2026-07-11; dung tai: BDKT-KTKT,0,t,2026-07-11 09:50:09.894644+00,2026-07-13 03:49:33.008509+00,3-HF-12DC-ST,,
a0a086f5-187f-4c44-a826-bcf9cf3049ea,M_AWOS_PHOENIXCONTACT_PT3HF12DCST_E4FBFC,Chống sét đường tín hiệu,,86f5add6-5fcf-4fca-b430-79f8306fb1f5,660f73b4-1975-4bde-8c87-810a23ef6e2c,,,Chuan hoa tu ra soat 2026-07-11; dung tai: BDKT-KTKT,0,t,2026-07-11 09:50:09.894644+00,2026-07-13 03:49:33.1125+00,PT 3-HF-12DC-ST,,
864681dd-abdd-4870-915a-654b4e7fff90,M_AWOS_PHOENIXCONTACT_VALMS23011FM_FF12AC,Cắt lọc sét nguồn AC,,86f5add6-5fcf-4fca-b430-79f8306fb1f5,660f73b4-1975-4bde-8c87-810a23ef6e2c,,,Chuan hoa tu ra soat 2026-07-11; dung tai: BDKT-KTKT,0,t,2026-07-11 09:50:09.894644+00,2026-07-13 03:49:33.212895+00,VAL-MS 230/1+1-FM,,
500f56a6-5c9d-4482-bfa1-6fede7ded405,M_AWOS_PHOENIXCONTACT_VALSECT21S350FM_DB54F2,Cắt lọc sét nguồn AC,,86f5add6-5fcf-4fca-b430-79f8306fb1f5,660f73b4-1975-4bde-8c87-810a23ef6e2c,,,Chuan hoa tu ra soat 2026-07-11; dung tai: BDKT-KTKT,0,t,2026-07-11 09:50:09.894644+00,2026-07-13 03:49:33.316654+00,VAL-SEC-T2-1S-350-FM,,
9a411ffd-9f0c-48c7-a7dd-d8b84d979089,M_AWOS_RACOM_HX090FRG_05B9D3,Chống sét RF,,ca029628-203c-4008-b4bc-89b0746a39c6,660f73b4-1975-4bde-8c87-810a23ef6e2c,,,Chuan hoa tu ra soat 2026-07-11; dung tai: PLK,0,t,2026-07-11 09:50:09.894644+00,2026-07-13 03:49:33.420715+00,HX090 F/RG,,
81f88bd9-e851-4a0a-8507-6d6d042ed85c,M_AWOS_RACOM_SA4015_433824,"Antenna  405-430 MHz, 5YAGI",,ca029628-203c-4008-b4bc-89b0746a39c6,accf1740-4c18-4b9a-895f-59d85ba593b5,,1784105787908_CleanShot_2026-07-15_at_15.56.08.webp,Chuan hoa tu ra soat 2026-07-11; dung tai: PLK,0,t,2026-07-11 09:50:09.894644+00,2026-07-15 08:56:28.448719+00,SA401.5,,
fc824158-f93e-4e5d-86b1-8932c5c95585,M_AWOS_TPLINK_SOHO_2478D9,Switch đầu cuối SOHO,,02573a91-2686-4625-bb1f-233cc91f08ae,ae03f513-6763-46f8-913d-91a103966947,,,Chuan hoa tu ra soat 2026-07-11; dung tai: BDKT-KTKT,0,t,2026-07-11 09:50:09.894644+00,2026-07-13 03:49:34.058764+00,SOHO,,
aeeae584-3797-4310-ad69-7f341a642adc,M_AWOS_VISION_CP1270_69DACE,Ắc quy dự phòng CP1270,,a61534a7-d3f8-4f25-9809-6973b60e86cf,accf1740-4c18-4b9a-895f-59d85ba593b5,,1783846727410_CleanShot_2026-07-12_at_15.46.44.webp,Chuan hoa tu ra soat 2026-07-11; dung tai: THA,0,t,2026-07-11 09:50:09.894644+00,2026-07-13 03:49:34.167364+00,CP1270,,
88b30179-e89c-420a-a542-ae7dfb4efb13,M_AWOS_VALIANT_VCL3048_001B91,Hệ thống đồng hồ chủ GPS,,92717ca6-4bc6-4c58-bb01-26f55f9c9139,,,,Chuan hoa tu ra soat 2026-07-11; dung tai: THA,0,t,2026-07-11 09:50:09.894644+00,2026-07-13 03:49:34.916065+00,VCL-3048,,
68ae2dda-7804-4e5d-8167-98c9adc8d6b7,M_AWOS_VIETNAM_HYLKT01_E9CC73,"Đo nhiệt độ, độ ẩm",,d99cc44e-5957-4b9b-bb01-329a6e86ba4b,98c88d39-bf0f-43c7-83a2-ca5d266ba54f,,,Chuan hoa tu ra soat 2026-07-11; dung tai: PLK,0,t,2026-07-11 09:50:09.894644+00,2026-07-13 03:49:35.016823+00,HY-LKT01,,
820d2633-c2d1-433e-8aae-fdf2a8ae5a4d,M_AWOS_YOUNG_522030_D3C9EA,Cảm biến đo lượng mưa,,2c1ceecf-9d8a-41a0-bcf0-c3743eeb52d9,98c88d39-bf0f-43c7-83a2-ca5d266ba54f,,,Chuan hoa tu ra soat 2026-07-11; dung tai: THA,0,t,2026-07-11 09:50:09.894644+00,2026-07-13 03:49:35.118384+00,52203.0,,
f11a88e5-3567-4da7-8c1a-45de7c3ec05d,M_AWOS_VTD_PIPAD_83B5D6,Màn hình hiển thị số liệu Nhiệt-Ẩm-Áp,,2e2c3258-c675-4f4b-9435-c832804f802a,83e7d93e-2f76-4d4f-a6bc-08926383aba1,,,"Chuan hoa tu ra soat 2026-07-11; dung tai: CLA, PBA, PCA, THA",0,t,2026-07-11 09:50:09.894644+00,2026-07-13 03:49:35.223414+00,Pipad,,
03a3911f-c7af-40ca-8030-25b65f1aba08,M_AWOS_RACOM_RIPEX24A_20DE12,Thiết bị thu phát vô tuyến,,ca029628-203c-4008-b4bc-89b0746a39c6,ae03f513-6763-46f8-913d-91a103966947,,,Chuan hoa tu ra soat 2026-07-11; dung tai: THA,0,t,2026-07-11 09:50:09.894644+00,2026-07-13 03:49:33.526381+00,RipEX2-4A,,
3eacc06c-983c-4140-ae6d-5082edf2fd08,M_AWOS_RACOM_RIPEX400S_3C2488,Thiết bị thu phát vô tuyến,,ca029628-203c-4008-b4bc-89b0746a39c6,ae03f513-6763-46f8-913d-91a103966947,,,Chuan hoa tu ra soat 2026-07-11; dung tai: CLA,0,t,2026-07-11 09:50:09.894644+00,2026-07-13 03:49:33.639672+00,RipEX-400S,,
517578e4-2091-47dd-b2c1-e6d44dc9ce8c,M_AWOS_RITRON_DTXM460O_B065AD,Thiết bị thu phát vô tuyến,,ceeef1ba-894d-4e04-9fb3-6efefba20836,ae03f513-6763-46f8-913d-91a103966947,,,Chuan hoa tu ra soat 2026-07-11; dung tai: THA,0,t,2026-07-11 09:50:09.894644+00,2026-07-13 03:49:33.74044+00,DTXM-460-O,,
a4717263-f0ea-4dbf-aaf9-0e7988d6144d,M_AWOS_RCD_BO400_5CC01A,Anten đa hướng BO 400,,e9850c64-0332-4a34-9cfc-676e9b576924,ae03f513-6763-46f8-913d-91a103966947,,1783848117801_CleanShot_2026-07-12_at_16.21.18.webp,Chuan hoa tu ra soat 2026-07-11; dung tai: CLA,0,t,2026-07-11 09:50:09.894644+00,2026-07-13 03:49:33.850749+00,BO 400,,
4c703eb1-dc76-4034-8dfe-e7a3af4d5503,M_AWOS_THIESCLIMA_3115710000_0686F3,Cảm biến đo khí áp hiện số 3.1157.10.000,,f0c86184-a2a8-4ba2-b3e2-87283fbcf190,98c88d39-bf0f-43c7-83a2-ca5d266ba54f,,,Chuan hoa tu ra soat 2026-07-11; dung tai: BDKT-KTKT,0,t,2026-07-11 09:50:09.894644+00,2026-07-13 03:49:33.95743+00,3.1157.10.000,,
93816e7d-2c4d-43a3-aa73-32e977b40e35,M_AWOS_TQ_WQG11_FAC4DB,Thiết bị đo nhiệt ẩm,,52be3de7-acb7-455b-af0f-bb9e9938140c,98c88d39-bf0f-43c7-83a2-ca5d266ba54f,,,Chuan hoa tu ra soat 2026-07-11; dung tai: PCA,0,t,2026-07-11 09:50:09.894644+00,2026-07-13 03:49:34.27485+00,WQG-11,,
2f1b574d-ed27-4cce-8174-eb34ab21a3e1,M_AWOS_TELEDESIGN_TS4000_3BB52D,Modem UHF,,8f45bde8-e8df-427f-bff4-7ec627d69558,ae03f513-6763-46f8-913d-91a103966947,,,Chuan hoa tu ra soat 2026-07-11; dung tai: PBA,0,t,2026-07-11 09:50:09.894644+00,2026-07-13 03:49:34.376086+00,TS4000,,
75046e83-cc62-4b0d-b74a-b6622cd30a86,M_AWOS_UBIQUITI_EDGEROUTER12_B71E98,Router,,3c711b33-5b8e-4f7f-a8ea-76adc579a460,ae03f513-6763-46f8-913d-91a103966947,,,Chuan hoa tu ra soat 2026-07-11; dung tai: PBA,0,t,2026-07-11 09:50:09.894644+00,2026-07-13 03:49:34.484588+00,Edge Router 12,,
556b73ae-a466-43c5-97ff-ebf985163d7a,M_AWOS_VTD_277_58DAE9,Media Converter,,2e2c3258-c675-4f4b-9435-c832804f802a,ae03f513-6763-46f8-913d-91a103966947,,,Chuan hoa tu ra soat 2026-07-11; dung tai: PBA,0,t,2026-07-11 09:50:09.894644+00,2026-07-13 03:49:34.591565+00,277,,
843f0def-25bf-43df-8fc4-7bae70240810,M_AWOS_VISION_CP1290_412778,Ắc quy dự phòng CP1290,,a61534a7-d3f8-4f25-9809-6973b60e86cf,accf1740-4c18-4b9a-895f-59d85ba593b5,,1783846786520_CleanShot_2026-07-12_at_15.59.30.webp,Chuan hoa tu ra soat 2026-07-11; dung tai: CLA,0,t,2026-07-11 09:50:09.894644+00,2026-07-13 03:49:34.691626+00,CP1290,,
abe2cdf1-d097-464e-af7c-daa5cb12710f,M_AWOS_RCD_BD460A_6500DA,Anten định hướng BD 460A,,e9850c64-0332-4a34-9cfc-676e9b576924,ae03f513-6763-46f8-913d-91a103966947,,,,0,t,2026-07-11 09:50:09.894644+00,2026-07-13 03:49:34.791756+00,BD 460A,,
29d018a5-a3f2-4aef-a7ff-c3756c7d6d76,M_AWOS_VAISALA_PA21_38A278,Cảm biến đo khí áp,,79b069cc-810c-41ab-9b03-9032c1804a5f,98c88d39-bf0f-43c7-83a2-ca5d266ba54f,,,Chuan hoa tu ra soat 2026-07-11; dung tai: BDKT-KTKT,0,t,2026-07-11 09:50:09.894644+00,2026-07-13 03:49:35.325802+00,PA21,,
d61e21eb-ca7b-4dba-96ac-5f4be0bf3c81,M_AWOS_VAISALA_PTB330_58DB6F,Cảm biến đo khí áp,,79b069cc-810c-41ab-9b03-9032c1804a5f,98c88d39-bf0f-43c7-83a2-ca5d266ba54f,,,"Chuan hoa tu ra soat 2026-07-11; dung tai: BDKT-KTKT, CLA, PBA, PCA, PLK, THA",0,t,2026-07-11 09:50:09.894644+00,2026-07-13 03:49:35.43181+00,PTB330,,
e96336be-123a-4f51-8234-9b6d9938d876,M_AWOS_ROXBURGHEMC_DRF06_A2C555,Cắt lọc sét AC,,4d56ccac-8213-4e91-a767-a8dc3d42f531,660f73b4-1975-4bde-8c87-810a23ef6e2c,,,Chuan hoa tu ra soat 2026-07-11; dung tai: BDKT-KTKT,0,t,2026-07-11 09:50:09.894644+00,2026-07-13 03:49:35.535274+00,DRF06,,
618e583b-7894-434b-ab29-5e93d1cb9973,M_AWOS_SCHNEIDER_AL15692_FCBD37,Cắt lọc sét nguồn AC,,1dfd07b4-a9da-41a0-aa04-7b64b3f5862e,660f73b4-1975-4bde-8c87-810a23ef6e2c,,,Chuan hoa tu ra soat 2026-07-11; dung tai: PCA,0,t,2026-07-11 09:50:09.894644+00,2026-07-13 03:49:35.637924+00,AL15692,,
459c5424-4a64-4375-88c7-70d7c822477a,M_AWOS_SCHNEIDER_EZ9L33620_2A984E,Cắt lọc sét nguồn AC - Tủ thiết bị,,1dfd07b4-a9da-41a0-aa04-7b64b3f5862e,660f73b4-1975-4bde-8c87-810a23ef6e2c,,,"Chuan hoa tu ra soat 2026-07-11; dung tai: BDKT-KTKT, THA",0,t,2026-07-11 09:50:09.894644+00,2026-07-13 03:49:35.742218+00,EZ9L33620,,
302ce695-41d5-4dc0-806f-915b1e489689,M_AWOS_SCHNEIDER_A9L15692_D256C8,Cắt sét nguồn 220VAC -  UHF,,1dfd07b4-a9da-41a0-aa04-7b64b3f5862e,660f73b4-1975-4bde-8c87-810a23ef6e2c,,,"Chuan hoa tu ra soat 2026-07-11; dung tai: BDKT-KTKT, CLA, PBA, PCA",0,t,2026-07-11 09:50:09.894644+00,2026-07-13 03:49:35.847289+00,A9L15692,,
