id,ma,ten,mo_ta,thu_tu,active,created_at,updated_at,parent_id,merged_into,deactivated_at
8d0b92cb-6a62-4fbe-9b51-9399ee0e1843,TWR_PBA,TWR PBA,Đài kiểm soát không lưu (Tower) thuộc Đài KSKL Phú Bài.,49,t,2026-07-12 07:05:39.303797+00,2026-07-13 03:49:01.413416+00,f2fc02ce-e02e-4841-b1ca-76109939c834,,
19eefd03-4be3-423a-a8a9-b07d5805587e,PHONG_THIET_BI_CRA,Phòng thiết bị CRA,,0,t,2026-07-13 06:58:08.962953+00,2026-07-13 06:58:08.962953+00,818c5780-b1b6-4106-b60d-21c1ae6fa855,,
08bafdb2-59e6-4b78-8bdb-87239ba43c9f,PHONG_TRUC_THIET_BI_PBA,Phòng trực thiết bị PBA,,0,t,2026-07-13 06:59:24.682279+00,2026-07-13 06:59:24.682279+00,f2fc02ce-e02e-4841-b1ca-76109939c834,,
059f98da-abc8-4392-912b-50fae5e49fba,PHONG_TRUC_THIET_BI_PLK,Phòng trực thiết bị PLK,,0,t,2026-07-13 07:01:37.763479+00,2026-07-13 07:01:37.763479+00,92c6b459-8433-4c92-87b6-f676710a6def,,
1e9df900-2211-47fd-972c-60c94f59f0ea,PHONG_TRUC_THIET_BI_THO,Phòng trực thiết bị THO,,0,t,2026-07-13 07:03:35.120665+00,2026-07-13 07:03:35.120665+00,f5682b06-a485-477b-b30c-d643869e15f9,,
b2fac103-f19c-4f49-a28c-75ff2b19b3c6,KHO_PBA,Kho PBA,,0,t,2026-07-13 07:29:36.024032+00,2026-07-13 09:10:32.183233+00,f2fc02ce-e02e-4841-b1ca-76109939c834,,
d6b29cce-122f-4e60-96f4-9fe47ec847c4,KHO_QNH,Kho QNH,,0,t,2026-07-13 07:30:46.64266+00,2026-07-13 09:11:03.063277+00,b9920a9e-70f1-4d4b-9eab-ec2e89eaf29b,,
eff0521c-6c8d-469c-a633-b9b80159bb89,KHO_THO,Kho THO,,0,t,2026-07-13 07:30:17.622778+00,2026-07-13 09:11:10.794459+00,f5682b06-a485-477b-b30c-d643869e15f9,,
6ee5f085-d0b4-4edc-baac-764a1cddfc55,PHONG_NGUON_PBA,Phòng nguồn PBA,,0,t,2026-07-13 04:27:42.917335+00,2026-07-13 04:27:42.917335+00,f2fc02ce-e02e-4841-b1ca-76109939c834,,
6dcbb7e7-c4a6-4d3d-9a88-53d62cd701f9,PHONG_NGUON_CRA,Phòng nguồn CRA,,0,t,2026-07-13 06:58:22.839499+00,2026-07-13 06:58:22.839499+00,818c5780-b1b6-4106-b60d-21c1ae6fa855,,
a3d7edef-b299-461e-970b-52d82fb5abe9,PHONG_TRUC_THIET_BI_CRA,Phòng trực thiết bị CRA,,0,t,2026-07-13 06:59:35.583164+00,2026-07-13 06:59:35.583164+00,818c5780-b1b6-4106-b60d-21c1ae6fa855,,
b6a58421-89e5-4d9d-99f2-3f0f6aa2c3bc,TWR_THO,TWR THO,,0,t,2026-07-13 07:02:43.072587+00,2026-07-13 07:02:43.072587+00,f5682b06-a485-477b-b30c-d643869e15f9,,
bae40e3a-ff95-4fa6-b2e3-fae566ddc885,PHONG_TRUC_THIET_BI_PCA,Phòng trực thiết bị PCA,,0,t,2026-07-13 07:05:03.295879+00,2026-07-13 07:05:03.295879+00,79845fbe-3dd4-42f8-8219-07b7917684d8,,
9aa45090-3c5e-43cd-b458-9201151db65f,KHO_CLA,Kho CLA,,0,t,2026-07-13 07:29:43.020285+00,2026-07-13 09:10:02.895371+00,e09ea1ad-7105-48b0-a310-ee6d46d4f484,,
b511154b-4bae-4888-ba09-a10a2b5e748d,KHO_CRA,Kho CRA,,0,t,2026-07-13 07:30:32.23588+00,2026-07-13 09:10:17.671792+00,818c5780-b1b6-4106-b60d-21c1ae6fa855,,
941ee24b-58b8-4e10-ae03-5d02a456ecf4,TRAM_TRAN_MAY_35_OPTIMET,Trạm trần mây 35 Optimet,,0,t,2026-07-13 06:30:58.668686+00,2026-07-13 06:30:58.668686+00,075d84d6-5e31-4b37-831d-aa89a9f72933,,
2a7631bf-190c-4be1-8745-0c34cd27c565,TWR_CRA,TWR CRA,,0,t,2026-07-13 06:58:40.191728+00,2026-07-13 06:58:40.191728+00,818c5780-b1b6-4106-b60d-21c1ae6fa855,,
7d8793fa-6b75-46e2-b697-eafae3aa8e66,TWR_PLK,TWR PLK,,0,t,2026-07-13 07:00:35.13633+00,2026-07-13 07:00:35.13633+00,92c6b459-8433-4c92-87b6-f676710a6def,,
d7f49d87-c4ac-4148-903b-269029f530db,PHONG_THIET_BI_THO,Phòng thiết bị THO,,0,t,2026-07-13 07:03:07.004127+00,2026-07-13 07:03:07.004127+00,f5682b06-a485-477b-b30c-d643869e15f9,,
6cd586a5-6bca-46d2-9ce3-bfd9fa4b78c9,PHONG_NGUON_PCA,Phòng nguồn PCA,,0,t,2026-07-13 07:05:37.748505+00,2026-07-13 07:05:37.748505+00,79845fbe-3dd4-42f8-8219-07b7917684d8,,
cacac0ef-04ca-49f2-a1ad-0d552b43b7db,KHO_PLK,Kho PLK,,0,t,2026-07-13 07:30:01.02587+00,2026-07-13 09:10:53.021361+00,92c6b459-8433-4c92-87b6-f676710a6def,,
f2fc02ce-e02e-4841-b1ca-76109939c834,VT_DP_PHU_BAI,Phú Bài,,2,t,2026-07-12 05:24:31.091271+00,2026-07-13 03:49:03.459695+00,,,
818c5780-b1b6-4106-b60d-21c1ae6fa855,VT_DP_CAM_RANH,Cam Ranh,,3,t,2026-07-12 05:24:31.091271+00,2026-07-13 03:49:03.566016+00,,,
e09ea1ad-7105-48b0-a310-ee6d46d4f484,VT_DP_CHU_LAI,Chu Lai,,4,t,2026-07-12 05:24:31.091271+00,2026-07-13 03:49:03.670221+00,,,
f5682b06-a485-477b-b30c-d643869e15f9,VT_DP_TUY_HOA,Tuy Hòa,,5,t,2026-07-12 05:24:31.091271+00,2026-07-13 03:49:03.774612+00,,,
55021222-1b51-463e-9e44-48eea52544cb,PHONG_NGUON_DAI_KSKL_CHU_LAI,Phòng Nguồn CLA,,44,t,2026-07-11 07:09:10.528412+00,2026-07-13 06:39:57.363113+00,e09ea1ad-7105-48b0-a310-ee6d46d4f484,,
a8c4b2b6-ebfe-403b-827c-e0d8f6beac9e,LEU_KHI_TUONG_DAI_KSKL_CHU_LAI,Lều khí tượng CLA,,48,t,2026-07-11 07:09:10.942844+00,2026-07-13 06:40:13.402968+00,e09ea1ad-7105-48b0-a310-ee6d46d4f484,,
5be98ba1-d22c-4739-aa55-9c8815e26c7c,TWR_DAI_KSKL_CHU_LAI,TWR CLA,,43,t,2026-07-11 07:09:10.390787+00,2026-07-13 06:40:30.60346+00,e09ea1ad-7105-48b0-a310-ee6d46d4f484,,
79845fbe-3dd4-42f8-8219-07b7917684d8,VT_DP_PHU_CAT,Phù Cát,,6,t,2026-07-12 05:24:31.091271+00,2026-07-13 03:49:01.75066+00,,,
92c6b459-8433-4c92-87b6-f676710a6def,VT_DP_PLEIKU,Pleiku,,7,t,2026-07-12 05:24:31.091271+00,2026-07-13 03:49:01.858809+00,,,
b9920a9e-70f1-4d4b-9eab-ec2e89eaf29b,VT_DP_QUY_NHON,Quy Nhơn,,8,t,2026-07-12 05:24:31.091271+00,2026-07-13 03:49:01.965905+00,,,
92aa329a-4ad2-4bf1-b2fe-c33ff194335c,VT_CRA_TRAM_KHI_TUONG,Trạm khí tượng,Đơn vị CRA,23,t,2026-07-11 09:50:09.894644+00,2026-07-13 03:49:02.070469+00,818c5780-b1b6-4106-b60d-21c1ae6fa855,,
c7122de2-902a-46b3-854d-12feb6f43716,VT_CRA_PHONG_KHI_TUONG,Phòng khí tượng,Đơn vị CRA,24,t,2026-07-11 09:50:09.894644+00,2026-07-13 03:49:02.179445+00,818c5780-b1b6-4106-b60d-21c1ae6fa855,,
2b0a43bb-0add-4ef6-8830-898890900c6d,VT_CRA_2023,2023,Đơn vị CRA,25,t,2026-07-11 09:50:09.894644+00,2026-07-13 03:49:02.283943+00,818c5780-b1b6-4106-b60d-21c1ae6fa855,,
86ab1273-d507-4143-8f2d-b2e86dd8cf01,PTB_DAI_KSKL_CHU_LAI,Phòng thiết bị CLA,,42,t,2026-07-11 07:09:10.251897+00,2026-07-13 03:49:02.938544+00,e09ea1ad-7105-48b0-a310-ee6d46d4f484,,
3b1c9f72-6395-4ad0-a387-c7630195267a,P_TBTT,Phòng thiết bị Khí tượng,,70,t,2026-07-11 07:09:23.283964+00,2026-07-13 03:49:03.14746+00,075d84d6-5e31-4b37-831d-aa89a9f72933,,
9a6b88fa-8dcb-422b-9b9e-a029e372a564,PHONG_MET_DAI_KSKL_CHU_LAI,Phòng MET CLA,,46,t,2026-07-11 07:09:10.667744+00,2026-07-13 06:40:44.990767+00,e09ea1ad-7105-48b0-a310-ee6d46d4f484,,
075d84d6-5e31-4b37-831d-aa89a9f72933,VT_DP_DA_NANG,Đà Nẵng,,1,t,2026-07-12 05:24:31.091271+00,2026-07-13 03:49:03.35848+00,,,
03818fa3-ee05-4dfe-92f0-b6f752b0b97a,VT_PBA_PHONG_THIET_BI,Phòng thiết bị PBA,Đơn vị PBA,26,t,2026-07-11 09:50:09.894644+00,2026-07-13 04:27:56.75596+00,f2fc02ce-e02e-4841-b1ca-76109939c834,,
5f93c2d7-9b77-4f40-bc2f-17b835588de6,VT_BDKT_KTKT_TRAM_GIUA,Trạm khí tượng giữa Optimet,Đơn vị BDKT-KTKT,33,t,2026-07-11 09:50:09.894644+00,2026-07-13 06:30:35.081585+00,075d84d6-5e31-4b37-831d-aa89a9f72933,,
3f302563-bdbb-443d-911f-b0058e38db42,VT_BDKT_KTKT_TRAM_35,Trạm khí tượng 35 Optimet,Đơn vị BDKT-KTKT,34,t,2026-07-11 09:50:09.894644+00,2026-07-13 06:30:39.404176+00,075d84d6-5e31-4b37-831d-aa89a9f72933,,
7edb2f00-60da-46ad-8aed-873d4708393d,VT_BDKT_KTKT_TRAM_17,Trạm Khí tượng 17 Optimet,Đơn vị BDKT-KTKT,36,t,2026-07-11 09:50:09.894644+00,2026-07-13 06:30:43.095628+00,075d84d6-5e31-4b37-831d-aa89a9f72933,,
d931a59e-31bb-4f93-b02f-af55660faf0e,TRAM_TRAN_MAY_17,Trạm trần mây 17 Optimet,,0,t,2026-07-13 06:31:12.634884+00,2026-07-13 06:31:19.802736+00,075d84d6-5e31-4b37-831d-aa89a9f72933,,
f099f53a-5ef4-4039-ba41-1ea298f0ae5d,TRAM_KHI_TUONG_32,Trạm khí tượng 32 IMS,,47,t,2026-07-11 07:09:10.805075+00,2026-07-13 06:52:31.054229+00,e09ea1ad-7105-48b0-a310-ee6d46d4f484,,
38e5eeb4-1688-47ea-ac85-5fd68d617ea5,TRAM_KHI_TUONG_14_IMS,Trạm khí tượng 14 IMS,,38,t,2026-07-11 07:09:09.700174+00,2026-07-13 06:52:48.364064+00,e09ea1ad-7105-48b0-a310-ee6d46d4f484,,
d4ea888d-7cdb-4945-a48c-8567ace54d8e,APP_CRA,APP CRA,,0,t,2026-07-13 06:58:51.241689+00,2026-07-13 06:58:51.241689+00,818c5780-b1b6-4106-b60d-21c1ae6fa855,,
0da5dcf8-a9c7-4767-843e-91acd1e9f8a8,PHONG_THIET_BI_PLK,Phòng thiết bị PLK,,0,t,2026-07-13 07:01:26.802985+00,2026-07-13 07:01:26.802985+00,92c6b459-8433-4c92-87b6-f676710a6def,,
95edb759-48c4-4afe-983e-3e846c71c169,PHONG_NGUON_PLK,Phòng nguồn PLK,,0,t,2026-07-13 07:01:48.591746+00,2026-07-13 07:01:48.591746+00,92c6b459-8433-4c92-87b6-f676710a6def,,
ffd5b794-82b9-4fd3-9057-3579b9140d1d,TRAM_TRAN_MAY_14,Trạm trần mây 14 IMS,,41,t,2026-07-11 07:09:10.114204+00,2026-07-13 07:01:52.417243+00,e09ea1ad-7105-48b0-a310-ee6d46d4f484,,
66b78574-4d8b-4d58-8ca7-67b06ef335b2,TRAM_TRAN_MAY_32,Trạm trần mây 32 IMS,,37,t,2026-07-11 07:09:09.561779+00,2026-07-13 07:01:56.552387+00,e09ea1ad-7105-48b0-a310-ee6d46d4f484,,
96f5a894-2b9e-420d-a7d2-e749e94030e2,PHONG_NGUON_THO,Phòng nguồn THO,,0,t,2026-07-13 07:03:19.507957+00,2026-07-13 07:03:19.507957+00,f5682b06-a485-477b-b30c-d643869e15f9,,
c6b9108a-b830-42a6-b3b8-9e6dd5196202,VT_PCA_PHONG_THIET_BI,Phòng thiết bị PCA,Đơn vị PCA,18,t,2026-07-11 09:50:09.894644+00,2026-07-13 07:04:27.683369+00,79845fbe-3dd4-42f8-8219-07b7917684d8,,
ff3511ef-1568-4f81-9c59-21d71703e354,VT_PCA_TWR,TWR PCA,Đơn vị PCA,22,t,2026-07-11 09:50:09.894644+00,2026-07-13 07:04:38.067849+00,79845fbe-3dd4-42f8-8219-07b7917684d8,,
e96be350-6615-441a-91f5-53ad976e91b3,KHO_CONG_TY,Kho công ty,,0,t,2026-07-13 07:29:22.300303+00,2026-07-13 07:29:22.300303+00,,,
b2005fb3-0992-4eab-84ba-503bf1d5d583,KHO_PCA,Kho PCA,,0,t,2026-07-13 07:30:08.460653+00,2026-07-13 09:10:42.801601+00,79845fbe-3dd4-42f8-8219-07b7917684d8,,
