id,template_id,key,label,kind,required,options,help_text,placeholder,default_value,position,created_at,updated_at,unit,tieu_chuan,min_value,max_value,col_span,visible_if,columns,ratings,formula,nhom,required_if,constraint_formula,constraint_message
aef6bf87-c2ff-46a2-a10c-bb05b86cb56f,2defc064-ce2b-4136-8cf0-1ffe20a66d59,can_cu,Căn cứ,textarea,f,,,,,1,2026-07-08 15:38:00.816217+00,2026-07-08 15:38:00.816217+00,,,,,3,,,,,,,,
2edfbbbd-8953-4ad3-a18b-6ba4bc00b16f,2defc064-ce2b-4136-8cf0-1ffe20a66d59,ngay_lap,Ngày lập biên bản,date,t,,,,,2,2026-07-08 15:38:00.816217+00,2026-07-08 15:38:00.816217+00,,,,,3,,,,,,,,
5eecdc72-9dd5-4284-ad50-49b7fd32cf26,2defc064-ce2b-4136-8cf0-1ffe20a66d59,dd_quan_ly,Đại diện đơn vị quản lý,textarea,f,,Ông/bà — Chức vụ,,,3,2026-07-08 15:38:00.816217+00,2026-07-08 15:38:00.816217+00,,,,,3,,,,,,,,
a729b351-e92e-48e8-b903-bfa669ea9a5e,2defc064-ce2b-4136-8cf0-1ffe20a66d59,dd_su_dung,Đại diện đơn vị sử dụng,textarea,f,,Ông/bà — Chức vụ,,,4,2026-07-08 15:38:00.816217+00,2026-07-08 15:38:00.816217+00,,,,,3,,,,,,,,
ecaf4599-f66d-434c-800e-66c50a658b84,2defc064-ce2b-4136-8cf0-1ffe20a66d59,dd_sua_chua,Đại diện đơn vị sửa chữa,textarea,f,,Ông/bà — Chức vụ,,,5,2026-07-08 15:38:00.816217+00,2026-07-08 15:38:00.816217+00,,,,,3,,,,,,,,
0319170d-b2f9-4fda-944b-4aa9d8e746eb,2defc064-ce2b-4136-8cf0-1ffe20a66d59,dd_phong,"Đại diện các phòng chức năng (KT, KH, TC — nếu có)",textarea,f,,,,,6,2026-07-08 15:38:00.816217+00,2026-07-08 15:38:00.816217+00,,,,,3,,,,,,,,
d2397551-61f4-4074-ac3a-d4e0d98e43dc,2defc064-ce2b-4136-8cf0-1ffe20a66d59,chung_loai,Chủng loại thiết bị,text,f,,VD: Thiết bị VHF A/G,,,7,2026-07-08 15:38:00.816217+00,2026-07-08 15:38:00.816217+00,,,,,3,,,,,,,,
af74ec63-4099-45dc-b11b-c7b6d1032a67,2defc064-ce2b-4136-8cf0-1ffe20a66d59,hang_sx,Hãng sản xuất,text,f,,,,,8,2026-07-08 15:38:00.816217+00,2026-07-08 15:38:00.816217+00,,,,,3,,,,,,,,
f7308181-48a6-4277-bbe8-2fcf518916e7,2defc064-ce2b-4136-8cf0-1ffe20a66d59,nguon_goc,"Nguồn gốc, xuất xứ",text,f,,,,,9,2026-07-08 15:38:00.816217+00,2026-07-08 15:38:00.816217+00,,,,,3,,,,,,,,
f57b1937-09aa-4358-adf9-691ba5eff98f,2defc064-ce2b-4136-8cf0-1ffe20a66d59,model,Tên thiết bị (Model),text,f,,,,,10,2026-07-08 15:38:00.816217+00,2026-07-08 15:38:00.816217+00,,,,,3,,,,,,,,
506a9e88-1c34-4a51-9045-553d6d12c823,2defc064-ce2b-4136-8cf0-1ffe20a66d59,ma_ccdc,Mã CCDC/Tài sản,text,f,,,,,11,2026-07-08 15:38:00.816217+00,2026-07-08 15:38:00.816217+00,,,,,3,,,,,,,,
68370593-a043-464e-bd0c-745638cce130,2defc064-ce2b-4136-8cf0-1ffe20a66d59,nam_sd,Năm đưa vào sử dụng,text,f,,,,,12,2026-07-08 15:38:00.816217+00,2026-07-08 15:38:00.816217+00,,,,,3,,,,,,,,
5ab003b9-ca11-4323-a233-80a891d9286e,2defc064-ce2b-4136-8cf0-1ffe20a66d59,thanh_phan,Tên thành phần của thiết bị (nếu có),text,f,,,,,13,2026-07-08 15:38:00.816217+00,2026-07-08 15:38:00.816217+00,,,,,3,,,,,,,,
87684d76-eb20-4073-936a-456c81fa02d7,2defc064-ce2b-4136-8cf0-1ffe20a66d59,pn,P/N của vật tư/thiết bị,text,f,,,,,14,2026-07-08 15:38:00.816217+00,2026-07-08 15:38:00.816217+00,,,,,3,,,,,,,,
e8560d88-8a44-47e0-a529-26b93bec9b73,2defc064-ce2b-4136-8cf0-1ffe20a66d59,sn,S/N của vật tư/thiết bị,text,f,,,,,15,2026-07-08 15:38:00.816217+00,2026-07-08 15:38:00.816217+00,,,,,3,,,,,,,,
cc7293cf-d593-4e60-b01c-ed63dddaeb00,2defc064-ce2b-4136-8cf0-1ffe20a66d59,dia_diem,Địa điểm lắp đặt,text,f,,,,,16,2026-07-08 15:38:00.816217+00,2026-07-08 15:38:00.816217+00,,,,,3,,,,,,,,
476220d7-ca44-4c9a-b5bf-0ca4c4c62694,2defc064-ce2b-4136-8cf0-1ffe20a66d59,don_vi_kt,Đơn vị kỹ thuật quản lý thiết bị,text,f,,,,,17,2026-07-08 15:38:00.816217+00,2026-07-08 15:38:00.816217+00,,,,,3,,,,,,,,
0a93b390-3057-47c9-904f-900ffa154323,2defc064-ce2b-4136-8cf0-1ffe20a66d59,tinh_trang,Tình trạng thiết bị,textarea,t,,,,,18,2026-07-08 15:38:00.816217+00,2026-07-08 15:38:00.816217+00,,,,,3,,,,,,,,
93551a9f-b219-444e-9612-9327efe896f1,2defc064-ce2b-4136-8cf0-1ffe20a66d59,phuong_an,Phương án khắc phục/thực hiện,textarea,f,,,,,19,2026-07-08 15:38:00.816217+00,2026-07-08 15:38:00.816217+00,,,,,3,,,,,,,,
9b2b9937-7181-4ce3-be22-bbf57106b06e,2defc064-ce2b-4136-8cf0-1ffe20a66d59,ket_luan,Kết luận,textarea,t,,,,,20,2026-07-08 15:38:00.816217+00,2026-07-08 15:38:00.816217+00,,,,,3,,,,,,,,
d9a99b97-db5d-4422-99c2-1e63b3f4fb91,4aba3c09-bfbb-405d-8085-0a9d6ad4e011,can_cu,Căn cứ,textarea,f,,,,,1,2026-07-08 15:38:01.001777+00,2026-07-08 15:38:01.001777+00,,,,,3,,,,,,,,
a029da81-296c-4b6a-9795-64dfbcfe5fe4,4aba3c09-bfbb-405d-8085-0a9d6ad4e011,ngay_lap,Ngày lập biên bản,date,t,,,,,2,2026-07-08 15:38:01.001777+00,2026-07-08 15:38:01.001777+00,,,,,3,,,,,,,,
a06401b5-10fb-4244-87e4-774a5130fe9d,4aba3c09-bfbb-405d-8085-0a9d6ad4e011,dd_quan_ly,Đại diện đơn vị quản lý,textarea,f,,Ông/bà — Chức vụ,,,3,2026-07-08 15:38:01.001777+00,2026-07-08 15:38:01.001777+00,,,,,3,,,,,,,,
8a1eb59a-78ed-414e-9e93-1898d46134a5,4aba3c09-bfbb-405d-8085-0a9d6ad4e011,dd_sua_chua,Đại diện đơn vị sửa chữa (nếu có),textarea,f,,Ông/bà — Chức vụ,,,4,2026-07-08 15:38:01.001777+00,2026-07-08 15:38:01.001777+00,,,,,3,,,,,,,,
a592a8f9-ec0f-4c2a-9136-3760c4943f14,4aba3c09-bfbb-405d-8085-0a9d6ad4e011,dd_su_dung,Đại diện đơn vị sử dụng,textarea,f,,Ông/bà — Chức vụ,,,5,2026-07-08 15:38:01.001777+00,2026-07-08 15:38:01.001777+00,,,,,3,,,,,,,,
707305b1-2e34-461c-a86f-8179fec91882,4aba3c09-bfbb-405d-8085-0a9d6ad4e011,dd_phong,"Đại diện các phòng chức năng (KT, KH, TC — nếu có)",textarea,f,,,,,6,2026-07-08 15:38:01.001777+00,2026-07-08 15:38:01.001777+00,,,,,3,,,,,,,,
b4e524b7-00f6-4da1-9d2c-5aa43eeeaf3f,4aba3c09-bfbb-405d-8085-0a9d6ad4e011,chung_loai,Chủng loại thiết bị,text,f,,VD: Thiết bị VHF A/G,,,7,2026-07-08 15:38:01.001777+00,2026-07-08 15:38:01.001777+00,,,,,3,,,,,,,,
d52a7991-f587-49aa-9d7a-efd15a402035,4aba3c09-bfbb-405d-8085-0a9d6ad4e011,hang_sx,Hãng sản xuất,text,f,,,,,8,2026-07-08 15:38:01.001777+00,2026-07-08 15:38:01.001777+00,,,,,3,,,,,,,,
c2668c34-4703-4cbd-91cc-14c3657d7f46,4aba3c09-bfbb-405d-8085-0a9d6ad4e011,nguon_goc,"Nguồn gốc, xuất xứ",text,f,,,,,9,2026-07-08 15:38:01.001777+00,2026-07-08 15:38:01.001777+00,,,,,3,,,,,,,,
42f904e8-357d-4616-942d-5b5e5cf41d94,4aba3c09-bfbb-405d-8085-0a9d6ad4e011,model,Tên thiết bị (Model),text,f,,,,,10,2026-07-08 15:38:01.001777+00,2026-07-08 15:38:01.001777+00,,,,,3,,,,,,,,
ae4bc8b7-fddb-4d71-b865-eeeabf1cb784,4aba3c09-bfbb-405d-8085-0a9d6ad4e011,ma_ccdc,Mã CCDC/Tài sản,text,f,,,,,11,2026-07-08 15:38:01.001777+00,2026-07-08 15:38:01.001777+00,,,,,3,,,,,,,,
b9267ae6-0290-454b-a76c-7a0331427de7,4aba3c09-bfbb-405d-8085-0a9d6ad4e011,nam_sd,Năm đưa vào sử dụng,text,f,,,,,12,2026-07-08 15:38:01.001777+00,2026-07-08 15:38:01.001777+00,,,,,3,,,,,,,,
d13f48b4-5e37-436c-9578-f1917d335cde,4aba3c09-bfbb-405d-8085-0a9d6ad4e011,thanh_phan,Tên thành phần của thiết bị (nếu có),text,f,,,,,13,2026-07-08 15:38:01.001777+00,2026-07-08 15:38:01.001777+00,,,,,3,,,,,,,,
fc3491f7-35c2-4b2c-9511-e977dd229ccd,4aba3c09-bfbb-405d-8085-0a9d6ad4e011,pn,P/N của vật tư/thiết bị,text,f,,,,,14,2026-07-08 15:38:01.001777+00,2026-07-08 15:38:01.001777+00,,,,,3,,,,,,,,
a5fd761d-6c0e-4103-b046-a2694eba5400,4aba3c09-bfbb-405d-8085-0a9d6ad4e011,sn,S/N của vật tư/thiết bị,text,f,,,,,15,2026-07-08 15:38:01.001777+00,2026-07-08 15:38:01.001777+00,,,,,3,,,,,,,,
2c1c4a2b-b6d5-4c73-bec6-eb4c9f9784c3,4aba3c09-bfbb-405d-8085-0a9d6ad4e011,dia_diem,Địa điểm lắp đặt,text,f,,,,,16,2026-07-08 15:38:01.001777+00,2026-07-08 15:38:01.001777+00,,,,,3,,,,,,,,
db727e6e-a488-4aa1-a4b2-a4d8f03d65e4,4aba3c09-bfbb-405d-8085-0a9d6ad4e011,don_vi_kt,Đơn vị kỹ thuật quản lý thiết bị,text,f,,,,,17,2026-07-08 15:38:01.001777+00,2026-07-08 15:38:01.001777+00,,,,,3,,,,,,,,
2d86e469-bc2d-4a36-8104-3f828ec54bbe,4aba3c09-bfbb-405d-8085-0a9d6ad4e011,tinh_trang,Tình trạng thiết bị,textarea,t,,,,,18,2026-07-08 15:38:01.001777+00,2026-07-08 15:38:01.001777+00,,,,,3,,,,,,,,
54693c11-9028-4b82-ab6d-4e3da252ad26,4aba3c09-bfbb-405d-8085-0a9d6ad4e011,phuong_an,Phương án khắc phục/thực hiện,textarea,f,,,,,19,2026-07-08 15:38:01.001777+00,2026-07-08 15:38:01.001777+00,,,,,3,,,,,,,,
33fa34a1-fd5d-42fd-9530-e5bcd0f4bc95,4aba3c09-bfbb-405d-8085-0a9d6ad4e011,ma_chat_thai,Mã chất thải nguy hại (nếu có),text,f,,,,,20,2026-07-08 15:38:01.001777+00,2026-07-08 15:38:01.001777+00,,,,,3,,,,,,,,
5fa903cd-a620-4865-9efd-e8dfb7d4f11b,4aba3c09-bfbb-405d-8085-0a9d6ad4e011,vat_tu,"Bảng yêu cầu vật tư (tên vật tư, quy cách, SL, tình trạng tồn kho, ghi chú)",textarea,f,,Liệt kê mỗi vật tư một dòng,,,21,2026-07-08 15:38:01.001777+00,2026-07-08 15:38:01.001777+00,,,,,3,,,,,,,,
421e835a-ad6b-4c6c-9da7-34a12b4c7085,4aba3c09-bfbb-405d-8085-0a9d6ad4e011,ket_luan,Kết luận,textarea,t,,,,,22,2026-07-08 15:38:01.001777+00,2026-07-08 15:38:01.001777+00,,,,,3,,,,,,,,
17559a96-fa3a-4575-86ae-7003ce104537,4ef59c30-34e4-41c2-a5d7-48f2df18c919,tu_ngay,Từ ngày,date,t,,,,,1,2026-07-08 15:38:01.152964+00,2026-07-08 15:38:01.152964+00,,,,,3,,,,,,,,
e230b441-e41a-4ec1-b18e-e10858b450be,4ef59c30-34e4-41c2-a5d7-48f2df18c919,den_ngay,Đến ngày,date,t,,,,,2,2026-07-08 15:38:01.152964+00,2026-07-08 15:38:01.152964+00,,,,,3,,,,,,,,
ef65fe19-43e6-43f5-9f9a-7fec45017125,4ef59c30-34e4-41c2-a5d7-48f2df18c919,kinh_gui,Kính gửi,text,f,,VD: Ban Kỹ thuật,,,3,2026-07-08 15:38:01.152964+00,2026-07-08 15:38:01.152964+00,,,,,3,,,,,,,,
33d36a67-99b2-4fe9-b2cf-bb30e1e126dc,4ef59c30-34e4-41c2-a5d7-48f2df18c919,tinh_hinh,Tình hình trang thiết bị kỹ thuật trong kỳ báo cáo,textarea,t,,,,,4,2026-07-08 15:38:01.152964+00,2026-07-08 15:38:01.152964+00,,,,,3,,,,,,,,
1519c76a-db84-4593-be09-486c3673a539,4ef59c30-34e4-41c2-a5d7-48f2df18c919,su_co,"Thống kê sự cố gián đoạn dịch vụ (dịch vụ, nhà cung cấp, thiết bị/địa điểm, tình trạng, thời điểm, nguyên nhân)",textarea,f,,Mỗi sự cố một dòng,,,5,2026-07-08 15:38:01.152964+00,2026-07-08 15:38:01.152964+00,,,,,3,,,,,,,,
40bb2d76-f41c-4158-8bb9-52e3f19b231d,4ef59c30-34e4-41c2-a5d7-48f2df18c919,de_xuat,"Đề xuất, kiến nghị",textarea,f,,,,,6,2026-07-08 15:38:01.152964+00,2026-07-08 15:38:01.152964+00,,,,,3,,,,,,,,
66432394-03aa-457b-a927-9c34d18f41f4,4ef59c30-34e4-41c2-a5d7-48f2df18c919,ghi_chu,Ghi chú,textarea,f,,,,,7,2026-07-08 15:38:01.152964+00,2026-07-08 15:38:01.152964+00,,,,,3,,,,,,,,
1247bb8d-f976-4f42-94c7-309a7810a086,4ef59c30-34e4-41c2-a5d7-48f2df18c919,noi_nhan,Nơi nhận,textarea,f,,,,,8,2026-07-08 15:38:01.152964+00,2026-07-08 15:38:01.152964+00,,,,,3,,,,,,,,
d938169a-6e9e-4fe9-afc3-09a529a226ed,6bac4b31-81f4-47dd-a80c-92d53d130808,tu_ngay,Từ ngày,date,t,,,,,1,2026-07-08 15:38:01.302828+00,2026-07-08 15:38:01.302828+00,,,,,3,,,,,,,,
fd06610e-99ed-42fc-a16d-0b1495ac08bd,6bac4b31-81f4-47dd-a80c-92d53d130808,den_ngay,Đến ngày,date,t,,,,,2,2026-07-08 15:38:01.302828+00,2026-07-08 15:38:01.302828+00,,,,,3,,,,,,,,
6517919b-a8e5-4453-b0df-17860485a0cd,6bac4b31-81f4-47dd-a80c-92d53d130808,thong_ke,"Thống kê hỏng hóc trang thiết bị (hệ thống/thiết bị, vị trí, SL hỏng, thời điểm, tình trạng kỹ thuật, vật tư thay thế)",textarea,t,,Nhóm theo hệ thống; mỗi mục một dòng,,,3,2026-07-08 15:38:01.302828+00,2026-07-08 15:38:01.302828+00,,,,,3,,,,,,,,
16ab9398-1660-452e-aa1a-4cfa754de39c,6bac4b31-81f4-47dd-a80c-92d53d130808,de_xuat,"Đề xuất, kiến nghị",textarea,f,,,,,4,2026-07-08 15:38:01.302828+00,2026-07-08 15:38:01.302828+00,,,,,3,,,,,,,,
146d6f9d-2e7d-4089-aa57-5ab594e29e2f,6bac4b31-81f4-47dd-a80c-92d53d130808,ghi_chu,Ghi chú,textarea,f,,,,,5,2026-07-08 15:38:01.302828+00,2026-07-08 15:38:01.302828+00,,,,,3,,,,,,,,
8a7e9cc3-af52-4bc3-ad98-5fa1014626c8,6bac4b31-81f4-47dd-a80c-92d53d130808,noi_nhan,Nơi nhận,textarea,f,,,,,6,2026-07-08 15:38:01.302828+00,2026-07-08 15:38:01.302828+00,,,,,3,,,,,,,,
