id,section_id,template_id,item_code,ten,huong_dan,result_kind,don_vi,tieu_chuan,tuy_chon,bat_buoc,position,created_at,updated_at,metric_key,nguong_min,nguong_max,nguong_op,chu_ky
d2d1cfd4-9a7f-40f4-a767-dfac49df91b5,b430cec9-dea0-41f2-b358-ae366e1380c6,76377daa-015c-445f-a9f1-16aa40cb41d2,AWOS03-S01-04,"Kiểm tra thoát nước, chống ngập chân trạm",Kiểm tra rãnh thoát,dat_khong_dat,,Thoát nước tốt,,f,3,2026-07-13 05:27:56.672917+00,2026-07-13 05:27:56.672917+00,,,,,
9c983be3-1c59-4092-8e64-8e4e3f4ae9d7,b430cec9-dea0-41f2-b358-ae366e1380c6,76377daa-015c-445f-a9f1-16aa40cb41d2,AWOS03-S01-03,Phát quang cỏ cây quanh khu vực trạm,Đảm bảo thông thoáng,dat_khong_dat,,Quang đãng,,f,2,2026-07-13 05:27:56.672917+00,2026-07-13 05:27:56.672917+00,,,,,
785fe8f5-4ef0-423d-9da4-e40577ccdd36,b430cec9-dea0-41f2-b358-ae366e1380c6,76377daa-015c-445f-a9f1-16aa40cb41d2,AWOS03-S01-02,Vệ sinh cánh/trục cảm biến gió,Kiểm tra xoay trơn,dat_khong_dat,,"Quay trơn, sạch",,t,1,2026-07-13 05:27:56.672917+00,2026-07-13 05:27:56.672917+00,,,,,
6b1479a4-2eae-4e8f-b200-3fa6846afd16,b430cec9-dea0-41f2-b358-ae366e1380c6,76377daa-015c-445f-a9f1-16aa40cb41d2,AWOS03-S01-01,Vệ sinh đầu cảm biến tầm nhìn/trần mây,Lau kính quang học,dat_khong_dat,,"Sạch, không bám bẩn",,t,0,2026-07-13 05:27:56.672917+00,2026-07-13 05:27:56.672917+00,,,,,
5d2fa4e9-3a05-4965-87ee-49640ab7777a,7080b186-8692-487a-ba26-e87b13de2639,fc6d7fd7-c6e2-40ab-a2fe-41b8f7b195f8,AWOS04-S02-02,Kiến nghị / kế hoạch thay thế,Ghi kiến nghị nếu có,text,,,,f,1,2026-07-13 05:27:56.672917+00,2026-07-13 05:27:56.672917+00,,,,,
000ca2b2-cb48-4194-8cde-496472a21f49,7080b186-8692-487a-ba26-e87b13de2639,fc6d7fd7-c6e2-40ab-a2fe-41b8f7b195f8,AWOS04-S02-01,Đánh giá tình trạng hoạt động tổng thể,Ghi nhận đánh giá năm,text,,,,t,0,2026-07-13 05:27:56.672917+00,2026-07-13 05:27:56.672917+00,,,,,
1a986c4c-ffbb-4ac4-af5d-f5c7e4c1c5d2,63f94037-0eeb-41e3-9919-3ceadc6cfd46,fc6d7fd7-c6e2-40ab-a2fe-41b8f7b195f8,AWOS04-S01-05,Hiệu chuẩn cảm biến gió,Theo quy trình calibration,dat_khong_dat,,Đạt chuẩn hiệu chuẩn,,t,4,2026-07-13 05:27:56.672917+00,2026-07-13 05:27:56.672917+00,,,,,
99e1dc02-66b8-4f93-a2bf-f77e460a838d,63f94037-0eeb-41e3-9919-3ceadc6cfd46,fc6d7fd7-c6e2-40ab-a2fe-41b8f7b195f8,AWOS04-S01-04,Hiệu chuẩn cảm biến nhiệt độ/độ ẩm,Theo quy trình calibration,dat_khong_dat,,Đạt chuẩn hiệu chuẩn,,t,3,2026-07-13 05:27:56.672917+00,2026-07-13 05:27:56.672917+00,,,,,
92418ae4-ae31-4b17-903d-0826dc379b52,63f94037-0eeb-41e3-9919-3ceadc6cfd46,fc6d7fd7-c6e2-40ab-a2fe-41b8f7b195f8,AWOS04-S01-03,Hiệu chuẩn cảm biến áp suất,Theo quy trình calibration,dat_khong_dat,,Đạt chuẩn hiệu chuẩn,,t,2,2026-07-13 05:27:56.672917+00,2026-07-13 05:27:56.672917+00,,,,,
7626e589-35ee-46e8-a930-d482e668da94,63f94037-0eeb-41e3-9919-3ceadc6cfd46,fc6d7fd7-c6e2-40ab-a2fe-41b8f7b195f8,AWOS04-S01-02,Đo điện trở tiếp địa tại trạm ngoài trời,Dùng máy đo tiếp địa,so,Ω,< 10 Ω,,t,1,2026-07-13 05:27:56.672917+00,2026-07-13 05:27:56.672917+00,,,,,
62a9466f-3781-4f57-a184-8e13f23d5501,63f94037-0eeb-41e3-9919-3ceadc6cfd46,fc6d7fd7-c6e2-40ab-a2fe-41b8f7b195f8,AWOS04-S01-01,Đo điện trở tiếp địa trong nhà,Dùng máy đo tiếp địa,so,Ω,< 4 Ω,,t,0,2026-07-13 05:27:56.672917+00,2026-07-13 05:27:56.672917+00,,,,,
f0e36d60-62ac-461e-91a9-7a08a700a30d,d531ed63-5043-406b-9cea-6e086fb94648,38a35c49-a890-4163-8d45-003fedfc364d,A1,Đo trần mây (Ceilometer),,dat_khong_dat,,,"{""hang_muc"": ""Đo trần mây (Ceilometer)"", ""nhom_lon"": ""A. CẢM BIẾN"", ""noi_dung_chi_tiet"": ""- Kiểm tra vật lý bên ngoài (vỏ, giá đỡ).\n- Lau sạch bụi bẩn trên ống kính phát/thu bằng vải mềm và dung dịch chuyên dụng.""}",t,1,2026-07-25 09:27:37.787855+00,2026-07-25 09:27:37.787855+00,,,,,
2b3aae92-4df5-45a5-a6e2-a82c2ff859d8,d531ed63-5043-406b-9cea-6e086fb94648,38a35c49-a890-4163-8d45-003fedfc364d,A2,Đo gió (Wind Sensor),,dat_khong_dat,,,"{""hang_muc"": ""Đo gió (Wind Sensor)"", ""nhom_lon"": ""A. CẢM BIẾN"", ""noi_dung_chi_tiet"": ""- Kiểm tra đầu dò của cảm biến siêu âm có bị kẹt, nứt vỡ, có vật lạ không.\n- Kiểm tra hướng lắp đặt có bị lệch không.""}",t,2,2026-07-25 09:27:37.787855+00,2026-07-25 09:27:37.787855+00,,,,,
0916fb15-a966-47d8-a65a-f87d681e306e,d531ed63-5043-406b-9cea-6e086fb94648,38a35c49-a890-4163-8d45-003fedfc364d,A3,Đo tầm nhìn (Visibility),,dat_khong_dat,,,"{""hang_muc"": ""Đo tầm nhìn (Visibility)"", ""nhom_lon"": ""A. CẢM BIẾN"", ""noi_dung_chi_tiet"": ""- Kiểm tra vật lý bên ngoài.\n- Lau sạch bụi bẩn trên ống kính phát/thu.""}",t,3,2026-07-25 09:27:37.787855+00,2026-07-25 09:27:37.787855+00,,,,,
d884836f-7961-4a98-b650-843fa36ec88c,d531ed63-5043-406b-9cea-6e086fb94648,38a35c49-a890-4163-8d45-003fedfc364d,A4,Đo thời tiết hiện tại,,dat_khong_dat,,,"{""hang_muc"": ""Đo thời tiết hiện tại"", ""nhom_lon"": ""A. CẢM BIẾN"", ""noi_dung_chi_tiet"": ""- Kiểm tra vật lý bên ngoài.\n- Lau sạch bụi bẩn trên ống kính cảm biến.""}",t,4,2026-07-25 09:27:37.787855+00,2026-07-25 09:27:37.787855+00,,,,,
ee4c1259-349c-453d-9579-7da3c9ae29fc,c47b2d4c-0d2c-4423-ab19-436fc42f516c,0f3ea301-b21f-42c1-a3e0-8491d1aab401,3.1.3,G/G - Giữa các CWP,,dat_khong_dat,,"Thoại rõ, không nhiễu.","{""hang_muc"": ""G/G - Giữa các CWP"", ""nhom_lon"": ""3. Tình trạng hoạt động tại các CWP""}",t,13,2026-07-25 10:24:27.044481+00,2026-07-25 10:24:27.044481+00,,,,,
97901cab-cf2a-4509-a39f-67a0bed18af3,c47b2d4c-0d2c-4423-ab19-436fc42f516c,0f3ea301-b21f-42c1-a3e0-8491d1aab401,3.2,Kiểm tra A/G,,dat_khong_dat,,"Thoại rõ, không nhiễu.","{""hang_muc"": ""Kiểm tra A/G"", ""nhom_lon"": ""3. Tình trạng hoạt động tại các CWP""}",t,14,2026-07-25 10:24:27.044481+00,2026-07-25 10:24:27.044481+00,,,,,
976c72c9-6738-4a7f-9506-6480b282b2d4,c47b2d4c-0d2c-4423-ab19-436fc42f516c,0f3ea301-b21f-42c1-a3e0-8491d1aab401,4,Đồng bộ thời gian NTP,,dat_khong_dat,,Hệ thống đồng bộ với nguồn NTP chuẩn.,"{""hang_muc"": ""Đồng bộ thời gian NTP"", ""nhom_lon"": ""4. Đồng bộ NTP""}",t,15,2026-07-25 10:24:27.044481+00,2026-07-25 10:24:27.044481+00,,,,,
317a7ce0-96de-4cba-8337-4ad0ce818a09,c47b2d4c-0d2c-4423-ab19-436fc42f516c,0f3ea301-b21f-42c1-a3e0-8491d1aab401,5,Backup và sao lưu cấu hình,,dat_khong_dat,,Sao lưu được cấu hình lên máy giám sát.,"{""hang_muc"": ""Backup cấu hình"", ""nhom_lon"": ""5. Sao lưu""}",t,16,2026-07-25 10:24:27.044481+00,2026-07-25 10:24:27.044481+00,,,,,
9717fc32-0ecd-4a3e-838e-83e5b54a03aa,c47b2d4c-0d2c-4423-ab19-436fc42f516c,0f3ea301-b21f-42c1-a3e0-8491d1aab401,6,Vệ sinh công nghiệp,,dat_khong_dat,,"Sau khi vệ sinh, hệ thống hoạt động bình thường.","{""hang_muc"": ""Vệ sinh công nghiệp"", ""nhom_lon"": ""6. Vệ sinh""}",t,17,2026-07-25 10:24:27.044481+00,2026-07-25 10:24:27.044481+00,,,,,
d8ecfecc-b6dd-40b5-96a6-c3b52b937306,d714af88-ce3c-4cc6-b0c1-1d0b6a2a9393,d88e7863-88f3-4e83-b313-efdbde6b5022,I.1,Vệ sinh bên ngoài,,dat_khong_dat,,,"{""hang_muc"": ""Vệ sinh bên ngoài"", ""nhom_lon"": ""I. Bảo dưỡng định kỳ""}",t,1,2026-07-25 10:24:27.044481+00,2026-07-25 10:24:27.044481+00,,,,,
002ec2b3-b0d0-46e9-b7a7-f61f6ed98388,d714af88-ce3c-4cc6-b0c1-1d0b6a2a9393,d88e7863-88f3-4e83-b313-efdbde6b5022,I.2,Vệ sinh bên trong,,dat_khong_dat,,,"{""hang_muc"": ""Vệ sinh bên trong"", ""nhom_lon"": ""I. Bảo dưỡng định kỳ""}",t,2,2026-07-25 10:24:27.044481+00,2026-07-25 10:24:27.044481+00,,,,,
e6028f8f-f9a7-43d4-83f2-3ad60d89e7d4,d714af88-ce3c-4cc6-b0c1-1d0b6a2a9393,d88e7863-88f3-4e83-b313-efdbde6b5022,I.3,Nhiệt độ,,dat_khong_dat,,20-25 độ C,"{""hang_muc"": ""Nhiệt độ"", ""nhom_lon"": ""I. Bảo dưỡng định kỳ""}",t,3,2026-07-25 10:24:27.044481+00,2026-07-25 10:24:27.044481+00,,,,,
9ca9ca9e-c554-4249-89fa-73ec503f740f,d714af88-ce3c-4cc6-b0c1-1d0b6a2a9393,d88e7863-88f3-4e83-b313-efdbde6b5022,I.4,Độ ẩm,,dat_khong_dat,,40%-80%,"{""hang_muc"": ""Độ ẩm"", ""nhom_lon"": ""I. Bảo dưỡng định kỳ""}",t,4,2026-07-25 10:24:27.044481+00,2026-07-25 10:24:27.044481+00,,,,,
d480fe97-fd2d-434f-ae8a-40662fc427e6,d714af88-ce3c-4cc6-b0c1-1d0b6a2a9393,d88e7863-88f3-4e83-b313-efdbde6b5022,I.5,Ghi âm,,dat_khong_dat,,"Đấu nối ghi âm đầy đủ, kiểm tra có ghi âm.","{""hang_muc"": ""Ghi âm"", ""nhom_lon"": ""I. Bảo dưỡng định kỳ""}",t,5,2026-07-25 10:24:27.044481+00,2026-07-25 10:24:27.044481+00,,,,,
54286c5f-d022-4eb8-9c07-2e02d48bbd3f,d531ed63-5043-406b-9cea-6e086fb94648,38a35c49-a890-4163-8d45-003fedfc364d,A5,"Đo nhiệt độ, độ ẩm",,dat_khong_dat,,,"{""hang_muc"": ""Đo nhiệt độ, độ ẩm"", ""nhom_lon"": ""A. CẢM BIẾN"", ""noi_dung_chi_tiet"": ""- Kiểm tra, vệ sinh tấm chắn bức xạ, đảm bảo thông thoáng.""}",t,5,2026-07-25 09:27:37.787855+00,2026-07-25 09:27:37.787855+00,,,,,
fc645d29-ea70-44a4-b3c9-57173ffedb79,d531ed63-5043-406b-9cea-6e086fb94648,38a35c49-a890-4163-8d45-003fedfc364d,A6,Đo lượng mưa,,dat_khong_dat,,,"{""hang_muc"": ""Đo lượng mưa"", ""nhom_lon"": ""A. CẢM BIẾN"", ""noi_dung_chi_tiet"": ""- Kiểm tra, làm sạch phễu đo mưa, loại bỏ rác, lá cây.""}",t,6,2026-07-25 09:27:37.787855+00,2026-07-25 09:27:37.787855+00,,,,,
4e7be78f-a639-4c34-97fa-8a468cb429ec,d531ed63-5043-406b-9cea-6e086fb94648,38a35c49-a890-4163-8d45-003fedfc364d,A7,"Đo khí áp, giông sét (nếu có)",,dat_khong_dat,,,"{""hang_muc"": ""Đo khí áp, giông sét (nếu có)"", ""nhom_lon"": ""A. CẢM BIẾN"", ""noi_dung_chi_tiet"": ""- Kiểm tra vật lý bên ngoài, tình trạng cáp nối.""}",f,7,2026-07-25 09:27:37.787855+00,2026-07-25 09:27:37.787855+00,,,,,
52ffc516-f1fe-4863-ae64-9d4427c869f8,d531ed63-5043-406b-9cea-6e086fb94648,38a35c49-a890-4163-8d45-003fedfc364d,B1,"Tủ DCP, Tủ nguồn",,dat_khong_dat,,,"{""hang_muc"": ""Tủ DCP, Tủ nguồn"", ""nhom_lon"": ""B. TỦ THIẾT BỊ VÀ PHỤ TRỢ"", ""noi_dung_chi_tiet"": ""- Kiểm tra bên ngoài tủ (khóa, bản lề).\n- Kiểm tra gioăng cửa tủ có kín không, có dấu hiệu côn trùng/nước xâm nhập không.""}",t,8,2026-07-25 09:27:37.787855+00,2026-07-25 09:27:37.787855+00,,,,,
5cdebc12-c85c-481c-af76-cdd01ff0fa76,d531ed63-5043-406b-9cea-6e086fb94648,38a35c49-a890-4163-8d45-003fedfc364d,B2,"Ắc quy, Bộ sạc",,dat_khong_dat,,,"{""hang_muc"": ""Ắc quy, Bộ sạc"", ""nhom_lon"": ""B. TỦ THIẾT BỊ VÀ PHỤ TRỢ"", ""noi_dung_chi_tiet"": ""- Kiểm tra trực quan ắc quy (có bị phồng, rò rỉ dung dịch không).\n- Kiểm tra đèn trạng thái trên bộ sạc.""}",t,9,2026-07-25 09:27:37.787855+00,2026-07-25 09:27:37.787855+00,,,,,
729e0e85-909e-4c3d-9cfa-92ab0b189a00,d531ed63-5043-406b-9cea-6e086fb94648,38a35c49-a890-4163-8d45-003fedfc364d,B3,"Chống sét, Tiếp địa",,dat_khong_dat,,,"{""hang_muc"": ""Chống sét, Tiếp địa"", ""nhom_lon"": ""B. TỦ THIẾT BỊ VÀ PHỤ TRỢ"", ""noi_dung_chi_tiet"": ""- Kiểm tra các đầu nối của cáp tiếp địa, dây chống sét lan truyền.""}",t,10,2026-07-25 09:27:37.787855+00,2026-07-25 09:27:37.787855+00,,,,,
a8677c29-5162-4dac-94c8-0c030dd9e450,d531ed63-5043-406b-9cea-6e086fb94648,38a35c49-a890-4163-8d45-003fedfc364d,B4,Thiết bị truyền dẫn,,dat_khong_dat,,,"{""hang_muc"": ""Thiết bị truyền dẫn"", ""nhom_lon"": ""B. TỦ THIẾT BỊ VÀ PHỤ TRỢ"", ""noi_dung_chi_tiet"": ""- Kiểm tra đèn trạng thái của Switch, Converter quang.""}",t,11,2026-07-25 09:27:37.787855+00,2026-07-25 09:27:37.787855+00,,,,,
c04ebdc5-a254-4173-880c-3e3541341255,e789151a-310f-4f45-bf80-3fc123031759,50981e9f-257a-43cc-a822-3c2424fdf297,AWOS01-S01-01,Kiểm tra nguồn cấp AC/UPS,"Quan sát đèn báo, đo áp nếu cần",dat_khong_dat,,"Có điện, không cảnh báo",,t,0,2026-07-25 09:41:17.339325+00,2026-07-25 09:41:17.339325+00,,,,,
46e43d4c-71d9-4603-a53b-a0647c9c0f44,e789151a-310f-4f45-bf80-3fc123031759,50981e9f-257a-43cc-a822-3c2424fdf297,AWOS01-S01-02,Kiểm tra đèn báo trạng thái tủ điều khiển,Đối chiếu bảng trạng thái,dat_khong_dat,,Không đèn lỗi,,t,1,2026-07-25 09:41:17.339325+00,2026-07-25 09:41:17.339325+00,,,,,
9ab1a6c6-ffa9-49cc-a8f9-6a2f03bdb4cd,e789151a-310f-4f45-bf80-3fc123031759,50981e9f-257a-43cc-a822-3c2424fdf297,AWOS01-S01-03,Kiểm tra kết nối cáp tín hiệu,"Kiểm tra chắc chắn, không lỏng",dat_khong_dat,,Kết nối chắc chắn,,t,2,2026-07-25 09:41:17.339325+00,2026-07-25 09:41:17.339325+00,,,,,
be8bb18a-1d57-4421-9228-6f8191ba55cb,e789151a-310f-4f45-bf80-3fc123031759,50981e9f-257a-43cc-a822-3c2424fdf297,AWOS01-S01-04,Vệ sinh bên ngoài tủ thiết bị,Lau sạch bụi bẩn,dat_khong_dat,,Sạch sẽ,,f,3,2026-07-25 09:41:17.339325+00,2026-07-25 09:41:17.339325+00,,,,,
66b33551-e870-47e9-ab99-4fff580fcaec,e789151a-310f-4f45-bf80-3fc123031759,50981e9f-257a-43cc-a822-3c2424fdf297,AWOS01-S01-05,Kiểm tra tiếp địa vỏ tủ (quan sát),Quan sát dây tiếp địa,dat_khong_dat,,Còn nguyên vẹn,,t,4,2026-07-25 09:41:17.339325+00,2026-07-25 09:41:17.339325+00,,,,,
f6dabc17-1f51-4065-99fe-92b881e26bef,ef1865a6-1b14-4f19-8720-0718155aafdd,50981e9f-257a-43cc-a822-3c2424fdf297,AWOS01-S02-01,Cảm biến gió (hướng/tốc độ),So sánh giá trị hiển thị,dat_khong_dat,,Số liệu hợp lý,,t,1000,2026-07-25 09:41:17.339325+00,2026-07-25 09:41:17.339325+00,,,,,
0c4d6322-e5b3-41fb-850c-a21ee451026d,ef1865a6-1b14-4f19-8720-0718155aafdd,50981e9f-257a-43cc-a822-3c2424fdf297,AWOS01-S02-02,Cảm biến nhiệt độ/độ ẩm,So sánh giá trị hiển thị,dat_khong_dat,,Số liệu hợp lý,,t,1001,2026-07-25 09:41:17.339325+00,2026-07-25 09:41:17.339325+00,,,,,
5a0e2a01-a9e4-47d9-b340-faf3752d499b,ef1865a6-1b14-4f19-8720-0718155aafdd,50981e9f-257a-43cc-a822-3c2424fdf297,AWOS01-S02-03,Cảm biến áp suất khí quyển,So sánh giá trị hiển thị,dat_khong_dat,,Số liệu hợp lý,,t,1002,2026-07-25 09:41:17.339325+00,2026-07-25 09:41:17.339325+00,,,,,
6a04cf41-67f6-41bd-b4d2-74b788c81bb7,ef1865a6-1b14-4f19-8720-0718155aafdd,50981e9f-257a-43cc-a822-3c2424fdf297,AWOS01-S02-04,Cảm biến tầm nhìn (visibility),So sánh giá trị hiển thị,dat_khong_dat,,Số liệu hợp lý,,t,1003,2026-07-25 09:41:17.339325+00,2026-07-25 09:41:17.339325+00,,,,,
0e04d0a2-7462-4ff0-b0a6-9e0460c4b250,ef1865a6-1b14-4f19-8720-0718155aafdd,50981e9f-257a-43cc-a822-3c2424fdf297,AWOS01-S02-05,Cảm biến trần mây (ceilometer),So sánh giá trị hiển thị,dat_khong_dat,,Số liệu hợp lý,,t,1004,2026-07-25 09:41:17.339325+00,2026-07-25 09:41:17.339325+00,,,,,
733cdbb6-95e3-4b88-8fa9-5b2fde2ebb32,ef1865a6-1b14-4f19-8720-0718155aafdd,50981e9f-257a-43cc-a822-3c2424fdf297,AWOS01-S02-06,Cảm biến lượng mưa,So sánh giá trị hiển thị,dat_khong_dat,,Số liệu hợp lý,,f,1005,2026-07-25 09:41:17.339325+00,2026-07-25 09:41:17.339325+00,,,,,
0ca0ad7e-e3c2-476c-8dca-6828422c4eff,c47b2d4c-0d2c-4423-ab19-436fc42f516c,0f3ea301-b21f-42c1-a3e0-8491d1aab401,1,Điều kiện môi trường,,dat_khong_dat,,,"{""hang_muc"": ""Điều kiện môi trường"", ""nhom_lon"": ""1. Điều kiện môi trường""}",f,1,2026-07-25 10:24:27.044481+00,2026-07-25 10:24:27.044481+00,,,,,
a38559ca-3afa-4b45-a10f-618d9fa3d6dc,c47b2d4c-0d2c-4423-ab19-436fc42f516c,0f3ea301-b21f-42c1-a3e0-8491d1aab401,1.1,Nhiệt độ,,dat_khong_dat,,20-25 độ C,"{""hang_muc"": ""Nhiệt độ"", ""nhom_lon"": ""1. Điều kiện môi trường""}",t,2,2026-07-25 10:24:27.044481+00,2026-07-25 10:24:27.044481+00,,,,,
f166cc5d-3168-4c54-9613-40dbbbebb526,c47b2d4c-0d2c-4423-ab19-436fc42f516c,0f3ea301-b21f-42c1-a3e0-8491d1aab401,1.2,Độ ẩm,,dat_khong_dat,,40%-80%,"{""hang_muc"": ""Độ ẩm"", ""nhom_lon"": ""1. Điều kiện môi trường""}",t,3,2026-07-25 10:24:27.044481+00,2026-07-25 10:24:27.044481+00,,,,,
90b5cedd-1666-4b65-a8fb-44e7977e9664,c47b2d4c-0d2c-4423-ab19-436fc42f516c,0f3ea301-b21f-42c1-a3e0-8491d1aab401,2.1,Tại các vị trí CWP,,dat_khong_dat,,Thiết bị hoạt động bình thường. Các đèn báo bình thường. Không báo lỗi.,"{""hang_muc"": ""Tại các vị trí CWP"", ""nhom_lon"": ""2. Trạng thái hoạt động""}",t,4,2026-07-25 10:24:27.044481+00,2026-07-25 10:24:27.044481+00,,,,,
6858a4eb-0930-4247-b99c-3b112de9086b,c47b2d4c-0d2c-4423-ab19-436fc42f516c,0f3ea301-b21f-42c1-a3e0-8491d1aab401,2.2.1,CIF A,,dat_khong_dat,,"Hoạt động bình thường, đèn báo bình thường.","{""hang_muc"": ""CIF A"", ""nhom_lon"": ""2. Trạng thái hoạt động""}",t,5,2026-07-25 10:24:27.044481+00,2026-07-25 10:24:27.044481+00,,,,,
aa773107-2bbe-495e-984d-bc6c509f68f4,c47b2d4c-0d2c-4423-ab19-436fc42f516c,0f3ea301-b21f-42c1-a3e0-8491d1aab401,2.2.2,CIF B,,dat_khong_dat,,"Hoạt động bình thường, đèn báo bình thường.","{""hang_muc"": ""CIF B"", ""nhom_lon"": ""2. Trạng thái hoạt động""}",t,6,2026-07-25 10:24:27.044481+00,2026-07-25 10:24:27.044481+00,,,,,
b93e33b6-0e63-4c90-8031-db78681b301f,c47b2d4c-0d2c-4423-ab19-436fc42f516c,0f3ea301-b21f-42c1-a3e0-8491d1aab401,2.3,DIF,,dat_khong_dat,,"Hoạt động bình thường, đèn báo bình thường.","{""hang_muc"": ""DIF"", ""nhom_lon"": ""2. Trạng thái hoạt động""}",t,7,2026-07-25 10:24:27.044481+00,2026-07-25 10:24:27.044481+00,,,,,
471f0086-3323-474c-93a1-330c671b5fa1,c47b2d4c-0d2c-4423-ab19-436fc42f516c,0f3ea301-b21f-42c1-a3e0-8491d1aab401,2.4,GPIF,,dat_khong_dat,,"Hoạt động bình thường, đèn báo bình thường.","{""hang_muc"": ""GPIF"", ""nhom_lon"": ""2. Trạng thái hoạt động""}",t,8,2026-07-25 10:24:27.044481+00,2026-07-25 10:24:27.044481+00,,,,,
68fc5957-d996-465a-9840-e2add19edf7d,c47b2d4c-0d2c-4423-ab19-436fc42f516c,0f3ea301-b21f-42c1-a3e0-8491d1aab401,2.5,Flatpack,,dat_khong_dat,,"Hoạt động bình thường, đèn báo bình thường.","{""hang_muc"": ""Flatpack"", ""nhom_lon"": ""2. Trạng thái hoạt động""}",t,9,2026-07-25 10:24:27.044481+00,2026-07-25 10:24:27.044481+00,,,,,
d022eb73-1d1a-4aba-ab8f-f279a9ebc82d,c47b2d4c-0d2c-4423-ab19-436fc42f516c,0f3ea301-b21f-42c1-a3e0-8491d1aab401,2.6,Fan,,dat_khong_dat,,"Hoạt động bình thường, đèn báo bình thường.","{""hang_muc"": ""Fan"", ""nhom_lon"": ""2. Trạng thái hoạt động""}",t,10,2026-07-25 10:24:27.044481+00,2026-07-25 10:24:27.044481+00,,,,,
4fd56ca9-ada0-455a-968f-6db5e8fa10df,c47b2d4c-0d2c-4423-ab19-436fc42f516c,0f3ea301-b21f-42c1-a3e0-8491d1aab401,3.1.1,G/G - Hotline,,dat_khong_dat,,"Thoại rõ, không nhiễu.","{""hang_muc"": ""G/G - Hotline"", ""nhom_lon"": ""3. Tình trạng hoạt động tại các CWP""}",t,11,2026-07-25 10:24:27.044481+00,2026-07-25 10:24:27.044481+00,,,,,
f8553f4d-9f65-464a-920b-f394b21f4717,c47b2d4c-0d2c-4423-ab19-436fc42f516c,0f3ea301-b21f-42c1-a3e0-8491d1aab401,3.1.2,G/G - Thoại,,dat_khong_dat,,"Thoại rõ, không nhiễu.","{""hang_muc"": ""G/G - Thoại"", ""nhom_lon"": ""3. Tình trạng hoạt động tại các CWP""}",t,12,2026-07-25 10:24:27.044481+00,2026-07-25 10:24:27.044481+00,,,,,
7d0a2e33-c7f7-4f26-97a5-73d66577c54b,d714af88-ce3c-4cc6-b0c1-1d0b6a2a9393,d88e7863-88f3-4e83-b313-efdbde6b5022,I.6,Kiểm tra nguồn cấp,,dat_khong_dat,,"Nguồn cấp đầy đủ, đảm bảo theo quy định.","{""hang_muc"": ""Kiểm tra nguồn cấp"", ""nhom_lon"": ""I. Bảo dưỡng định kỳ""}",t,6,2026-07-25 10:24:27.044481+00,2026-07-25 10:24:27.044481+00,,,,,
a7fb7abb-bb31-4741-9a56-4887d6c31b2b,d714af88-ce3c-4cc6-b0c1-1d0b6a2a9393,d88e7863-88f3-4e83-b313-efdbde6b5022,I.7,Kiểm tra đấu nối ăng ten,,dat_khong_dat,,"Không rỉ sét, chắc chắn.","{""hang_muc"": ""Đấu nối ăng ten"", ""nhom_lon"": ""I. Bảo dưỡng định kỳ""}",t,7,2026-07-25 10:24:27.044481+00,2026-07-25 10:24:27.044481+00,,,,,
4581a39d-8d88-4c87-93ca-efce35891e50,d714af88-ce3c-4cc6-b0c1-1d0b6a2a9393,d88e7863-88f3-4e83-b313-efdbde6b5022,I.8,Chống sét connector,,dat_khong_dat,,Các connector đầy đủ.,"{""hang_muc"": ""Chống sét connector"", ""nhom_lon"": ""I. Bảo dưỡng định kỳ""}",t,8,2026-07-25 10:24:27.044481+00,2026-07-25 10:24:27.044481+00,,,,,
581aa13c-6018-4a58-a493-cea7a73bd193,d714af88-ce3c-4cc6-b0c1-1d0b6a2a9393,d88e7863-88f3-4e83-b313-efdbde6b5022,I.9,Chống sét Krone,,dat_khong_dat,,"Pin chống sét không xê dịch, đúng loại.","{""hang_muc"": ""Chống sét Krone"", ""nhom_lon"": ""I. Bảo dưỡng định kỳ""}",t,9,2026-07-25 10:24:27.044481+00,2026-07-25 10:24:27.044481+00,,,,,
e735c683-7a5f-4b49-b922-771cc82a301f,d714af88-ce3c-4cc6-b0c1-1d0b6a2a9393,d88e7863-88f3-4e83-b313-efdbde6b5022,I.10,Krone,,dat_khong_dat,,"Krone gắn cố định, cáp bắn chắc chắn.","{""hang_muc"": ""Krone"", ""nhom_lon"": ""I. Bảo dưỡng định kỳ""}",t,10,2026-07-25 10:24:27.044481+00,2026-07-25 10:24:27.044481+00,,,,,
e5d25b09-2569-490c-84fc-6c60d3d6e9e9,d714af88-ce3c-4cc6-b0c1-1d0b6a2a9393,d88e7863-88f3-4e83-b313-efdbde6b5022,I.11,Handset,,dat_khong_dat,,"Đáp ứng tốt, không hư hỏng.","{""hang_muc"": ""Handset"", ""nhom_lon"": ""I. Bảo dưỡng định kỳ""}",t,11,2026-07-25 10:24:27.044481+00,2026-07-25 10:24:27.044481+00,,,,,
9c43512a-4809-4353-a89a-e6f2724fcfbb,d714af88-ce3c-4cc6-b0c1-1d0b6a2a9393,d88e7863-88f3-4e83-b313-efdbde6b5022,I.12,Kiểm tra ăng ten,,dat_khong_dat,,"Mối nối chắc chắn, ăng ten không gãy, nứt.","{""hang_muc"": ""Kiểm tra ăng ten"", ""nhom_lon"": ""I. Bảo dưỡng định kỳ""}",t,12,2026-07-25 10:24:27.044481+00,2026-07-25 10:24:27.044481+00,,,,,
c2fc311a-eed6-42db-a30c-377ac6c56323,d714af88-ce3c-4cc6-b0c1-1d0b6a2a9393,d88e7863-88f3-4e83-b313-efdbde6b5022,I.13,Vệ sinh công nghiệp,,dat_khong_dat,,Sạch bụi bẩn ở các vị trí thấy được.,"{""hang_muc"": ""Vệ sinh công nghiệp"", ""nhom_lon"": ""I. Bảo dưỡng định kỳ""}",t,13,2026-07-25 10:24:27.044481+00,2026-07-25 10:24:27.044481+00,,,,,
cdc862e5-8e0e-44af-b69a-e8cdcc2c9db7,d714af88-ce3c-4cc6-b0c1-1d0b6a2a9393,d88e7863-88f3-4e83-b313-efdbde6b5022,II.1,"Bảo dưỡng, thay thế khác (ghi rõ)",,text,,,"{""hang_muc"": ""Bảo dưỡng, thay thế khác"", ""nhom_lon"": ""II. Nội dung khác""}",f,14,2026-07-25 10:24:27.044481+00,2026-07-25 10:24:27.044481+00,,,,,
ccd91883-a5e9-4207-a548-40b104422ee6,0a18aacd-6b8c-493a-858d-cd33734801ec,ff82aa4e-0c3a-460a-bfe5-423e3d9c2ab9,RC.1,Operation Mode,,chon,,Norm,"{""options"": [""Norm"", ""Main""], ""hang_muc"": ""Operation Mode"", ""nhom_lon"": ""I. Radio Control""}",t,1,2026-07-25 10:24:27.044481+00,2026-07-25 10:24:27.044481+00,,,,,
391ef796-727c-4845-84e4-8067f4d5f9b6,0a18aacd-6b8c-493a-858d-cd33734801ec,ff82aa4e-0c3a-460a-bfe5-423e3d9c2ab9,RC.2,Low Power Level (dBm),,so,,41,"{""max"": 42, ""min"": 40, ""don_vi"": ""dBm"", ""hang_muc"": ""Low Power Level"", ""nhom_lon"": ""I. Radio Control""}",t,2,2026-07-25 10:24:27.044481+00,2026-07-25 10:24:27.044481+00,,,,,
030eaa9e-46b6-4170-b5fe-6e79ddb198e1,0a18aacd-6b8c-493a-858d-cd33734801ec,ff82aa4e-0c3a-460a-bfe5-423e3d9c2ab9,RC.3,Alarm,,chon,,OFF,"{""options"": [""OFF"", ""ON""], ""hang_muc"": ""Alarm"", ""nhom_lon"": ""I. Radio Control""}",t,3,2026-07-25 10:24:27.044481+00,2026-07-25 10:24:27.044481+00,,,,,
aaaed9b2-1984-43c1-b19e-ba91f3996a77,0a18aacd-6b8c-493a-858d-cd33734801ec,ff82aa4e-0c3a-460a-bfe5-423e3d9c2ab9,RC.4,Standby,,chon,,OFF,"{""options"": [""OFF"", ""ON""], ""hang_muc"": ""Standby"", ""nhom_lon"": ""I. Radio Control""}",t,4,2026-07-25 10:24:27.044481+00,2026-07-25 10:24:27.044481+00,,,,,
3ea53a94-4dae-401a-9db6-d5334998f4ea,0a18aacd-6b8c-493a-858d-cd33734801ec,ff82aa4e-0c3a-460a-bfe5-423e3d9c2ab9,TX.1,Output Power (dBm),,so,,47,"{""max"": 48, ""min"": 46, ""don_vi"": ""dBm"", ""hang_muc"": ""Output Power"", ""nhom_lon"": ""II. TX config""}",t,5,2026-07-25 10:24:27.044481+00,2026-07-25 10:24:27.044481+00,,,,,
09fc48cf-0118-44af-835f-463b685e9e6c,0a18aacd-6b8c-493a-858d-cd33734801ec,ff82aa4e-0c3a-460a-bfe5-423e3d9c2ab9,TX.2,Modulation (%),,so,,85,"{""max"": 90, ""min"": 80, ""don_vi"": ""%"", ""hang_muc"": ""Modulation"", ""nhom_lon"": ""II. TX config""}",t,6,2026-07-25 10:24:27.044481+00,2026-07-25 10:24:27.044481+00,,,,,
20218380-03ef-444f-a603-95c7511c32e4,0a18aacd-6b8c-493a-858d-cd33734801ec,ff82aa4e-0c3a-460a-bfe5-423e3d9c2ab9,TX.3,Input Source,,chon,,Auto,"{""options"": [""Auto"", ""Line"", ""Mic""], ""hang_muc"": ""Input Source"", ""nhom_lon"": ""II. TX config""}",t,7,2026-07-25 10:24:27.044481+00,2026-07-25 10:24:27.044481+00,,,,,
f19e182d-5411-4ec2-afd2-4773d48f40a8,0a18aacd-6b8c-493a-858d-cd33734801ec,ff82aa4e-0c3a-460a-bfe5-423e3d9c2ab9,TX.4,Line Sensitivity (dBm),,so,,-17,"{""max"": -15, ""min"": -19, ""don_vi"": ""dBm"", ""hang_muc"": ""Line Sensitivity"", ""nhom_lon"": ""II. TX config""}",t,8,2026-07-25 10:24:27.044481+00,2026-07-25 10:24:27.044481+00,,,,,
b20952d5-435b-4aa9-8a86-c523d6d42e25,0a18aacd-6b8c-493a-858d-cd33734801ec,ff82aa4e-0c3a-460a-bfe5-423e3d9c2ab9,TX.5,Line Termination (Ohm),,so,,600,"{""don_vi"": ""Ohm"", ""hang_muc"": ""Line Termination"", ""nhom_lon"": ""II. TX config""}",t,9,2026-07-25 10:24:27.044481+00,2026-07-25 10:24:27.044481+00,,,,,
089e7b12-f8b4-40a5-ae9f-3b91178bea52,0a18aacd-6b8c-493a-858d-cd33734801ec,ff82aa4e-0c3a-460a-bfe5-423e3d9c2ab9,TX.6,Monitor level (dBm),,so,,-50,"{""don_vi"": ""dBm"", ""hang_muc"": ""Monitor level"", ""nhom_lon"": ""II. TX config""}",t,10,2026-07-25 10:24:27.044481+00,2026-07-25 10:24:27.044481+00,,,,,
d414ddc0-49c4-48fb-8e46-6c9c83af3e28,0a18aacd-6b8c-493a-858d-cd33734801ec,ff82aa4e-0c3a-460a-bfe5-423e3d9c2ab9,TX.7,VOGAD,,chon,,Norm,"{""options"": [""Norm"", ""OFF""], ""hang_muc"": ""VOGAD"", ""nhom_lon"": ""II. TX config""}",t,11,2026-07-25 10:24:27.044481+00,2026-07-25 10:24:27.044481+00,,,,,
03c33b38-9671-4088-8562-5024b61ee7de,0a18aacd-6b8c-493a-858d-cd33734801ec,ff82aa4e-0c3a-460a-bfe5-423e3d9c2ab9,VS.1,"Vệ sinh, kiểm tra tiếp địa",,dat_khong_dat,,"Tiếp địa chắc chắn, thiết bị sạch.","{""hang_muc"": ""Tiếp địa"", ""nhom_lon"": ""III. Vệ sinh & tiếp địa""}",t,12,2026-07-25 10:24:27.044481+00,2026-07-25 10:24:27.044481+00,,,,,
d4811594-83be-4519-87bb-a198c6c88105,0a18aacd-6b8c-493a-858d-cd33734801ec,ff82aa4e-0c3a-460a-bfe5-423e3d9c2ab9,VS.2,Kiểm tra ăng ten & feeder,,dat_khong_dat,,"Feeder không gãy gập, đầu nối chắc.","{""hang_muc"": ""Ăng ten & feeder"", ""nhom_lon"": ""III. Vệ sinh & tiếp địa""}",t,13,2026-07-25 10:24:27.044481+00,2026-07-25 10:24:27.044481+00,,,,,
5f67f2bf-d083-4ff1-b098-d3eed2867b4c,e41deae1-2e1c-4dc7-8da6-9c0bfe5213ba,c5c39c97-c432-49e0-9d5e-03bb981bd252,1,Kiểm tra trạng thái LED/Alarm,,dat_khong_dat,,Không có cảnh báo lỗi.,"{""hang_muc"": ""LED/Alarm"", ""nhom_lon"": ""I. Trạng thái""}",t,1,2026-07-25 10:24:27.044481+00,2026-07-25 10:24:27.044481+00,,,,,
4f2efd9e-12a7-4af0-b6ea-5f2bc89acd14,e41deae1-2e1c-4dc7-8da6-9c0bfe5213ba,c5c39c97-c432-49e0-9d5e-03bb981bd252,2,RSL (dBm),,so,,-40,"{""max"": -30, ""min"": -55, ""don_vi"": ""dBm"", ""hang_muc"": ""RSL"", ""nhom_lon"": ""II. Đo thông số""}",t,2,2026-07-25 10:24:27.044481+00,2026-07-25 10:24:27.044481+00,,,,,
6554775c-15bf-4d6a-82b7-2e20b7b27968,e41deae1-2e1c-4dc7-8da6-9c0bfe5213ba,c5c39c97-c432-49e0-9d5e-03bb981bd252,3,BER,,chon,,< 1E-6,"{""options"": [""< 1E-6"", ""1E-6..1E-3"", ""> 1E-3""], ""hang_muc"": ""BER"", ""nhom_lon"": ""II. Đo thông số""}",t,3,2026-07-25 10:24:27.044481+00,2026-07-25 10:24:27.044481+00,,,,,
c889530d-46c7-4472-a4ed-ee3403a393bf,e41deae1-2e1c-4dc7-8da6-9c0bfe5213ba,c5c39c97-c432-49e0-9d5e-03bb981bd252,4,"Kiểm tra ăng ten, feeder, connector",,dat_khong_dat,,"Chắc chắn, không rỉ, không gãy.","{""hang_muc"": ""Ăng ten & feeder"", ""nhom_lon"": ""III. Cơ khí""}",t,4,2026-07-25 10:24:27.044481+00,2026-07-25 10:24:27.044481+00,,,,,
27527b54-a449-4e96-b576-cac59090582d,e41deae1-2e1c-4dc7-8da6-9c0bfe5213ba,c5c39c97-c432-49e0-9d5e-03bb981bd252,5,Kiểm tra nguồn AC/DC,,dat_khong_dat,,Điện áp trong dải cho phép.,"{""hang_muc"": ""Nguồn AC/DC"", ""nhom_lon"": ""III. Cơ khí""}",t,5,2026-07-25 10:24:27.044481+00,2026-07-25 10:24:27.044481+00,,,,,
e255f6ed-5d60-41a9-ab1e-c08e5f202196,e41deae1-2e1c-4dc7-8da6-9c0bfe5213ba,c5c39c97-c432-49e0-9d5e-03bb981bd252,6,Kiểm tra tiếp địa & chống sét,,dat_khong_dat,,Điện trở tiếp địa < 4 Ohm.,"{""hang_muc"": ""Tiếp địa"", ""nhom_lon"": ""III. Cơ khí""}",t,6,2026-07-25 10:24:27.044481+00,2026-07-25 10:24:27.044481+00,,,,,
cca7b097-7192-40eb-814b-494d4fd7f18d,e41deae1-2e1c-4dc7-8da6-9c0bfe5213ba,c5c39c97-c432-49e0-9d5e-03bb981bd252,7,Sao lưu cấu hình,,dat_khong_dat,,Có file backup mới nhất.,"{""hang_muc"": ""Backup"", ""nhom_lon"": ""IV. Sao lưu""}",t,7,2026-07-25 10:24:27.044481+00,2026-07-25 10:24:27.044481+00,,,,,
d0186928-bc52-489a-8e8c-542f792ebaf5,e41deae1-2e1c-4dc7-8da6-9c0bfe5213ba,c5c39c97-c432-49e0-9d5e-03bb981bd252,8,Vệ sinh công nghiệp,,dat_khong_dat,,"Thiết bị và tủ sạch, thoáng.","{""hang_muc"": ""Vệ sinh công nghiệp"", ""nhom_lon"": ""V. Vệ sinh""}",t,8,2026-07-25 10:24:27.044481+00,2026-07-25 10:24:27.044481+00,,,,,
5972e5a4-3a76-4d8c-ada8-46be8e44fb25,d0f2f6cf-439a-4b4c-ba34-fd9ef3c32adf,7cf3cd9a-5fc9-4e5e-858d-6b117dbc3772,1,Kiểm tra trạng thái LED/Alarm,,dat_khong_dat,,Không có cảnh báo trên NMS.,"{""hang_muc"": ""LED/Alarm"", ""nhom_lon"": ""I. Trạng thái""}",t,1,2026-07-25 10:24:27.044481+00,2026-07-25 10:24:27.044481+00,,,,,
ce00e3f7-10be-4bec-8ed6-4d534f7313b6,d0f2f6cf-439a-4b4c-ba34-fd9ef3c32adf,7cf3cd9a-5fc9-4e5e-858d-6b117dbc3772,2,Kiểm tra công suất phát quang (dBm),,so,,-3,"{""max"": 0, ""min"": -6, ""don_vi"": ""dBm"", ""hang_muc"": ""TX Power"", ""nhom_lon"": ""II. Thông số quang""}",t,2,2026-07-25 10:24:27.044481+00,2026-07-25 10:24:27.044481+00,,,,,
92fa2d0a-d92b-4443-b3e6-c50a51fa1741,d0f2f6cf-439a-4b4c-ba34-fd9ef3c32adf,7cf3cd9a-5fc9-4e5e-858d-6b117dbc3772,3,Kiểm tra công suất thu quang (dBm),,so,,-18,"{""max"": -8, ""min"": -28, ""don_vi"": ""dBm"", ""hang_muc"": ""RX Power"", ""nhom_lon"": ""II. Thông số quang""}",t,3,2026-07-25 10:24:27.044481+00,2026-07-25 10:24:27.044481+00,,,,,
06143569-0e9f-466e-bdfc-26f315471e61,d0f2f6cf-439a-4b4c-ba34-fd9ef3c32adf,7cf3cd9a-5fc9-4e5e-858d-6b117dbc3772,4,BER các luồng E1/STM-1,,chon,,< 1E-6,"{""options"": [""< 1E-6"", ""1E-6..1E-3"", ""> 1E-3""], ""hang_muc"": ""BER"", ""nhom_lon"": ""III. Chất lượng""}",t,4,2026-07-25 10:24:27.044481+00,2026-07-25 10:24:27.044481+00,,,,,
70a1565a-6724-4ccb-9637-5df8d6a5361a,d0f2f6cf-439a-4b4c-ba34-fd9ef3c32adf,7cf3cd9a-5fc9-4e5e-858d-6b117dbc3772,5,Kiểm tra đồng bộ (sync),,dat_khong_dat,,"Đồng bộ ổn định, không trượt.","{""hang_muc"": ""Đồng bộ"", ""nhom_lon"": ""III. Chất lượng""}",t,5,2026-07-25 10:24:27.044481+00,2026-07-25 10:24:27.044481+00,,,,,
7200fba1-d4ab-46f6-b8bc-8996cbc873cb,d0f2f6cf-439a-4b4c-ba34-fd9ef3c32adf,7cf3cd9a-5fc9-4e5e-858d-6b117dbc3772,6,Kiểm tra nguồn nuôi & pin dự phòng,,dat_khong_dat,,"Nguồn ổn định, pin đủ tải.","{""hang_muc"": ""Nguồn & pin"", ""nhom_lon"": ""IV. Nguồn""}",t,6,2026-07-25 10:24:27.044481+00,2026-07-25 10:24:27.044481+00,,,,,
c88324f0-0762-45cf-bfcf-d140178ec594,d0f2f6cf-439a-4b4c-ba34-fd9ef3c32adf,7cf3cd9a-5fc9-4e5e-858d-6b117dbc3772,7,Sao lưu cấu hình,,dat_khong_dat,,Có file backup mới nhất.,"{""hang_muc"": ""Backup"", ""nhom_lon"": ""V. Sao lưu""}",t,7,2026-07-25 10:24:27.044481+00,2026-07-25 10:24:27.044481+00,,,,,
e8122d83-987d-4d46-9aa3-16ab0478e1fb,d0f2f6cf-439a-4b4c-ba34-fd9ef3c32adf,7cf3cd9a-5fc9-4e5e-858d-6b117dbc3772,8,Vệ sinh công nghiệp,,dat_khong_dat,,"Thiết bị và tủ sạch, thoáng.","{""hang_muc"": ""Vệ sinh công nghiệp"", ""nhom_lon"": ""VI. Vệ sinh""}",t,8,2026-07-25 10:24:27.044481+00,2026-07-25 10:24:27.044481+00,,,,,
f436d5bf-80cc-4464-8421-570164c22747,935c20b4-4627-4b99-88f7-96b73cf3dff4,109f5eb9-8d0f-49a0-8161-dee097fb9b62,1,"Kiểm tra vật lý (vỏ, cáp, connector)",,dat_khong_dat,,"Không nứt vỡ, không rỉ sét.","{""hang_muc"": ""Vỏ & connector"", ""nhom_lon"": ""I. Vật lý""}",t,1,2026-07-25 10:24:27.044481+00,2026-07-25 10:24:27.044481+00,,,,,
98efdb52-3ba7-4d5c-8ba1-a34681c6b786,935c20b4-4627-4b99-88f7-96b73cf3dff4,109f5eb9-8d0f-49a0-8161-dee097fb9b62,2,Kiểm tra công suất phát (dBm),,so,,30,"{""max"": 32, ""min"": 28, ""don_vi"": ""dBm"", ""hang_muc"": ""TX Power"", ""nhom_lon"": ""II. Thông số RF""}",t,2,2026-07-25 10:24:27.044481+00,2026-07-25 10:24:27.044481+00,,,,,
b429febb-0106-4cf4-b299-2da9cfb57cfb,935c20b4-4627-4b99-88f7-96b73cf3dff4,109f5eb9-8d0f-49a0-8161-dee097fb9b62,3,Kiểm tra tần số phát,,dat_khong_dat,,Đúng tần số cấu hình.,"{""hang_muc"": ""TX Frequency"", ""nhom_lon"": ""II. Thông số RF""}",t,3,2026-07-25 10:24:27.044481+00,2026-07-25 10:24:27.044481+00,,,,,
43745320-a3ab-4382-9f82-b62cd41357ee,935c20b4-4627-4b99-88f7-96b73cf3dff4,109f5eb9-8d0f-49a0-8161-dee097fb9b62,4,Kiểm tra dòng tiêu thụ (A),,so,,2.5,"{""max"": 3, ""min"": 2, ""don_vi"": ""A"", ""hang_muc"": ""Current"", ""nhom_lon"": ""II. Thông số RF""}",t,4,2026-07-25 10:24:27.044481+00,2026-07-25 10:24:27.044481+00,,,,,
9952aae1-08af-4aee-a8b0-de163b43c121,935c20b4-4627-4b99-88f7-96b73cf3dff4,109f5eb9-8d0f-49a0-8161-dee097fb9b62,5,Kiểm tra cảnh báo BUC trên router,,dat_khong_dat,,Không có alarm BUC.,"{""hang_muc"": ""BUC Alarm"", ""nhom_lon"": ""III. Trạng thái""}",t,5,2026-07-25 10:24:27.044481+00,2026-07-25 10:24:27.044481+00,,,,,
3efdcdb1-668e-453b-b6d7-3f3e5e6342f0,935c20b4-4627-4b99-88f7-96b73cf3dff4,109f5eb9-8d0f-49a0-8161-dee097fb9b62,6,Kiểm tra tiếp địa & chống sét,,dat_khong_dat,,Điện trở tiếp địa < 4 Ohm.,"{""hang_muc"": ""Tiếp địa"", ""nhom_lon"": ""IV. An toàn""}",t,6,2026-07-25 10:24:27.044481+00,2026-07-25 10:24:27.044481+00,,,,,
f31208f7-0052-4481-8f0a-4e675e6585d2,935c20b4-4627-4b99-88f7-96b73cf3dff4,109f5eb9-8d0f-49a0-8161-dee097fb9b62,7,Vệ sinh công nghiệp,,dat_khong_dat,,"Sạch bụi, không côn trùng.","{""hang_muc"": ""Vệ sinh"", ""nhom_lon"": ""V. Vệ sinh""}",t,7,2026-07-25 10:24:27.044481+00,2026-07-25 10:24:27.044481+00,,,,,
c5e6edd9-ea13-4651-aaa2-cdb7768a3363,9c17c6d1-19c0-4e57-af4d-ebd9c4a00bb0,f6e8ca17-95df-4d84-bfba-287444d3ae83,1,Kiểm tra LED trạng thái,,dat_khong_dat,,"Đèn báo bình thường, không lỗi.","{""hang_muc"": ""LED"", ""nhom_lon"": ""I. Trạng thái""}",t,1,2026-07-25 10:24:27.044481+00,2026-07-25 10:24:27.044481+00,,,,,
d2107585-f306-4f76-b974-0f3326942f5c,9c17c6d1-19c0-4e57-af4d-ebd9c4a00bb0,f6e8ca17-95df-4d84-bfba-287444d3ae83,2,Kiểm tra SNR (dB),,so,,10,"{""max"": 15, ""min"": 8, ""don_vi"": ""dB"", ""hang_muc"": ""SNR"", ""nhom_lon"": ""II. Chất lượng tín hiệu""}",t,2,2026-07-25 10:24:27.044481+00,2026-07-25 10:24:27.044481+00,,,,,
ca9e9261-6ac8-40b3-9182-7c19ac7a7137,9c17c6d1-19c0-4e57-af4d-ebd9c4a00bb0,f6e8ca17-95df-4d84-bfba-287444d3ae83,3,Kiểm tra RX Power (dBm),,so,,-45,"{""max"": -30, ""min"": -60, ""don_vi"": ""dBm"", ""hang_muc"": ""RX Power"", ""nhom_lon"": ""II. Chất lượng tín hiệu""}",t,3,2026-07-25 10:24:27.044481+00,2026-07-25 10:24:27.044481+00,,,,,
b1f593b6-5557-482c-a5db-a6d3b43a85c6,9c17c6d1-19c0-4e57-af4d-ebd9c4a00bb0,f6e8ca17-95df-4d84-bfba-287444d3ae83,4,Kiểm tra kết nối mạng LAN,,dat_khong_dat,,"Ping OK, throughput đạt.","{""hang_muc"": ""LAN"", ""nhom_lon"": ""III. Mạng""}",t,4,2026-07-25 10:24:27.044481+00,2026-07-25 10:24:27.044481+00,,,,,
d4bfdfd1-36e7-4f13-a7e1-488f4d9cb0d6,9c17c6d1-19c0-4e57-af4d-ebd9c4a00bb0,f6e8ca17-95df-4d84-bfba-287444d3ae83,5,Kiểm tra cấu hình,,dat_khong_dat,,"Cấu hình đúng, có backup.","{""hang_muc"": ""Config"", ""nhom_lon"": ""IV. Cấu hình""}",t,5,2026-07-25 10:24:27.044481+00,2026-07-25 10:24:27.044481+00,,,,,
66c8abb8-bc0c-42a0-978a-b589b4e8733a,9c17c6d1-19c0-4e57-af4d-ebd9c4a00bb0,f6e8ca17-95df-4d84-bfba-287444d3ae83,6,Cập nhật firmware (nếu có),,dat_khong_dat,,Đúng phiên bản khuyến nghị.,"{""hang_muc"": ""Firmware"", ""nhom_lon"": ""IV. Cấu hình""}",f,6,2026-07-25 10:24:27.044481+00,2026-07-25 10:24:27.044481+00,,,,,
763b4ec9-bfd3-459b-a066-d1d7d2c4db26,9c17c6d1-19c0-4e57-af4d-ebd9c4a00bb0,f6e8ca17-95df-4d84-bfba-287444d3ae83,7,Kiểm tra nguồn cấp,,dat_khong_dat,,Nguồn ổn định.,"{""hang_muc"": ""Nguồn cấp"", ""nhom_lon"": ""V. Nguồn""}",t,7,2026-07-25 10:24:27.044481+00,2026-07-25 10:24:27.044481+00,,,,,
e9bbc9e0-9ec4-4903-a20c-e7adf007a3e0,9c17c6d1-19c0-4e57-af4d-ebd9c4a00bb0,f6e8ca17-95df-4d84-bfba-287444d3ae83,8,Sao lưu cấu hình,,dat_khong_dat,,File backup lưu đúng nơi quy định.,"{""hang_muc"": ""Backup"", ""nhom_lon"": ""IV. Cấu hình""}",t,8,2026-07-25 10:24:27.044481+00,2026-07-25 10:24:27.044481+00,,,,,
37bc9bd7-a23f-4954-b586-1144d2b8bdf2,9c17c6d1-19c0-4e57-af4d-ebd9c4a00bb0,f6e8ca17-95df-4d84-bfba-287444d3ae83,9,Vệ sinh công nghiệp,,dat_khong_dat,,"Thiết bị sạch, thoáng.","{""hang_muc"": ""Vệ sinh"", ""nhom_lon"": ""VI. Vệ sinh""}",t,9,2026-07-25 10:24:27.044481+00,2026-07-25 10:24:27.044481+00,,,,,
890070af-4132-482b-8d9c-09c71abfd7d4,aab29073-d128-405a-9fae-e7976b01cb02,4db20bf6-4e1f-4727-9787-465a7df32741,1,Kiểm tra LED trạng thái các port,,dat_khong_dat,,Đèn báo đúng trạng thái link/act.,"{""hang_muc"": ""LED port"", ""nhom_lon"": ""I. Trạng thái""}",t,1,2026-07-25 10:24:27.044481+00,2026-07-25 10:24:27.044481+00,,,,,
566d9eb2-f966-4db5-9da4-752e74aa8817,aab29073-d128-405a-9fae-e7976b01cb02,4db20bf6-4e1f-4727-9787-465a7df32741,2,Kiểm tra nhiệt độ CPU (°C),,so,,55,"{""max"": 70, ""min"": 20, ""don_vi"": ""°C"", ""hang_muc"": ""Nhiệt độ CPU"", ""nhom_lon"": ""II. Sức khoẻ""}",t,2,2026-07-25 10:24:27.044481+00,2026-07-25 10:24:27.044481+00,,,,,
e2a66567-524d-4455-96a8-3bbae9b435fd,aab29073-d128-405a-9fae-e7976b01cb02,4db20bf6-4e1f-4727-9787-465a7df32741,3,Kiểm tra CPU load (%),,so,,30,"{""max"": 80, ""min"": 0, ""don_vi"": ""%"", ""hang_muc"": ""CPU load"", ""nhom_lon"": ""II. Sức khoẻ""}",t,3,2026-07-25 10:24:27.044481+00,2026-07-25 10:24:27.044481+00,,,,,
78f72b99-9d06-4062-b762-74e89d83e8a1,aab29073-d128-405a-9fae-e7976b01cb02,4db20bf6-4e1f-4727-9787-465a7df32741,4,Kiểm tra tình trạng các uplink,,dat_khong_dat,,"Uplink UP, không lỗi CRC.","{""hang_muc"": ""Uplink"", ""nhom_lon"": ""III. Mạng""}",t,4,2026-07-25 10:24:27.044481+00,2026-07-25 10:24:27.044481+00,,,,,
f66d4fab-704a-4ca0-8452-02d7134a5e75,aab29073-d128-405a-9fae-e7976b01cb02,4db20bf6-4e1f-4727-9787-465a7df32741,5,Sao lưu cấu hình,,dat_khong_dat,,File backup đúng vị trí.,"{""hang_muc"": ""Backup"", ""nhom_lon"": ""IV. Cấu hình""}",t,5,2026-07-25 10:24:27.044481+00,2026-07-25 10:24:27.044481+00,,,,,
7203b355-9e8b-488a-a7e2-ead671aa97de,aab29073-d128-405a-9fae-e7976b01cb02,4db20bf6-4e1f-4727-9787-465a7df32741,6,Kiểm tra nguồn cấp,,dat_khong_dat,,"Nguồn ổn định, quạt tốt.","{""hang_muc"": ""Nguồn cấp"", ""nhom_lon"": ""V. Nguồn""}",t,6,2026-07-25 10:24:27.044481+00,2026-07-25 10:24:27.044481+00,,,,,
f1e25c59-ee08-4eff-803a-64dcd696456a,aab29073-d128-405a-9fae-e7976b01cb02,4db20bf6-4e1f-4727-9787-465a7df32741,7,Vệ sinh công nghiệp,,dat_khong_dat,,"Thiết bị và tủ sạch, thoáng.","{""hang_muc"": ""Vệ sinh"", ""nhom_lon"": ""VI. Vệ sinh""}",t,7,2026-07-25 10:24:27.044481+00,2026-07-25 10:24:27.044481+00,,,,,
bbb215cc-a366-43a5-bfe7-6eb8ed21fc70,22890a38-5a8a-44dd-bd78-77a804a149b6,befe49ef-e82f-4084-936b-a0a84a7e8a73,AWOS02-S01-01,Kiểm tra & siết lại đầu nối cáp,Siết chặt các đầu nối,dat_khong_dat,,Chắc chắn,"{""cho_upload_anh"": true}",t,0,2026-07-25 15:50:15.94643+00,2026-07-25 15:50:15.94643+00,,,,,
5b2aa587-7ee0-444f-9c51-2a372aa3b204,22890a38-5a8a-44dd-bd78-77a804a149b6,befe49ef-e82f-4084-936b-a0a84a7e8a73,AWOS02-S01-02,Đo điện áp nguồn AC,Dùng đồng hồ đo,so,V,220 ± 22 V,,t,1,2026-07-25 15:50:15.94643+00,2026-07-25 15:50:15.94643+00,,,,,
b1df8693-eb30-4e00-98e7-01bf195bddb2,22890a38-5a8a-44dd-bd78-77a804a149b6,befe49ef-e82f-4084-936b-a0a84a7e8a73,AWOS02-S01-03,Kiểm tra dung lượng ắc quy UPS,Đọc thông số UPS,so,%,>= 80%,,t,2,2026-07-25 15:50:15.94643+00,2026-07-25 15:50:15.94643+00,,,,,
03e99c28-5265-47d1-bcac-e9eceabeeb6d,22890a38-5a8a-44dd-bd78-77a804a149b6,befe49ef-e82f-4084-936b-a0a84a7e8a73,AWOS02-S01-04,Vệ sinh bộ lọc quạt tản nhiệt,Tháo và vệ sinh,dat_khong_dat,,"Sạch, thông thoáng",,f,3,2026-07-25 15:50:15.94643+00,2026-07-25 15:50:15.94643+00,,,,,
052220f2-c9b5-44b8-bdf0-8e8f2e7cfa15,22890a38-5a8a-44dd-bd78-77a804a149b6,befe49ef-e82f-4084-936b-a0a84a7e8a73,AWOS02-S01-05,Kiểm tra đồng bộ thời gian hệ thống,Đối chiếu nguồn thời gian chuẩn,dat_khong_dat,,Đồng bộ,,t,4,2026-07-25 15:50:15.94643+00,2026-07-25 15:50:15.94643+00,,,,,
139802be-9d95-4692-8eeb-bbecf5872c17,22890a38-5a8a-44dd-bd78-77a804a149b6,befe49ef-e82f-4084-936b-a0a84a7e8a73,AWOS02-S01-06,Sao lưu dữ liệu cấu hình,Lưu ra thiết bị an toàn,dat_khong_dat,,Đã sao lưu,,t,5,2026-07-25 15:50:15.94643+00,2026-07-25 15:50:15.94643+00,,,,,
04e149e7-0db3-4a8b-b995-bdfab29c44ef,22890a38-5a8a-44dd-bd78-77a804a149b6,befe49ef-e82f-4084-936b-a0a84a7e8a73,AWOS02-S01-07,Kiểm tra hiển thị số liệu màn hình khai thác,Quan sát màn hình,dat_khong_dat,,Hiển thị đầy đủ,,t,6,2026-07-25 15:50:15.94643+00,2026-07-25 15:50:15.94643+00,,,,,
