role,module,action,allowed,updated_at,updated_by
admin,thiet_bi,view,t,2026-07-14 08:18:51.879439+00,
phong_kt,thiet_bi,view,t,2026-07-14 08:18:51.879439+00,
phu_trach_dv,thiet_bi,view,t,2026-07-14 08:18:51.879439+00,
ktv,thiet_bi,view,t,2026-07-14 08:18:51.879439+00,
readonly,thiet_bi,view,t,2026-07-14 08:18:51.879439+00,
quan_ly_du_an,thiet_bi,view,t,2026-07-14 08:18:51.879439+00,
to_truong,thiet_bi,view,t,2026-07-14 08:18:51.879439+00,
admin,thiet_bi,create,t,2026-07-14 08:18:51.879439+00,
phong_kt,thiet_bi,create,t,2026-07-14 08:18:51.879439+00,
phu_trach_dv,thiet_bi,create,t,2026-07-14 08:18:51.879439+00,
ktv,thiet_bi,create,t,2026-07-14 08:18:51.879439+00,
readonly,thiet_bi,create,f,2026-07-14 08:18:51.879439+00,
quan_ly_du_an,thiet_bi,create,t,2026-07-14 08:18:51.879439+00,
to_truong,thiet_bi,create,t,2026-07-14 08:18:51.879439+00,
admin,thiet_bi,edit,t,2026-07-14 08:18:51.879439+00,
phong_kt,thiet_bi,edit,t,2026-07-14 08:18:51.879439+00,
phu_trach_dv,thiet_bi,edit,t,2026-07-14 08:18:51.879439+00,
ktv,thiet_bi,edit,t,2026-07-14 08:18:51.879439+00,
readonly,thiet_bi,edit,f,2026-07-14 08:18:51.879439+00,
quan_ly_du_an,thiet_bi,edit,t,2026-07-14 08:18:51.879439+00,
to_truong,thiet_bi,edit,t,2026-07-14 08:18:51.879439+00,
admin,thiet_bi,delete,t,2026-07-14 08:18:51.879439+00,
phong_kt,thiet_bi,delete,t,2026-07-14 08:18:51.879439+00,
phu_trach_dv,thiet_bi,delete,f,2026-07-14 08:18:51.879439+00,
ktv,thiet_bi,delete,f,2026-07-14 08:18:51.879439+00,
readonly,thiet_bi,delete,f,2026-07-14 08:18:51.879439+00,
quan_ly_du_an,thiet_bi,delete,f,2026-07-14 08:18:51.879439+00,
to_truong,thiet_bi,delete,f,2026-07-14 08:18:51.879439+00,
admin,thiet_bi,approve,t,2026-07-14 08:18:51.879439+00,
phong_kt,thiet_bi,approve,t,2026-07-14 08:18:51.879439+00,
phu_trach_dv,thiet_bi,approve,t,2026-07-14 08:18:51.879439+00,
ktv,thiet_bi,approve,f,2026-07-14 08:18:51.879439+00,
readonly,thiet_bi,approve,f,2026-07-14 08:18:51.879439+00,
quan_ly_du_an,thiet_bi,approve,t,2026-07-14 08:18:51.879439+00,
to_truong,thiet_bi,approve,f,2026-07-14 08:18:51.879439+00,
admin,thiet_bi,export,t,2026-07-14 08:18:51.879439+00,
phong_kt,thiet_bi,export,t,2026-07-14 08:18:51.879439+00,
phu_trach_dv,thiet_bi,export,t,2026-07-14 08:18:51.879439+00,
ktv,thiet_bi,export,f,2026-07-14 08:18:51.879439+00,
readonly,thiet_bi,export,f,2026-07-14 08:18:51.879439+00,
quan_ly_du_an,thiet_bi,export,t,2026-07-14 08:18:51.879439+00,
to_truong,thiet_bi,export,t,2026-07-14 08:18:51.879439+00,
admin,thiet_bi,import,t,2026-07-14 08:18:51.879439+00,
phong_kt,thiet_bi,import,t,2026-07-14 08:18:51.879439+00,
phu_trach_dv,thiet_bi,import,f,2026-07-14 08:18:51.879439+00,
ktv,thiet_bi,import,f,2026-07-14 08:18:51.879439+00,
readonly,thiet_bi,import,f,2026-07-14 08:18:51.879439+00,
quan_ly_du_an,thiet_bi,import,f,2026-07-14 08:18:51.879439+00,
to_truong,thiet_bi,import,f,2026-07-14 08:18:51.879439+00,
admin,he_thong,view,t,2026-07-14 08:18:51.879439+00,
phong_kt,he_thong,view,t,2026-07-14 08:18:51.879439+00,
phu_trach_dv,he_thong,view,t,2026-07-14 08:18:51.879439+00,
ktv,he_thong,view,f,2026-07-14 08:18:51.879439+00,
readonly,he_thong,view,t,2026-07-14 08:18:51.879439+00,
quan_ly_du_an,he_thong,view,t,2026-07-14 08:18:51.879439+00,
to_truong,he_thong,view,t,2026-07-14 08:18:51.879439+00,
admin,he_thong,create,t,2026-07-14 08:18:51.879439+00,
phong_kt,he_thong,create,t,2026-07-14 08:18:51.879439+00,
phu_trach_dv,he_thong,create,t,2026-07-14 08:18:51.879439+00,
ktv,he_thong,create,f,2026-07-14 08:18:51.879439+00,
readonly,he_thong,create,f,2026-07-14 08:18:51.879439+00,
quan_ly_du_an,he_thong,create,t,2026-07-14 08:18:51.879439+00,
to_truong,he_thong,create,t,2026-07-14 08:18:51.879439+00,
admin,he_thong,edit,t,2026-07-14 08:18:51.879439+00,
phong_kt,he_thong,edit,t,2026-07-14 08:18:51.879439+00,
phu_trach_dv,he_thong,edit,t,2026-07-14 08:18:51.879439+00,
ktv,he_thong,edit,f,2026-07-14 08:18:51.879439+00,
readonly,he_thong,edit,f,2026-07-14 08:18:51.879439+00,
quan_ly_du_an,he_thong,edit,t,2026-07-14 08:18:51.879439+00,
to_truong,he_thong,edit,t,2026-07-14 08:18:51.879439+00,
admin,he_thong,delete,t,2026-07-14 08:18:51.879439+00,
phong_kt,he_thong,delete,t,2026-07-14 08:18:51.879439+00,
phu_trach_dv,he_thong,delete,f,2026-07-14 08:18:51.879439+00,
ktv,he_thong,delete,f,2026-07-14 08:18:51.879439+00,
readonly,he_thong,delete,f,2026-07-14 08:18:51.879439+00,
quan_ly_du_an,he_thong,delete,f,2026-07-14 08:18:51.879439+00,
to_truong,he_thong,delete,f,2026-07-14 08:18:51.879439+00,
admin,he_thong,approve,t,2026-07-14 08:18:51.879439+00,
phong_kt,he_thong,approve,t,2026-07-14 08:18:51.879439+00,
phu_trach_dv,he_thong,approve,t,2026-07-14 08:18:51.879439+00,
ktv,he_thong,approve,f,2026-07-14 08:18:51.879439+00,
readonly,he_thong,approve,f,2026-07-14 08:18:51.879439+00,
quan_ly_du_an,he_thong,approve,t,2026-07-14 08:18:51.879439+00,
to_truong,he_thong,approve,f,2026-07-14 08:18:51.879439+00,
admin,he_thong,export,t,2026-07-14 08:18:51.879439+00,
phong_kt,he_thong,export,t,2026-07-14 08:18:51.879439+00,
phu_trach_dv,he_thong,export,t,2026-07-14 08:18:51.879439+00,
ktv,he_thong,export,f,2026-07-14 08:18:51.879439+00,
readonly,he_thong,export,f,2026-07-14 08:18:51.879439+00,
quan_ly_du_an,he_thong,export,t,2026-07-14 08:18:51.879439+00,
to_truong,he_thong,export,t,2026-07-14 08:18:51.879439+00,
admin,he_thong,import,t,2026-07-14 08:18:51.879439+00,
phong_kt,he_thong,import,t,2026-07-14 08:18:51.879439+00,
phu_trach_dv,he_thong,import,f,2026-07-14 08:18:51.879439+00,
ktv,he_thong,import,f,2026-07-14 08:18:51.879439+00,
readonly,he_thong,import,f,2026-07-14 08:18:51.879439+00,
quan_ly_du_an,he_thong,import,f,2026-07-14 08:18:51.879439+00,
to_truong,he_thong,import,f,2026-07-14 08:18:51.879439+00,
admin,su_co,view,t,2026-07-14 08:18:51.879439+00,
phong_kt,su_co,view,t,2026-07-14 08:18:51.879439+00,
phu_trach_dv,su_co,view,t,2026-07-14 08:18:51.879439+00,
ktv,su_co,view,t,2026-07-14 08:18:51.879439+00,
readonly,su_co,view,t,2026-07-14 08:18:51.879439+00,
quan_ly_du_an,su_co,view,f,2026-07-14 08:18:51.879439+00,
to_truong,su_co,view,t,2026-07-14 08:18:51.879439+00,
admin,su_co,create,t,2026-07-14 08:18:51.879439+00,
phong_kt,su_co,create,t,2026-07-14 08:18:51.879439+00,
phu_trach_dv,su_co,create,t,2026-07-14 08:18:51.879439+00,
ktv,su_co,create,t,2026-07-14 08:18:51.879439+00,
readonly,su_co,create,f,2026-07-14 08:18:51.879439+00,
quan_ly_du_an,su_co,create,f,2026-07-14 08:18:51.879439+00,
to_truong,su_co,create,t,2026-07-14 08:18:51.879439+00,
admin,su_co,edit,t,2026-07-14 08:18:51.879439+00,
phong_kt,su_co,edit,t,2026-07-14 08:18:51.879439+00,
phu_trach_dv,su_co,edit,t,2026-07-14 08:18:51.879439+00,
ktv,su_co,edit,t,2026-07-14 08:18:51.879439+00,
readonly,su_co,edit,f,2026-07-14 08:18:51.879439+00,
quan_ly_du_an,su_co,edit,f,2026-07-14 08:18:51.879439+00,
to_truong,su_co,edit,t,2026-07-14 08:18:51.879439+00,
admin,su_co,delete,t,2026-07-14 08:18:51.879439+00,
phong_kt,su_co,delete,t,2026-07-14 08:18:51.879439+00,
phu_trach_dv,su_co,delete,f,2026-07-14 08:18:51.879439+00,
ktv,su_co,delete,f,2026-07-14 08:18:51.879439+00,
readonly,su_co,delete,f,2026-07-14 08:18:51.879439+00,
quan_ly_du_an,su_co,delete,f,2026-07-14 08:18:51.879439+00,
to_truong,su_co,delete,f,2026-07-14 08:18:51.879439+00,
admin,su_co,approve,t,2026-07-14 08:18:51.879439+00,
phong_kt,su_co,approve,t,2026-07-14 08:18:51.879439+00,
phu_trach_dv,su_co,approve,t,2026-07-14 08:18:51.879439+00,
ktv,su_co,approve,f,2026-07-14 08:18:51.879439+00,
readonly,su_co,approve,f,2026-07-14 08:18:51.879439+00,
quan_ly_du_an,su_co,approve,f,2026-07-14 08:18:51.879439+00,
to_truong,su_co,approve,f,2026-07-14 08:18:51.879439+00,
admin,su_co,export,t,2026-07-14 08:18:51.879439+00,
phong_kt,su_co,export,t,2026-07-14 08:18:51.879439+00,
phu_trach_dv,su_co,export,t,2026-07-14 08:18:51.879439+00,
ktv,su_co,export,f,2026-07-14 08:18:51.879439+00,
readonly,su_co,export,f,2026-07-14 08:18:51.879439+00,
quan_ly_du_an,su_co,export,f,2026-07-14 08:18:51.879439+00,
to_truong,su_co,export,t,2026-07-14 08:18:51.879439+00,
admin,su_co,import,t,2026-07-14 08:18:51.879439+00,
phong_kt,su_co,import,t,2026-07-14 08:18:51.879439+00,
phu_trach_dv,su_co,import,f,2026-07-14 08:18:51.879439+00,
ktv,su_co,import,f,2026-07-14 08:18:51.879439+00,
readonly,su_co,import,f,2026-07-14 08:18:51.879439+00,
quan_ly_du_an,su_co,import,f,2026-07-14 08:18:51.879439+00,
to_truong,su_co,import,f,2026-07-14 08:18:51.879439+00,
admin,bao_tri,view,t,2026-07-14 08:18:51.879439+00,
phong_kt,bao_tri,view,t,2026-07-14 08:18:51.879439+00,
phu_trach_dv,bao_tri,view,t,2026-07-14 08:18:51.879439+00,
ktv,bao_tri,view,t,2026-07-14 08:18:51.879439+00,
readonly,bao_tri,view,t,2026-07-14 08:18:51.879439+00,
quan_ly_du_an,bao_tri,view,f,2026-07-14 08:18:51.879439+00,
to_truong,bao_tri,view,t,2026-07-14 08:18:51.879439+00,
admin,bao_tri,create,t,2026-07-14 08:18:51.879439+00,
phong_kt,bao_tri,create,t,2026-07-14 08:18:51.879439+00,
phu_trach_dv,bao_tri,create,t,2026-07-14 08:18:51.879439+00,
ktv,bao_tri,create,t,2026-07-14 08:18:51.879439+00,
readonly,bao_tri,create,f,2026-07-14 08:18:51.879439+00,
quan_ly_du_an,bao_tri,create,f,2026-07-14 08:18:51.879439+00,
to_truong,bao_tri,create,t,2026-07-14 08:18:51.879439+00,
admin,bao_tri,edit,t,2026-07-14 08:18:51.879439+00,
phong_kt,bao_tri,edit,t,2026-07-14 08:18:51.879439+00,
phu_trach_dv,bao_tri,edit,t,2026-07-14 08:18:51.879439+00,
ktv,bao_tri,edit,t,2026-07-14 08:18:51.879439+00,
readonly,bao_tri,edit,f,2026-07-14 08:18:51.879439+00,
quan_ly_du_an,bao_tri,edit,f,2026-07-14 08:18:51.879439+00,
to_truong,bao_tri,edit,t,2026-07-14 08:18:51.879439+00,
admin,bao_tri,delete,t,2026-07-14 08:18:51.879439+00,
phong_kt,bao_tri,delete,t,2026-07-14 08:18:51.879439+00,
phu_trach_dv,bao_tri,delete,f,2026-07-14 08:18:51.879439+00,
ktv,bao_tri,delete,f,2026-07-14 08:18:51.879439+00,
readonly,bao_tri,delete,f,2026-07-14 08:18:51.879439+00,
quan_ly_du_an,bao_tri,delete,f,2026-07-14 08:18:51.879439+00,
to_truong,bao_tri,delete,f,2026-07-14 08:18:51.879439+00,
admin,bao_tri,approve,t,2026-07-14 08:18:51.879439+00,
phong_kt,bao_tri,approve,t,2026-07-14 08:18:51.879439+00,
phu_trach_dv,bao_tri,approve,t,2026-07-14 08:18:51.879439+00,
ktv,bao_tri,approve,f,2026-07-14 08:18:51.879439+00,
readonly,bao_tri,approve,f,2026-07-14 08:18:51.879439+00,
quan_ly_du_an,bao_tri,approve,f,2026-07-14 08:18:51.879439+00,
to_truong,bao_tri,approve,f,2026-07-14 08:18:51.879439+00,
admin,bao_tri,export,t,2026-07-14 08:18:51.879439+00,
phong_kt,bao_tri,export,t,2026-07-14 08:18:51.879439+00,
phu_trach_dv,bao_tri,export,t,2026-07-14 08:18:51.879439+00,
ktv,bao_tri,export,f,2026-07-14 08:18:51.879439+00,
readonly,bao_tri,export,f,2026-07-14 08:18:51.879439+00,
quan_ly_du_an,bao_tri,export,f,2026-07-14 08:18:51.879439+00,
to_truong,bao_tri,export,t,2026-07-14 08:18:51.879439+00,
admin,bao_tri,import,t,2026-07-14 08:18:51.879439+00,
phong_kt,bao_tri,import,t,2026-07-14 08:18:51.879439+00,
phu_trach_dv,bao_tri,import,f,2026-07-14 08:18:51.879439+00,
ktv,bao_tri,import,f,2026-07-14 08:18:51.879439+00,
readonly,bao_tri,import,f,2026-07-14 08:18:51.879439+00,
quan_ly_du_an,bao_tri,import,f,2026-07-14 08:18:51.879439+00,
to_truong,bao_tri,import,f,2026-07-14 08:18:51.879439+00,
admin,kiem_ke,view,t,2026-07-14 08:18:51.879439+00,
phong_kt,kiem_ke,view,t,2026-07-14 08:18:51.879439+00,
phu_trach_dv,kiem_ke,view,t,2026-07-14 08:18:51.879439+00,
ktv,kiem_ke,view,t,2026-07-14 08:18:51.879439+00,
readonly,kiem_ke,view,t,2026-07-14 08:18:51.879439+00,
quan_ly_du_an,kiem_ke,view,f,2026-07-14 08:18:51.879439+00,
to_truong,kiem_ke,view,t,2026-07-14 08:18:51.879439+00,
admin,kiem_ke,create,t,2026-07-14 08:18:51.879439+00,
phong_kt,kiem_ke,create,t,2026-07-14 08:18:51.879439+00,
phu_trach_dv,kiem_ke,create,t,2026-07-14 08:18:51.879439+00,
ktv,kiem_ke,create,t,2026-07-14 08:18:51.879439+00,
readonly,kiem_ke,create,f,2026-07-14 08:18:51.879439+00,
quan_ly_du_an,kiem_ke,create,f,2026-07-14 08:18:51.879439+00,
to_truong,kiem_ke,create,t,2026-07-14 08:18:51.879439+00,
admin,kiem_ke,edit,t,2026-07-14 08:18:51.879439+00,
phong_kt,kiem_ke,edit,t,2026-07-14 08:18:51.879439+00,
phu_trach_dv,kiem_ke,edit,t,2026-07-14 08:18:51.879439+00,
ktv,kiem_ke,edit,t,2026-07-14 08:18:51.879439+00,
readonly,kiem_ke,edit,f,2026-07-14 08:18:51.879439+00,
quan_ly_du_an,kiem_ke,edit,f,2026-07-14 08:18:51.879439+00,
to_truong,kiem_ke,edit,t,2026-07-14 08:18:51.879439+00,
admin,kiem_ke,delete,t,2026-07-14 08:18:51.879439+00,
phong_kt,kiem_ke,delete,t,2026-07-14 08:18:51.879439+00,
phu_trach_dv,kiem_ke,delete,f,2026-07-14 08:18:51.879439+00,
ktv,kiem_ke,delete,f,2026-07-14 08:18:51.879439+00,
readonly,kiem_ke,delete,f,2026-07-14 08:18:51.879439+00,
quan_ly_du_an,kiem_ke,delete,f,2026-07-14 08:18:51.879439+00,
to_truong,kiem_ke,delete,f,2026-07-14 08:18:51.879439+00,
admin,kiem_ke,approve,t,2026-07-14 08:18:51.879439+00,
phong_kt,kiem_ke,approve,t,2026-07-14 08:18:51.879439+00,
phu_trach_dv,kiem_ke,approve,t,2026-07-14 08:18:51.879439+00,
ktv,kiem_ke,approve,f,2026-07-14 08:18:51.879439+00,
readonly,kiem_ke,approve,f,2026-07-14 08:18:51.879439+00,
quan_ly_du_an,kiem_ke,approve,f,2026-07-14 08:18:51.879439+00,
to_truong,kiem_ke,approve,f,2026-07-14 08:18:51.879439+00,
admin,kiem_ke,export,t,2026-07-14 08:18:51.879439+00,
phong_kt,kiem_ke,export,t,2026-07-14 08:18:51.879439+00,
phu_trach_dv,kiem_ke,export,t,2026-07-14 08:18:51.879439+00,
ktv,kiem_ke,export,f,2026-07-14 08:18:51.879439+00,
readonly,kiem_ke,export,f,2026-07-14 08:18:51.879439+00,
quan_ly_du_an,kiem_ke,export,f,2026-07-14 08:18:51.879439+00,
to_truong,kiem_ke,export,t,2026-07-14 08:18:51.879439+00,
admin,kiem_ke,import,t,2026-07-14 08:18:51.879439+00,
phong_kt,kiem_ke,import,t,2026-07-14 08:18:51.879439+00,
phu_trach_dv,kiem_ke,import,f,2026-07-14 08:18:51.879439+00,
ktv,kiem_ke,import,f,2026-07-14 08:18:51.879439+00,
readonly,kiem_ke,import,f,2026-07-14 08:18:51.879439+00,
quan_ly_du_an,kiem_ke,import,f,2026-07-14 08:18:51.879439+00,
to_truong,kiem_ke,import,f,2026-07-14 08:18:51.879439+00,
admin,giay_phep,view,t,2026-07-14 08:18:51.879439+00,
phong_kt,giay_phep,view,t,2026-07-14 08:18:51.879439+00,
phu_trach_dv,giay_phep,view,t,2026-07-14 08:18:51.879439+00,
ktv,giay_phep,view,f,2026-07-14 08:18:51.879439+00,
readonly,giay_phep,view,t,2026-07-14 08:18:51.879439+00,
quan_ly_du_an,giay_phep,view,f,2026-07-14 08:18:51.879439+00,
to_truong,giay_phep,view,f,2026-07-14 08:18:51.879439+00,
admin,giay_phep,create,t,2026-07-14 08:18:51.879439+00,
phong_kt,giay_phep,create,t,2026-07-14 08:18:51.879439+00,
phu_trach_dv,giay_phep,create,t,2026-07-14 08:18:51.879439+00,
ktv,giay_phep,create,f,2026-07-14 08:18:51.879439+00,
readonly,giay_phep,create,f,2026-07-14 08:18:51.879439+00,
quan_ly_du_an,giay_phep,create,f,2026-07-14 08:18:51.879439+00,
to_truong,giay_phep,create,f,2026-07-14 08:18:51.879439+00,
admin,giay_phep,edit,t,2026-07-14 08:18:51.879439+00,
phong_kt,giay_phep,edit,t,2026-07-14 08:18:51.879439+00,
phu_trach_dv,giay_phep,edit,t,2026-07-14 08:18:51.879439+00,
ktv,giay_phep,edit,f,2026-07-14 08:18:51.879439+00,
readonly,giay_phep,edit,f,2026-07-14 08:18:51.879439+00,
quan_ly_du_an,giay_phep,edit,f,2026-07-14 08:18:51.879439+00,
to_truong,giay_phep,edit,f,2026-07-14 08:18:51.879439+00,
admin,giay_phep,delete,t,2026-07-14 08:18:51.879439+00,
phong_kt,giay_phep,delete,t,2026-07-14 08:18:51.879439+00,
phu_trach_dv,giay_phep,delete,f,2026-07-14 08:18:51.879439+00,
ktv,giay_phep,delete,f,2026-07-14 08:18:51.879439+00,
readonly,giay_phep,delete,f,2026-07-14 08:18:51.879439+00,
quan_ly_du_an,giay_phep,delete,f,2026-07-14 08:18:51.879439+00,
to_truong,giay_phep,delete,f,2026-07-14 08:18:51.879439+00,
admin,giay_phep,approve,t,2026-07-14 08:18:51.879439+00,
phong_kt,giay_phep,approve,t,2026-07-14 08:18:51.879439+00,
phu_trach_dv,giay_phep,approve,t,2026-07-14 08:18:51.879439+00,
ktv,giay_phep,approve,f,2026-07-14 08:18:51.879439+00,
readonly,giay_phep,approve,f,2026-07-14 08:18:51.879439+00,
quan_ly_du_an,giay_phep,approve,f,2026-07-14 08:18:51.879439+00,
to_truong,giay_phep,approve,f,2026-07-14 08:18:51.879439+00,
admin,giay_phep,export,t,2026-07-14 08:18:51.879439+00,
phong_kt,giay_phep,export,t,2026-07-14 08:18:51.879439+00,
phu_trach_dv,giay_phep,export,t,2026-07-14 08:18:51.879439+00,
ktv,giay_phep,export,f,2026-07-14 08:18:51.879439+00,
readonly,giay_phep,export,f,2026-07-14 08:18:51.879439+00,
quan_ly_du_an,giay_phep,export,f,2026-07-14 08:18:51.879439+00,
to_truong,giay_phep,export,f,2026-07-14 08:18:51.879439+00,
admin,giay_phep,import,t,2026-07-14 08:18:51.879439+00,
phong_kt,giay_phep,import,t,2026-07-14 08:18:51.879439+00,
phu_trach_dv,giay_phep,import,f,2026-07-14 08:18:51.879439+00,
ktv,giay_phep,import,f,2026-07-14 08:18:51.879439+00,
readonly,giay_phep,import,f,2026-07-14 08:18:51.879439+00,
quan_ly_du_an,giay_phep,import,f,2026-07-14 08:18:51.879439+00,
to_truong,giay_phep,import,f,2026-07-14 08:18:51.879439+00,
admin,so_do,view,t,2026-07-14 08:18:51.879439+00,
phong_kt,so_do,view,t,2026-07-14 08:18:51.879439+00,
phu_trach_dv,so_do,view,t,2026-07-14 08:18:51.879439+00,
ktv,so_do,view,t,2026-07-14 08:18:51.879439+00,
readonly,so_do,view,t,2026-07-14 08:18:51.879439+00,
quan_ly_du_an,so_do,view,f,2026-07-14 08:18:51.879439+00,
to_truong,so_do,view,t,2026-07-14 08:18:51.879439+00,
admin,so_do,create,t,2026-07-14 08:18:51.879439+00,
phong_kt,so_do,create,f,2026-07-14 08:18:51.879439+00,
phu_trach_dv,so_do,create,t,2026-07-14 08:18:51.879439+00,
ktv,so_do,create,t,2026-07-14 08:18:51.879439+00,
readonly,so_do,create,f,2026-07-14 08:18:51.879439+00,
quan_ly_du_an,so_do,create,f,2026-07-14 08:18:51.879439+00,
to_truong,so_do,create,t,2026-07-14 08:18:51.879439+00,
admin,so_do,edit,t,2026-07-14 08:18:51.879439+00,
phong_kt,so_do,edit,f,2026-07-14 08:18:51.879439+00,
phu_trach_dv,so_do,edit,t,2026-07-14 08:18:51.879439+00,
ktv,so_do,edit,t,2026-07-14 08:18:51.879439+00,
readonly,so_do,edit,f,2026-07-14 08:18:51.879439+00,
quan_ly_du_an,so_do,edit,f,2026-07-14 08:18:51.879439+00,
to_truong,so_do,edit,t,2026-07-14 08:18:51.879439+00,
admin,so_do,delete,t,2026-07-14 08:18:51.879439+00,
phong_kt,so_do,delete,f,2026-07-14 08:18:51.879439+00,
phu_trach_dv,so_do,delete,f,2026-07-14 08:18:51.879439+00,
ktv,so_do,delete,f,2026-07-14 08:18:51.879439+00,
readonly,so_do,delete,f,2026-07-14 08:18:51.879439+00,
quan_ly_du_an,so_do,delete,f,2026-07-14 08:18:51.879439+00,
to_truong,so_do,delete,f,2026-07-14 08:18:51.879439+00,
admin,so_do,approve,t,2026-07-14 08:18:51.879439+00,
phong_kt,so_do,approve,t,2026-07-14 08:18:51.879439+00,
phu_trach_dv,so_do,approve,t,2026-07-14 08:18:51.879439+00,
ktv,so_do,approve,f,2026-07-14 08:18:51.879439+00,
readonly,so_do,approve,f,2026-07-14 08:18:51.879439+00,
quan_ly_du_an,so_do,approve,f,2026-07-14 08:18:51.879439+00,
to_truong,so_do,approve,f,2026-07-14 08:18:51.879439+00,
admin,so_do,export,t,2026-07-14 08:18:51.879439+00,
phong_kt,so_do,export,t,2026-07-14 08:18:51.879439+00,
phu_trach_dv,so_do,export,t,2026-07-14 08:18:51.879439+00,
ktv,so_do,export,f,2026-07-14 08:18:51.879439+00,
readonly,so_do,export,f,2026-07-14 08:18:51.879439+00,
quan_ly_du_an,so_do,export,f,2026-07-14 08:18:51.879439+00,
to_truong,so_do,export,t,2026-07-14 08:18:51.879439+00,
admin,so_do,import,t,2026-07-14 08:18:51.879439+00,
phong_kt,so_do,import,f,2026-07-14 08:18:51.879439+00,
phu_trach_dv,so_do,import,f,2026-07-14 08:18:51.879439+00,
ktv,so_do,import,f,2026-07-14 08:18:51.879439+00,
readonly,so_do,import,f,2026-07-14 08:18:51.879439+00,
quan_ly_du_an,so_do,import,f,2026-07-14 08:18:51.879439+00,
to_truong,so_do,import,f,2026-07-14 08:18:51.879439+00,
admin,du_an,view,t,2026-07-14 08:18:51.879439+00,
phong_kt,du_an,view,t,2026-07-14 08:18:51.879439+00,
phu_trach_dv,du_an,view,t,2026-07-14 08:18:51.879439+00,
ktv,du_an,view,f,2026-07-14 08:18:51.879439+00,
readonly,du_an,view,t,2026-07-14 08:18:51.879439+00,
quan_ly_du_an,du_an,view,t,2026-07-14 08:18:51.879439+00,
to_truong,du_an,view,f,2026-07-14 08:18:51.879439+00,
admin,du_an,create,t,2026-07-14 08:18:51.879439+00,
phong_kt,du_an,create,f,2026-07-14 08:18:51.879439+00,
phu_trach_dv,du_an,create,t,2026-07-14 08:18:51.879439+00,
ktv,du_an,create,f,2026-07-14 08:18:51.879439+00,
readonly,du_an,create,f,2026-07-14 08:18:51.879439+00,
quan_ly_du_an,du_an,create,t,2026-07-14 08:18:51.879439+00,
to_truong,du_an,create,f,2026-07-14 08:18:51.879439+00,
admin,du_an,edit,t,2026-07-14 08:18:51.879439+00,
phong_kt,du_an,edit,f,2026-07-14 08:18:51.879439+00,
phu_trach_dv,du_an,edit,t,2026-07-14 08:18:51.879439+00,
ktv,du_an,edit,f,2026-07-14 08:18:51.879439+00,
readonly,du_an,edit,f,2026-07-14 08:18:51.879439+00,
quan_ly_du_an,du_an,edit,t,2026-07-14 08:18:51.879439+00,
to_truong,du_an,edit,f,2026-07-14 08:18:51.879439+00,
admin,du_an,delete,t,2026-07-14 08:18:51.879439+00,
phong_kt,du_an,delete,f,2026-07-14 08:18:51.879439+00,
phu_trach_dv,du_an,delete,f,2026-07-14 08:18:51.879439+00,
ktv,du_an,delete,f,2026-07-14 08:18:51.879439+00,
readonly,du_an,delete,f,2026-07-14 08:18:51.879439+00,
quan_ly_du_an,du_an,delete,f,2026-07-14 08:18:51.879439+00,
to_truong,du_an,delete,f,2026-07-14 08:18:51.879439+00,
admin,du_an,approve,t,2026-07-14 08:18:51.879439+00,
phong_kt,du_an,approve,t,2026-07-14 08:18:51.879439+00,
phu_trach_dv,du_an,approve,t,2026-07-14 08:18:51.879439+00,
ktv,du_an,approve,f,2026-07-14 08:18:51.879439+00,
readonly,du_an,approve,f,2026-07-14 08:18:51.879439+00,
quan_ly_du_an,du_an,approve,t,2026-07-14 08:18:51.879439+00,
to_truong,du_an,approve,f,2026-07-14 08:18:51.879439+00,
admin,du_an,export,t,2026-07-14 08:18:51.879439+00,
phong_kt,du_an,export,t,2026-07-14 08:18:51.879439+00,
phu_trach_dv,du_an,export,t,2026-07-14 08:18:51.879439+00,
ktv,du_an,export,f,2026-07-14 08:18:51.879439+00,
readonly,du_an,export,f,2026-07-14 08:18:51.879439+00,
quan_ly_du_an,du_an,export,t,2026-07-14 08:18:51.879439+00,
to_truong,du_an,export,f,2026-07-14 08:18:51.879439+00,
admin,du_an,import,t,2026-07-14 08:18:51.879439+00,
phong_kt,du_an,import,f,2026-07-14 08:18:51.879439+00,
phu_trach_dv,du_an,import,f,2026-07-14 08:18:51.879439+00,
ktv,du_an,import,f,2026-07-14 08:18:51.879439+00,
readonly,du_an,import,f,2026-07-14 08:18:51.879439+00,
quan_ly_du_an,du_an,import,f,2026-07-14 08:18:51.879439+00,
to_truong,du_an,import,f,2026-07-14 08:18:51.879439+00,
admin,kho,view,t,2026-07-14 08:18:51.879439+00,
phong_kt,kho,view,t,2026-07-14 08:18:51.879439+00,
phu_trach_dv,kho,view,t,2026-07-14 08:18:51.879439+00,
ktv,kho,view,f,2026-07-14 08:18:51.879439+00,
readonly,kho,view,t,2026-07-14 08:18:51.879439+00,
quan_ly_du_an,kho,view,f,2026-07-14 08:18:51.879439+00,
to_truong,kho,view,t,2026-07-14 08:18:51.879439+00,
admin,kho,create,t,2026-07-14 08:18:51.879439+00,
phong_kt,kho,create,f,2026-07-14 08:18:51.879439+00,
phu_trach_dv,kho,create,t,2026-07-14 08:18:51.879439+00,
ktv,kho,create,f,2026-07-14 08:18:51.879439+00,
readonly,kho,create,f,2026-07-14 08:18:51.879439+00,
quan_ly_du_an,kho,create,f,2026-07-14 08:18:51.879439+00,
to_truong,kho,create,t,2026-07-14 08:18:51.879439+00,
admin,kho,edit,t,2026-07-14 08:18:51.879439+00,
phong_kt,kho,edit,f,2026-07-14 08:18:51.879439+00,
phu_trach_dv,kho,edit,t,2026-07-14 08:18:51.879439+00,
ktv,kho,edit,f,2026-07-14 08:18:51.879439+00,
readonly,kho,edit,f,2026-07-14 08:18:51.879439+00,
quan_ly_du_an,kho,edit,f,2026-07-14 08:18:51.879439+00,
to_truong,kho,edit,t,2026-07-14 08:18:51.879439+00,
admin,kho,delete,t,2026-07-14 08:18:51.879439+00,
phong_kt,kho,delete,f,2026-07-14 08:18:51.879439+00,
phu_trach_dv,kho,delete,f,2026-07-14 08:18:51.879439+00,
ktv,kho,delete,f,2026-07-14 08:18:51.879439+00,
readonly,kho,delete,f,2026-07-14 08:18:51.879439+00,
quan_ly_du_an,kho,delete,f,2026-07-14 08:18:51.879439+00,
to_truong,kho,delete,f,2026-07-14 08:18:51.879439+00,
admin,kho,approve,t,2026-07-14 08:18:51.879439+00,
phong_kt,kho,approve,t,2026-07-14 08:18:51.879439+00,
phu_trach_dv,kho,approve,t,2026-07-14 08:18:51.879439+00,
ktv,kho,approve,f,2026-07-14 08:18:51.879439+00,
readonly,kho,approve,f,2026-07-14 08:18:51.879439+00,
quan_ly_du_an,kho,approve,f,2026-07-14 08:18:51.879439+00,
to_truong,kho,approve,f,2026-07-14 08:18:51.879439+00,
admin,kho,export,t,2026-07-14 08:18:51.879439+00,
phong_kt,kho,export,t,2026-07-14 08:18:51.879439+00,
phu_trach_dv,kho,export,t,2026-07-14 08:18:51.879439+00,
ktv,kho,export,f,2026-07-14 08:18:51.879439+00,
readonly,kho,export,f,2026-07-14 08:18:51.879439+00,
quan_ly_du_an,kho,export,f,2026-07-14 08:18:51.879439+00,
to_truong,kho,export,t,2026-07-14 08:18:51.879439+00,
admin,kho,import,t,2026-07-14 08:18:51.879439+00,
phong_kt,kho,import,f,2026-07-14 08:18:51.879439+00,
phu_trach_dv,kho,import,f,2026-07-14 08:18:51.879439+00,
ktv,kho,import,f,2026-07-14 08:18:51.879439+00,
readonly,kho,import,f,2026-07-14 08:18:51.879439+00,
quan_ly_du_an,kho,import,f,2026-07-14 08:18:51.879439+00,
to_truong,kho,import,f,2026-07-14 08:18:51.879439+00,
admin,form_template,view,t,2026-07-14 08:18:51.879439+00,
phong_kt,form_template,view,t,2026-07-14 08:18:51.879439+00,
phu_trach_dv,form_template,view,t,2026-07-14 08:18:51.879439+00,
ktv,form_template,view,f,2026-07-14 08:18:51.879439+00,
readonly,form_template,view,t,2026-07-14 08:18:51.879439+00,
quan_ly_du_an,form_template,view,f,2026-07-14 08:18:51.879439+00,
to_truong,form_template,view,f,2026-07-14 08:18:51.879439+00,
admin,form_template,create,t,2026-07-14 08:18:51.879439+00,
phong_kt,form_template,create,f,2026-07-14 08:18:51.879439+00,
phu_trach_dv,form_template,create,t,2026-07-14 08:18:51.879439+00,
ktv,form_template,create,f,2026-07-14 08:18:51.879439+00,
readonly,form_template,create,f,2026-07-14 08:18:51.879439+00,
quan_ly_du_an,form_template,create,f,2026-07-14 08:18:51.879439+00,
to_truong,form_template,create,f,2026-07-14 08:18:51.879439+00,
admin,form_template,edit,t,2026-07-14 08:18:51.879439+00,
phong_kt,form_template,edit,f,2026-07-14 08:18:51.879439+00,
phu_trach_dv,form_template,edit,t,2026-07-14 08:18:51.879439+00,
ktv,form_template,edit,f,2026-07-14 08:18:51.879439+00,
readonly,form_template,edit,f,2026-07-14 08:18:51.879439+00,
quan_ly_du_an,form_template,edit,f,2026-07-14 08:18:51.879439+00,
to_truong,form_template,edit,f,2026-07-14 08:18:51.879439+00,
admin,form_template,delete,t,2026-07-14 08:18:51.879439+00,
phong_kt,form_template,delete,f,2026-07-14 08:18:51.879439+00,
phu_trach_dv,form_template,delete,f,2026-07-14 08:18:51.879439+00,
ktv,form_template,delete,f,2026-07-14 08:18:51.879439+00,
readonly,form_template,delete,f,2026-07-14 08:18:51.879439+00,
quan_ly_du_an,form_template,delete,f,2026-07-14 08:18:51.879439+00,
to_truong,form_template,delete,f,2026-07-14 08:18:51.879439+00,
admin,form_template,approve,t,2026-07-14 08:18:51.879439+00,
phong_kt,form_template,approve,t,2026-07-14 08:18:51.879439+00,
phu_trach_dv,form_template,approve,t,2026-07-14 08:18:51.879439+00,
ktv,form_template,approve,f,2026-07-14 08:18:51.879439+00,
readonly,form_template,approve,f,2026-07-14 08:18:51.879439+00,
quan_ly_du_an,form_template,approve,f,2026-07-14 08:18:51.879439+00,
to_truong,form_template,approve,f,2026-07-14 08:18:51.879439+00,
admin,form_template,export,t,2026-07-14 08:18:51.879439+00,
phong_kt,form_template,export,t,2026-07-14 08:18:51.879439+00,
phu_trach_dv,form_template,export,t,2026-07-14 08:18:51.879439+00,
ktv,form_template,export,f,2026-07-14 08:18:51.879439+00,
readonly,form_template,export,f,2026-07-14 08:18:51.879439+00,
quan_ly_du_an,form_template,export,f,2026-07-14 08:18:51.879439+00,
to_truong,form_template,export,f,2026-07-14 08:18:51.879439+00,
admin,form_template,import,t,2026-07-14 08:18:51.879439+00,
phong_kt,form_template,import,f,2026-07-14 08:18:51.879439+00,
phu_trach_dv,form_template,import,f,2026-07-14 08:18:51.879439+00,
ktv,form_template,import,f,2026-07-14 08:18:51.879439+00,
readonly,form_template,import,f,2026-07-14 08:18:51.879439+00,
quan_ly_du_an,form_template,import,f,2026-07-14 08:18:51.879439+00,
to_truong,form_template,import,f,2026-07-14 08:18:51.879439+00,
admin,danh_muc,view,t,2026-07-14 08:18:51.879439+00,
phong_kt,danh_muc,view,t,2026-07-14 08:18:51.879439+00,
phu_trach_dv,danh_muc,view,t,2026-07-14 08:18:51.879439+00,
ktv,danh_muc,view,f,2026-07-14 08:18:51.879439+00,
readonly,danh_muc,view,t,2026-07-14 08:18:51.879439+00,
quan_ly_du_an,danh_muc,view,f,2026-07-14 08:18:51.879439+00,
to_truong,danh_muc,view,f,2026-07-14 08:18:51.879439+00,
admin,danh_muc,create,t,2026-07-14 08:18:51.879439+00,
phong_kt,danh_muc,create,t,2026-07-14 08:18:51.879439+00,
phu_trach_dv,danh_muc,create,t,2026-07-14 08:18:51.879439+00,
ktv,danh_muc,create,f,2026-07-14 08:18:51.879439+00,
readonly,danh_muc,create,f,2026-07-14 08:18:51.879439+00,
quan_ly_du_an,danh_muc,create,f,2026-07-14 08:18:51.879439+00,
to_truong,danh_muc,create,f,2026-07-14 08:18:51.879439+00,
admin,danh_muc,edit,t,2026-07-14 08:18:51.879439+00,
phong_kt,danh_muc,edit,t,2026-07-14 08:18:51.879439+00,
phu_trach_dv,danh_muc,edit,t,2026-07-14 08:18:51.879439+00,
ktv,danh_muc,edit,f,2026-07-14 08:18:51.879439+00,
readonly,danh_muc,edit,f,2026-07-14 08:18:51.879439+00,
quan_ly_du_an,danh_muc,edit,f,2026-07-14 08:18:51.879439+00,
to_truong,danh_muc,edit,f,2026-07-14 08:18:51.879439+00,
admin,danh_muc,delete,t,2026-07-14 08:18:51.879439+00,
phong_kt,danh_muc,delete,t,2026-07-14 08:18:51.879439+00,
phu_trach_dv,danh_muc,delete,f,2026-07-14 08:18:51.879439+00,
ktv,danh_muc,delete,f,2026-07-14 08:18:51.879439+00,
readonly,danh_muc,delete,f,2026-07-14 08:18:51.879439+00,
quan_ly_du_an,danh_muc,delete,f,2026-07-14 08:18:51.879439+00,
to_truong,danh_muc,delete,f,2026-07-14 08:18:51.879439+00,
admin,danh_muc,approve,t,2026-07-14 08:18:51.879439+00,
phong_kt,danh_muc,approve,t,2026-07-14 08:18:51.879439+00,
phu_trach_dv,danh_muc,approve,t,2026-07-14 08:18:51.879439+00,
ktv,danh_muc,approve,f,2026-07-14 08:18:51.879439+00,
readonly,danh_muc,approve,f,2026-07-14 08:18:51.879439+00,
quan_ly_du_an,danh_muc,approve,f,2026-07-14 08:18:51.879439+00,
to_truong,danh_muc,approve,f,2026-07-14 08:18:51.879439+00,
admin,danh_muc,export,t,2026-07-14 08:18:51.879439+00,
phong_kt,danh_muc,export,t,2026-07-14 08:18:51.879439+00,
phu_trach_dv,danh_muc,export,t,2026-07-14 08:18:51.879439+00,
ktv,danh_muc,export,f,2026-07-14 08:18:51.879439+00,
readonly,danh_muc,export,f,2026-07-14 08:18:51.879439+00,
quan_ly_du_an,danh_muc,export,f,2026-07-14 08:18:51.879439+00,
to_truong,danh_muc,export,f,2026-07-14 08:18:51.879439+00,
admin,danh_muc,import,t,2026-07-14 08:18:51.879439+00,
phong_kt,danh_muc,import,t,2026-07-14 08:18:51.879439+00,
phu_trach_dv,danh_muc,import,f,2026-07-14 08:18:51.879439+00,
ktv,danh_muc,import,f,2026-07-14 08:18:51.879439+00,
readonly,danh_muc,import,f,2026-07-14 08:18:51.879439+00,
quan_ly_du_an,danh_muc,import,f,2026-07-14 08:18:51.879439+00,
to_truong,danh_muc,import,f,2026-07-14 08:18:51.879439+00,
admin,admin,view,t,2026-07-14 08:18:51.879439+00,
phong_kt,admin,view,t,2026-07-14 08:18:51.879439+00,
phu_trach_dv,admin,view,f,2026-07-14 08:18:51.879439+00,
ktv,admin,view,f,2026-07-14 08:18:51.879439+00,
readonly,admin,view,f,2026-07-14 08:18:51.879439+00,
quan_ly_du_an,admin,view,f,2026-07-14 08:18:51.879439+00,
to_truong,admin,view,f,2026-07-14 08:18:51.879439+00,
admin,admin,create,t,2026-07-14 08:18:51.879439+00,
phong_kt,admin,create,f,2026-07-14 08:18:51.879439+00,
phu_trach_dv,admin,create,f,2026-07-14 08:18:51.879439+00,
ktv,admin,create,f,2026-07-14 08:18:51.879439+00,
readonly,admin,create,f,2026-07-14 08:18:51.879439+00,
quan_ly_du_an,admin,create,f,2026-07-14 08:18:51.879439+00,
to_truong,admin,create,f,2026-07-14 08:18:51.879439+00,
admin,admin,edit,t,2026-07-14 08:18:51.879439+00,
phong_kt,admin,edit,f,2026-07-14 08:18:51.879439+00,
phu_trach_dv,admin,edit,f,2026-07-14 08:18:51.879439+00,
ktv,admin,edit,f,2026-07-14 08:18:51.879439+00,
readonly,admin,edit,f,2026-07-14 08:18:51.879439+00,
quan_ly_du_an,admin,edit,f,2026-07-14 08:18:51.879439+00,
to_truong,admin,edit,f,2026-07-14 08:18:51.879439+00,
admin,admin,delete,t,2026-07-14 08:18:51.879439+00,
phong_kt,admin,delete,f,2026-07-14 08:18:51.879439+00,
phu_trach_dv,admin,delete,f,2026-07-14 08:18:51.879439+00,
ktv,admin,delete,f,2026-07-14 08:18:51.879439+00,
readonly,admin,delete,f,2026-07-14 08:18:51.879439+00,
quan_ly_du_an,admin,delete,f,2026-07-14 08:18:51.879439+00,
to_truong,admin,delete,f,2026-07-14 08:18:51.879439+00,
admin,admin,approve,t,2026-07-14 08:18:51.879439+00,
phong_kt,admin,approve,t,2026-07-14 08:18:51.879439+00,
phu_trach_dv,admin,approve,f,2026-07-14 08:18:51.879439+00,
ktv,admin,approve,f,2026-07-14 08:18:51.879439+00,
readonly,admin,approve,f,2026-07-14 08:18:51.879439+00,
quan_ly_du_an,admin,approve,f,2026-07-14 08:18:51.879439+00,
to_truong,admin,approve,f,2026-07-14 08:18:51.879439+00,
admin,admin,export,t,2026-07-14 08:18:51.879439+00,
phong_kt,admin,export,t,2026-07-14 08:18:51.879439+00,
phu_trach_dv,admin,export,f,2026-07-14 08:18:51.879439+00,
ktv,admin,export,f,2026-07-14 08:18:51.879439+00,
readonly,admin,export,f,2026-07-14 08:18:51.879439+00,
quan_ly_du_an,admin,export,f,2026-07-14 08:18:51.879439+00,
to_truong,admin,export,f,2026-07-14 08:18:51.879439+00,
admin,admin,import,t,2026-07-14 08:18:51.879439+00,
phong_kt,admin,import,f,2026-07-14 08:18:51.879439+00,
phu_trach_dv,admin,import,f,2026-07-14 08:18:51.879439+00,
ktv,admin,import,f,2026-07-14 08:18:51.879439+00,
readonly,admin,import,f,2026-07-14 08:18:51.879439+00,
quan_ly_du_an,admin,import,f,2026-07-14 08:18:51.879439+00,
to_truong,admin,import,f,2026-07-14 08:18:51.879439+00,
admin,audit,view,t,2026-07-14 08:18:51.879439+00,
phong_kt,audit,view,t,2026-07-14 08:18:51.879439+00,
phu_trach_dv,audit,view,f,2026-07-14 08:18:51.879439+00,
ktv,audit,view,f,2026-07-14 08:18:51.879439+00,
readonly,audit,view,f,2026-07-14 08:18:51.879439+00,
quan_ly_du_an,audit,view,f,2026-07-14 08:18:51.879439+00,
to_truong,audit,view,f,2026-07-14 08:18:51.879439+00,
admin,audit,create,t,2026-07-14 08:18:51.879439+00,
phong_kt,audit,create,f,2026-07-14 08:18:51.879439+00,
phu_trach_dv,audit,create,f,2026-07-14 08:18:51.879439+00,
ktv,audit,create,f,2026-07-14 08:18:51.879439+00,
readonly,audit,create,f,2026-07-14 08:18:51.879439+00,
quan_ly_du_an,audit,create,f,2026-07-14 08:18:51.879439+00,
to_truong,audit,create,f,2026-07-14 08:18:51.879439+00,
admin,audit,edit,t,2026-07-14 08:18:51.879439+00,
phong_kt,audit,edit,f,2026-07-14 08:18:51.879439+00,
phu_trach_dv,audit,edit,f,2026-07-14 08:18:51.879439+00,
ktv,audit,edit,f,2026-07-14 08:18:51.879439+00,
readonly,audit,edit,f,2026-07-14 08:18:51.879439+00,
quan_ly_du_an,audit,edit,f,2026-07-14 08:18:51.879439+00,
to_truong,audit,edit,f,2026-07-14 08:18:51.879439+00,
admin,audit,delete,t,2026-07-14 08:18:51.879439+00,
phong_kt,audit,delete,f,2026-07-14 08:18:51.879439+00,
phu_trach_dv,audit,delete,f,2026-07-14 08:18:51.879439+00,
ktv,audit,delete,f,2026-07-14 08:18:51.879439+00,
readonly,audit,delete,f,2026-07-14 08:18:51.879439+00,
quan_ly_du_an,audit,delete,f,2026-07-14 08:18:51.879439+00,
to_truong,audit,delete,f,2026-07-14 08:18:51.879439+00,
admin,audit,approve,t,2026-07-14 08:18:51.879439+00,
phong_kt,audit,approve,t,2026-07-14 08:18:51.879439+00,
phu_trach_dv,audit,approve,f,2026-07-14 08:18:51.879439+00,
ktv,audit,approve,f,2026-07-14 08:18:51.879439+00,
readonly,audit,approve,f,2026-07-14 08:18:51.879439+00,
quan_ly_du_an,audit,approve,f,2026-07-14 08:18:51.879439+00,
to_truong,audit,approve,f,2026-07-14 08:18:51.879439+00,
admin,audit,export,t,2026-07-14 08:18:51.879439+00,
phong_kt,audit,export,t,2026-07-14 08:18:51.879439+00,
phu_trach_dv,audit,export,f,2026-07-14 08:18:51.879439+00,
ktv,audit,export,f,2026-07-14 08:18:51.879439+00,
readonly,audit,export,f,2026-07-14 08:18:51.879439+00,
quan_ly_du_an,audit,export,f,2026-07-14 08:18:51.879439+00,
to_truong,audit,export,f,2026-07-14 08:18:51.879439+00,
admin,audit,import,t,2026-07-14 08:18:51.879439+00,
phong_kt,audit,import,f,2026-07-14 08:18:51.879439+00,
phu_trach_dv,audit,import,f,2026-07-14 08:18:51.879439+00,
ktv,audit,import,f,2026-07-14 08:18:51.879439+00,
readonly,audit,import,f,2026-07-14 08:18:51.879439+00,
quan_ly_du_an,audit,import,f,2026-07-14 08:18:51.879439+00,
to_truong,audit,import,f,2026-07-14 08:18:51.879439+00,
admin,ai,view,t,2026-07-14 08:18:51.879439+00,
phong_kt,ai,view,t,2026-07-14 08:18:51.879439+00,
phu_trach_dv,ai,view,t,2026-07-14 08:18:51.879439+00,
ktv,ai,view,t,2026-07-14 08:18:51.879439+00,
readonly,ai,view,t,2026-07-14 08:18:51.879439+00,
quan_ly_du_an,ai,view,t,2026-07-14 08:18:51.879439+00,
to_truong,ai,view,t,2026-07-14 08:18:51.879439+00,
admin,ai,create,t,2026-07-14 08:18:51.879439+00,
phong_kt,ai,create,f,2026-07-14 08:18:51.879439+00,
phu_trach_dv,ai,create,t,2026-07-14 08:18:51.879439+00,
ktv,ai,create,t,2026-07-14 08:18:51.879439+00,
readonly,ai,create,f,2026-07-14 08:18:51.879439+00,
quan_ly_du_an,ai,create,t,2026-07-14 08:18:51.879439+00,
to_truong,ai,create,t,2026-07-14 08:18:51.879439+00,
admin,ai,edit,t,2026-07-14 08:18:51.879439+00,
phong_kt,ai,edit,f,2026-07-14 08:18:51.879439+00,
phu_trach_dv,ai,edit,t,2026-07-14 08:18:51.879439+00,
ktv,ai,edit,t,2026-07-14 08:18:51.879439+00,
readonly,ai,edit,f,2026-07-14 08:18:51.879439+00,
quan_ly_du_an,ai,edit,t,2026-07-14 08:18:51.879439+00,
to_truong,ai,edit,t,2026-07-14 08:18:51.879439+00,
admin,ai,delete,t,2026-07-14 08:18:51.879439+00,
phong_kt,ai,delete,f,2026-07-14 08:18:51.879439+00,
phu_trach_dv,ai,delete,f,2026-07-14 08:18:51.879439+00,
ktv,ai,delete,f,2026-07-14 08:18:51.879439+00,
readonly,ai,delete,f,2026-07-14 08:18:51.879439+00,
quan_ly_du_an,ai,delete,f,2026-07-14 08:18:51.879439+00,
to_truong,ai,delete,f,2026-07-14 08:18:51.879439+00,
admin,ai,approve,t,2026-07-14 08:18:51.879439+00,
phong_kt,ai,approve,t,2026-07-14 08:18:51.879439+00,
phu_trach_dv,ai,approve,t,2026-07-14 08:18:51.879439+00,
ktv,ai,approve,f,2026-07-14 08:18:51.879439+00,
readonly,ai,approve,f,2026-07-14 08:18:51.879439+00,
quan_ly_du_an,ai,approve,t,2026-07-14 08:18:51.879439+00,
to_truong,ai,approve,f,2026-07-14 08:18:51.879439+00,
admin,ai,export,t,2026-07-14 08:18:51.879439+00,
phong_kt,ai,export,t,2026-07-14 08:18:51.879439+00,
phu_trach_dv,ai,export,t,2026-07-14 08:18:51.879439+00,
ktv,ai,export,f,2026-07-14 08:18:51.879439+00,
readonly,ai,export,f,2026-07-14 08:18:51.879439+00,
quan_ly_du_an,ai,export,t,2026-07-14 08:18:51.879439+00,
to_truong,ai,export,t,2026-07-14 08:18:51.879439+00,
admin,ai,import,t,2026-07-14 08:18:51.879439+00,
phong_kt,ai,import,f,2026-07-14 08:18:51.879439+00,
phu_trach_dv,ai,import,f,2026-07-14 08:18:51.879439+00,
ktv,ai,import,f,2026-07-14 08:18:51.879439+00,
readonly,ai,import,f,2026-07-14 08:18:51.879439+00,
quan_ly_du_an,ai,import,f,2026-07-14 08:18:51.879439+00,
to_truong,ai,import,f,2026-07-14 08:18:51.879439+00,
admin,he_thong,force_delete,t,2026-07-14 11:11:39.202055+00,
